"block_zero","fault","run","rows"
0,1,1,960
1,1,2,960
2,1,3,960
3,1,15,960
4,1,23,960
5,1,39,960
6,1,79,960
7,1,82,960
8,1,85,960
9,1,101,960
10,1,113,960
11,1,123,960
12,1,126,960
13,1,130,960
14,1,154,960
15,1,155,960
16,1,168,960
17,1,173,960
18,1,185,960
19,1,196,960
20,1,199,960
21,1,216,960
22,1,218,960
23,1,225,960
24,1,226,960
25,1,257,960
26,1,266,960
27,1,281,960
28,1,310,960
29,1,312,960
30,1,317,960
31,1,321,960
32,1,322,960
33,1,338,960
34,1,377,960
35,1,378,960
36,1,381,960
37,1,384,960
38,1,400,960
39,1,401,960
40,1,405,960
41,1,410,960
42,1,418,960
43,1,426,960
44,1,433,960
45,1,444,960
46,1,456,960
47,1,463,960
48,1,478,960
49,1,492,960
50,2,1,960
51,2,2,960
52,2,3,960
53,2,15,960
54,2,23,960
55,2,39,960
56,2,79,960
57,2,82,960
58,2,85,960
59,2,101,960
60,2,113,960
61,2,123,960
62,2,126,960
63,2,130,960
64,2,154,960
65,2,155,960
66,2,168,960
67,2,173,960
68,2,185,960
69,2,196,960
70,2,199,960
71,2,216,960
72,2,218,960
73,2,225,960
74,2,226,960
75,2,257,960
76,2,266,960
77,2,281,960
78,2,310,960
79,2,312,960
80,2,317,960
81,2,321,960
82,2,322,960
83,2,338,960
84,2,377,960
85,2,378,960
86,2,381,960
87,2,384,960
88,2,400,960
89,2,401,960
90,2,405,960
91,2,410,960
92,2,418,960
93,2,426,960
94,2,433,960
95,2,444,960
96,2,456,960
97,2,463,960
98,2,478,960
99,2,492,960
100,3,1,960
101,3,2,960
102,3,3,960
103,3,15,960
104,3,23,960
105,3,39,960
106,3,79,960
107,3,82,960
108,3,85,960
109,3,101,960
110,3,113,960
111,3,123,960
112,3,126,960
113,3,130,960
114,3,154,960
115,3,155,960
116,3,168,960
117,3,173,960
118,3,185,960
119,3,196,960
120,3,199,960
121,3,216,960
122,3,218,960
123,3,225,960
124,3,226,960
125,3,257,960
126,3,266,960
127,3,281,960
128,3,310,960
129,3,312,960
130,3,317,960
131,3,321,960
132,3,322,960
133,3,338,960
134,3,377,960
135,3,378,960
136,3,381,960
137,3,384,960
138,3,400,960
139,3,401,960
140,3,405,960
141,3,410,960
142,3,418,960
143,3,426,960
144,3,433,960
145,3,444,960
146,3,456,960
147,3,463,960
148,3,478,960
149,3,492,960
150,4,1,960
151,4,2,960
152,4,3,960
153,4,15,960
154,4,23,960
155,4,39,960
156,4,79,960
157,4,82,960
158,4,85,960
159,4,101,960
160,4,113,960
161,4,123,960
162,4,126,960
163,4,130,960
164,4,154,960
165,4,155,960
166,4,168,960
167,4,173,960
168,4,185,960
169,4,196,960
170,4,199,960
171,4,216,960
172,4,218,960
173,4,225,960
174,4,226,960
175,4,257,960
176,4,266,960
177,4,281,960
178,4,310,960
179,4,312,960
180,4,317,960
181,4,321,960
182,4,322,960
183,4,338,960
184,4,377,960
185,4,378,960
186,4,381,960
187,4,384,960
188,4,400,960
189,4,401,960
190,4,405,960
191,4,410,960
192,4,418,960
193,4,426,960
194,4,433,960
195,4,444,960
196,4,456,960
197,4,463,960
198,4,478,960
199,4,492,960
200,5,1,960
201,5,2,960
202,5,3,960
203,5,15,960
204,5,23,960
205,5,39,960
206,5,79,960
207,5,82,960
208,5,85,960
209,5,101,960
210,5,113,960
211,5,123,960
212,5,126,960
213,5,130,960
214,5,154,960
215,5,155,960
216,5,168,960
217,5,173,960
218,5,185,960
219,5,196,960
220,5,199,960
221,5,216,960
222,5,218,960
223,5,225,960
224,5,226,960
225,5,257,960
226,5,266,960
227,5,281,960
228,5,310,960
229,5,312,960
230,5,317,960
231,5,321,960
232,5,322,960
233,5,338,960
234,5,377,960
235,5,378,960
236,5,381,960
237,5,384,960
238,5,400,960
239,5,401,960
240,5,405,960
241,5,410,960
242,5,418,960
243,5,426,960
244,5,433,960
245,5,444,960
246,5,456,960
247,5,463,960
248,5,478,960
249,5,492,960
250,6,1,960
251,6,2,960
252,6,3,960
253,6,15,960
254,6,23,960
255,6,39,960
256,6,79,960
257,6,82,960
258,6,85,960
259,6,101,960
260,6,113,960
261,6,123,960
262,6,126,960
263,6,130,960
264,6,154,960
265,6,155,960
266,6,168,960
267,6,173,960
268,6,185,960
269,6,196,960
270,6,199,960
271,6,216,960
272,6,218,960
273,6,225,960
274,6,226,960
275,6,257,960
276,6,266,960
277,6,281,960
278,6,310,960
279,6,312,960
280,6,317,960
281,6,321,960
282,6,322,960
283,6,338,960
284,6,377,960
285,6,378,960
286,6,381,960
287,6,384,960
288,6,400,960
289,6,401,960
290,6,405,960
291,6,410,960
292,6,418,960
293,6,426,960
294,6,433,960
295,6,444,960
296,6,456,960
297,6,463,960
298,6,478,960
299,6,492,960
300,7,1,960
301,7,2,960
302,7,3,960
303,7,15,960
304,7,23,960
305,7,39,960
306,7,79,960
307,7,82,960
308,7,85,960
309,7,101,960
310,7,113,960
311,7,123,960
312,7,126,960
313,7,130,960
314,7,154,960
315,7,155,960
316,7,168,960
317,7,173,960
318,7,185,960
319,7,196,960
320,7,199,960
321,7,216,960
322,7,218,960
323,7,225,960
324,7,226,960
325,7,257,960
326,7,266,960
327,7,281,960
328,7,310,960
329,7,312,960
330,7,317,960
331,7,321,960
332,7,322,960
333,7,338,960
334,7,377,960
335,7,378,960
336,7,381,960
337,7,384,960
338,7,400,960
339,7,401,960
340,7,405,960
341,7,410,960
342,7,418,960
343,7,426,960
344,7,433,960
345,7,444,960
346,7,456,960
347,7,463,960
348,7,478,960
349,7,492,960
350,8,1,960
351,8,2,960
352,8,3,960
353,8,15,960
354,8,23,960
355,8,39,960
356,8,79,960
357,8,82,960
358,8,85,960
359,8,101,960
360,8,113,960
361,8,123,960
362,8,126,960
363,8,130,960
364,8,154,960
365,8,155,960
366,8,168,960
367,8,173,960
368,8,185,960
369,8,196,960
370,8,199,960
371,8,216,960
372,8,218,960
373,8,225,960
374,8,226,960
375,8,257,960
376,8,266,960
377,8,281,960
378,8,310,960
379,8,312,960
380,8,317,960
381,8,321,960
382,8,322,960
383,8,338,960
384,8,377,960
385,8,378,960
386,8,381,960
387,8,384,960
388,8,400,960
389,8,401,960
390,8,405,960
391,8,410,960
392,8,418,960
393,8,426,960
394,8,433,960
395,8,444,960
396,8,456,960
397,8,463,960
398,8,478,960
399,8,492,960
400,9,1,960
401,9,2,960
402,9,3,960
403,9,15,960
404,9,23,960
405,9,39,960
406,9,79,960
407,9,82,960
408,9,85,960
409,9,101,960
410,9,113,960
411,9,123,960
412,9,126,960
413,9,130,960
414,9,154,960
415,9,155,960
416,9,168,960
417,9,173,960
418,9,185,960
419,9,196,960
420,9,199,960
421,9,216,960
422,9,218,960
423,9,225,960
424,9,226,960
425,9,257,960
426,9,266,960
427,9,281,960
428,9,310,960
429,9,312,960
430,9,317,960
431,9,321,960
432,9,322,960
433,9,338,960
434,9,377,960
435,9,378,960
436,9,381,960
437,9,384,960
438,9,400,960
439,9,401,960
440,9,405,960
441,9,410,960
442,9,418,960
443,9,426,960
444,9,433,960
445,9,444,960
446,9,456,960
447,9,463,960
448,9,478,960
449,9,492,960
450,10,1,960
451,10,2,960
452,10,3,960
453,10,15,960
454,10,23,960
455,10,39,960
456,10,79,960
457,10,82,960
458,10,85,960
459,10,101,960
460,10,113,960
461,10,123,960
462,10,126,960
463,10,130,960
464,10,154,960
465,10,155,960
466,10,168,960
467,10,173,960
468,10,185,960
469,10,196,960
470,10,199,960
471,10,216,960
472,10,218,960
473,10,225,960
474,10,226,960
475,10,257,960
476,10,266,960
477,10,281,960
478,10,310,960
479,10,312,960
480,10,317,960
481,10,321,960
482,10,322,960
483,10,338,960
484,10,377,960
485,10,378,960
486,10,381,960
487,10,384,960
488,10,400,960
489,10,401,960
490,10,405,960
491,10,410,960
492,10,418,960
493,10,426,960
494,10,433,960
495,10,444,960
496,10,456,960
497,10,463,960
498,10,478,960
499,10,492,960
500,11,1,960
501,11,2,960
502,11,3,960
503,11,15,960
504,11,23,960
505,11,39,960
506,11,79,960
507,11,82,960
508,11,85,960
509,11,101,960
510,11,113,960
511,11,123,960
512,11,126,960
513,11,130,960
514,11,154,960
515,11,155,960
516,11,168,960
517,11,173,960
518,11,185,960
519,11,196,960
520,11,199,960
521,11,216,960
522,11,218,960
523,11,225,960
524,11,226,960
525,11,257,960
526,11,266,960
527,11,281,960
528,11,310,960
529,11,312,960
530,11,317,960
531,11,321,960
532,11,322,960
533,11,338,960
534,11,377,960
535,11,378,960
536,11,381,960
537,11,384,960
538,11,400,960
539,11,401,960
540,11,405,960
541,11,410,960
542,11,418,960
543,11,426,960
544,11,433,960
545,11,444,960
546,11,456,960
547,11,463,960
548,11,478,960
549,11,492,960
550,12,1,960
551,12,2,960
552,12,3,960
553,12,15,960
554,12,23,960
555,12,39,960
556,12,79,960
557,12,82,960
558,12,85,960
559,12,101,960
560,12,113,960
561,12,123,960
562,12,126,960
563,12,130,960
564,12,154,960
565,12,155,960
566,12,168,960
567,12,173,960
568,12,185,960
569,12,196,960
570,12,199,960
571,12,216,960
572,12,218,960
573,12,225,960
574,12,226,960
575,12,257,960
576,12,266,960
577,12,281,960
578,12,310,960
579,12,312,960
580,12,317,960
581,12,321,960
582,12,322,960
583,12,338,960
584,12,377,960
585,12,378,960
586,12,381,960
587,12,384,960
588,12,400,960
589,12,401,960
590,12,405,960
591,12,410,960
592,12,418,960
593,12,426,960
594,12,433,960
595,12,444,960
596,12,456,960
597,12,463,960
598,12,478,960
599,12,492,960
600,13,1,960
601,13,2,960
602,13,3,960
603,13,15,960
604,13,23,960
605,13,39,960
606,13,79,960
607,13,82,960
608,13,85,960
609,13,101,960
610,13,113,960
611,13,123,960
612,13,126,960
613,13,130,960
614,13,154,960
615,13,155,960
616,13,168,960
617,13,173,960
618,13,185,960
619,13,196,960
620,13,199,960
621,13,216,960
622,13,218,960
623,13,225,960
624,13,226,960
625,13,257,960
626,13,266,960
627,13,281,960
628,13,310,960
629,13,312,960
630,13,317,960
631,13,321,960
632,13,322,960
633,13,338,960
634,13,377,960
635,13,378,960
636,13,381,960
637,13,384,960
638,13,400,960
639,13,401,960
640,13,405,960
641,13,410,960
642,13,418,960
643,13,426,960
644,13,433,960
645,13,444,960
646,13,456,960
647,13,463,960
648,13,478,960
649,13,492,960
650,14,1,960
651,14,2,960
652,14,3,960
653,14,15,960
654,14,23,960
655,14,39,960
656,14,79,960
657,14,82,960
658,14,85,960
659,14,101,960
660,14,113,960
661,14,123,960
662,14,126,960
663,14,130,960
664,14,154,960
665,14,155,960
666,14,168,960
667,14,173,960
668,14,185,960
669,14,196,960
670,14,199,960
671,14,216,960
672,14,218,960
673,14,225,960
674,14,226,960
675,14,257,960
676,14,266,960
677,14,281,960
678,14,310,960
679,14,312,960
680,14,317,960
681,14,321,960
682,14,322,960
683,14,338,960
684,14,377,960
685,14,378,960
686,14,381,960
687,14,384,960
688,14,400,960
689,14,401,960
690,14,405,960
691,14,410,960
692,14,418,960
693,14,426,960
694,14,433,960
695,14,444,960
696,14,456,960
697,14,463,960
698,14,478,960
699,14,492,960
700,15,1,960
701,15,2,960
702,15,3,960
703,15,15,960
704,15,23,960
705,15,39,960
706,15,79,960
707,15,82,960
708,15,85,960
709,15,101,960
710,15,113,960
711,15,123,960
712,15,126,960
713,15,130,960
714,15,154,960
715,15,155,960
716,15,168,960
717,15,173,960
718,15,185,960
719,15,196,960
720,15,199,960
721,15,216,960
722,15,218,960
723,15,225,960
724,15,226,960
725,15,257,960
726,15,266,960
727,15,281,960
728,15,310,960
729,15,312,960
730,15,317,960
731,15,321,960
732,15,322,960
733,15,338,960
734,15,377,960
735,15,378,960
736,15,381,960
737,15,384,960
738,15,400,960
739,15,401,960
740,15,405,960
741,15,410,960
742,15,418,960
743,15,426,960
744,15,433,960
745,15,444,960
746,15,456,960
747,15,463,960
748,15,478,960
749,15,492,960
750,16,1,960
751,16,2,960
752,16,3,960
753,16,15,960
754,16,23,960
755,16,39,960
756,16,79,960
757,16,82,960
758,16,85,960
759,16,101,960
760,16,113,960
761,16,123,960
762,16,126,960
763,16,130,960
764,16,154,960
765,16,155,960
766,16,168,960
767,16,173,960
768,16,185,960
769,16,196,960
770,16,199,960
771,16,216,960
772,16,218,960
773,16,225,960
774,16,226,960
775,16,257,960
776,16,266,960
777,16,281,960
778,16,310,960
779,16,312,960
780,16,317,960
781,16,321,960
782,16,322,960
783,16,338,960
784,16,377,960
785,16,378,960
786,16,381,960
787,16,384,960
788,16,400,960
789,16,401,960
790,16,405,960
791,16,410,960
792,16,418,960
793,16,426,960
794,16,433,960
795,16,444,960
796,16,456,960
797,16,463,960
798,16,478,960
799,16,492,960
800,17,1,960
801,17,2,960
802,17,3,960
803,17,15,960
804,17,23,960
805,17,39,960
806,17,79,960
807,17,82,960
808,17,85,960
809,17,101,960
810,17,113,960
811,17,123,960
812,17,126,960
813,17,130,960
814,17,154,960
815,17,155,960
816,17,168,960
817,17,173,960
818,17,185,960
819,17,196,960
820,17,199,960
821,17,216,960
822,17,218,960
823,17,225,960
824,17,226,960
825,17,257,960
826,17,266,960
827,17,281,960
828,17,310,960
829,17,312,960
830,17,317,960
831,17,321,960
832,17,322,960
833,17,338,960
834,17,377,960
835,17,378,960
836,17,381,960
837,17,384,960
838,17,400,960
839,17,401,960
840,17,405,960
841,17,410,960
842,17,418,960
843,17,426,960
844,17,433,960
845,17,444,960
846,17,456,960
847,17,463,960
848,17,478,960
849,17,492,960
850,18,1,960
851,18,2,960
852,18,3,960
853,18,15,960
854,18,23,960
855,18,39,960
856,18,79,960
857,18,82,960
858,18,85,960
859,18,101,960
860,18,113,960
861,18,123,960
862,18,126,960
863,18,130,960
864,18,154,960
865,18,155,960
866,18,168,960
867,18,173,960
868,18,185,960
869,18,196,960
870,18,199,960
871,18,216,960
872,18,218,960
873,18,225,960
874,18,226,960
875,18,257,960
876,18,266,960
877,18,281,960
878,18,310,960
879,18,312,960
880,18,317,960
881,18,321,960
882,18,322,960
883,18,338,960
884,18,377,960
885,18,378,960
886,18,381,960
887,18,384,960
888,18,400,960
889,18,401,960
890,18,405,960
891,18,410,960
892,18,418,960
893,18,426,960
894,18,433,960
895,18,444,960
896,18,456,960
897,18,463,960
898,18,478,960
899,18,492,960
900,19,1,960
901,19,2,960
902,19,3,960
903,19,15,960
904,19,23,960
905,19,39,960
906,19,79,960
907,19,82,960
908,19,85,960
909,19,101,960
910,19,113,960
911,19,123,960
912,19,126,960
913,19,130,960
914,19,154,960
915,19,155,960
916,19,168,960
917,19,173,960
918,19,185,960
919,19,196,960
920,19,199,960
921,19,216,960
922,19,218,960
923,19,225,960
924,19,226,960
925,19,257,960
926,19,266,960
927,19,281,960
928,19,310,960
929,19,312,960
930,19,317,960
931,19,321,960
932,19,322,960
933,19,338,960
934,19,377,960
935,19,378,960
936,19,381,960
937,19,384,960
938,19,400,960
939,19,401,960
940,19,405,960
941,19,410,960
942,19,418,960
943,19,426,960
944,19,433,960
945,19,444,960
946,19,456,960
947,19,463,960
948,19,478,960
949,19,492,960
950,20,1,960
951,20,2,960
952,20,3,960
953,20,15,960
954,20,23,960
955,20,39,960
956,20,79,960
957,20,82,960
958,20,85,960
959,20,101,960
960,20,113,960
961,20,123,960
962,20,126,960
963,20,130,960
964,20,154,960
965,20,155,960
966,20,168,960
967,20,173,960
968,20,185,960
969,20,196,960
970,20,199,960
971,20,216,960
972,20,218,960
973,20,225,960
974,20,226,960
975,20,257,960
976,20,266,960
977,20,281,960
978,20,310,960
979,20,312,960
980,20,317,960
981,20,321,960
982,20,322,960
983,20,338,960
984,20,377,960
985,20,378,960
986,20,381,960
987,20,384,960
988,20,400,960
989,20,401,960
990,20,405,960
991,20,410,960
992,20,418,960
993,20,426,960
994,20,433,960
995,20,444,960
996,20,456,960
997,20,463,960
998,20,478,960
999,20,492,960
