fault,run,kind,reference,horizon,Dr_detected,reference_detected,delay_minutes,case_time,bottleneck_loss_time,response_target,response_channel,ES,EJ,D,c_squared,minus_2rc,normal_mean_D,Dr_alarm_fraction,Dr_longest_alarm_minutes
3,1,Dr_miss,,full,False,,,468,468,42,xmv_2,0.6163724049786019,0.5155787089133241,-0.10079369606527777,0.3062388448645444,-0.4070325409298213,-0.38795068291556445,0.0,0
3,310,gained_shortest,S_QTE,full,True,False,117,199,197,7,xmeas_8,0.8275978511344615,1.0904488134924732,0.2628509623580121,0.21011182155200803,0.05273914080600417,-0.09516403596990898,0.05625,84
3,101,gained_longest,S_QTE,full,True,False,2241,907,906,25,xmeas_26,0.3992718255022236,0.577534356269048,0.17826253076682574,0.17279118265927068,0.005471348107556362,-0.17045709237242426,0.0075,18
3,154,reference_only,S_QTE,full,False,True,,874,872,20,xmeas_21,0.5123752276789926,0.31419605458566036,-0.19817917309332866,0.681651596671451,-0.879830769764781,-0.6901830645554249,0.0,0
3,199,gained_shortest,Jr_QTE,full,True,False,129,203,202,21,xmeas_22,0.4543643671492785,0.38462373814428297,-0.06974062900499578,0.3233691793922215,-0.393109808397217,-0.5983214798177796,0.01,21
3,168,gained_longest,Jr_QTE,full,True,False,2178,886,884,17,xmeas_18,0.06838528225575224,0.07155577778735822,0.0031704955316059213,0.008741689791133555,-0.005571194259527572,-0.011405797508583466,0.00375,9
3,2,reference_only,Jr_QTE,full,False,True,,606,605,20,xmeas_21,0.5574221303471933,0.35163282509617866,-0.20578930525101669,0.5464127611612724,-0.7522020664122884,-0.6901830645554249,0.0,0
3,199,gained_shortest,PairError-QTE,full,True,False,129,203,202,21,xmeas_22,0.4543643671492785,0.38462373814428297,-0.06974062900499578,0.3233691793922215,-0.393109808397217,-0.5983214798177796,0.01,21
3,168,gained_longest,PairError-QTE,full,True,False,2178,886,884,17,xmeas_18,0.06838528225575224,0.07155577778735822,0.0031704955316059213,0.008741689791133555,-0.005571194259527572,-0.011405797508583466,0.00375,9
3,2,reference_only,PairError-QTE,full,False,True,,606,605,20,xmeas_21,0.5574221303471933,0.35163282509617866,-0.20578930525101669,0.5464127611612724,-0.7522020664122884,-0.6901830645554249,0.0,0
3,199,gained_shortest,PCA-SPE,full,True,False,129,203,202,21,xmeas_22,0.4543643671492785,0.38462373814428297,-0.06974062900499578,0.3233691793922215,-0.393109808397217,-0.5983214798177796,0.01,21
3,410,gained_longest,PCA-SPE,full,True,False,2232,904,903,20,xmeas_21,0.500763255877251,0.3410286716296307,-0.15973458424761766,0.527102292363065,-0.6868368766106825,-0.6901830645554249,0.005,9
3,1,reference_only,PCA-SPE,full,False,True,,468,468,42,xmv_2,0.6163724049786019,0.5155787089133241,-0.10079369606527777,0.3062388448645444,-0.4070325409298213,-0.38795068291556445,0.0,0
9,15,Dr_miss,,full,False,,,946,944,20,xmeas_21,0.6759549975412806,0.4944372351530486,-0.18151776238823825,0.7334833347907123,-0.9150010971789438,-0.6901830645554249,0.0,0
9,310,gained_shortest,S_QTE,full,True,False,117,199,197,7,xmeas_8,0.8253364340931704,1.0809151778405433,0.25557874374737394,0.20184911777736653,0.05372962597000738,-0.09516403596990898,0.08625,132
9,426,gained_longest,S_QTE,full,True,False,2292,924,922,41,xmv_1,0.7233244631735083,0.6918960262493838,-0.03142843692411912,0.5660828180831758,-0.5975112550072972,-0.46263844843248975,0.045,108
9,154,reference_only,S_QTE,full,False,True,,420,420,1,xmeas_2,0.6007128614624575,0.5529636140564329,-0.04774924740602682,0.3072656598976723,-0.355014907303697,-0.46888570390099465,0.0,0
9,15,reference_only,Jr_QTE,full,False,True,,946,944,20,xmeas_21,0.6759549975412806,0.4944372351530486,-0.18151776238823825,0.7334833347907123,-0.9150010971789438,-0.6901830645554249,0.0,0
9,15,reference_only,PairError-QTE,full,False,True,,946,944,20,xmeas_21,0.6759549975412806,0.4944372351530486,-0.18151776238823825,0.7334833347907123,-0.9150010971789438,-0.6901830645554249,0.0,0
9,199,gained_shortest,PCA-SPE,full,True,False,144,208,206,21,xmeas_22,0.4348076446146094,0.36568242616487623,-0.0691252184497333,0.3262130289678046,-0.39533824741753787,-0.5983214798177796,0.045,54
9,426,gained_longest,PCA-SPE,full,True,False,2292,924,922,41,xmv_1,0.7233244631735083,0.6918960262493838,-0.03142843692411912,0.5660828180831758,-0.5975112550072972,-0.46263844843248975,0.045,108
9,154,reference_only,PCA-SPE,full,False,True,,420,420,1,xmeas_2,0.6007128614624575,0.5529636140564329,-0.04774924740602682,0.3072656598976723,-0.355014907303697,-0.46888570390099465,0.0,0
15,1,Dr_miss,,full,False,,,466,466,42,xmv_2,0.5883522139203015,0.4699667122211397,-0.11838550169915596,0.2850079248052096,-0.40339342650436677,-0.38795068291556445,0.0,0
15,310,gained_shortest,S_QTE,full,True,False,120,200,198,7,xmeas_8,0.8005602110224266,1.0619916282290571,0.2614314172066307,0.19595743303890636,0.06547398416772436,-0.09516403596990898,0.00625,15
15,463,gained_longest,S_QTE,full,True,False,2376,952,950,4,xmeas_5,0.7033867423465647,0.7300018947221041,0.026615152375542017,0.151090566984533,-0.12447541460898766,-0.3334668881825549,0.01,24
15,154,reference_only,S_QTE,full,False,True,,167,167,19,xmeas_20,0.024443867829452626,0.023195023342872503,-0.0012488444865801362,0.024393571251307207,-0.025642415737887336,-0.0286620057296159,0.0,0
15,310,gained_shortest,Jr_QTE,full,True,False,120,200,198,7,xmeas_8,0.8005602110224266,1.0619916282290571,0.2614314172066307,0.19595743303890636,0.06547398416772436,-0.09516403596990898,0.00625,15
15,463,gained_longest,Jr_QTE,full,True,False,2376,952,950,4,xmeas_5,0.7033867423465647,0.7300018947221041,0.026615152375542017,0.151090566984533,-0.12447541460898766,-0.3334668881825549,0.01,24
15,154,reference_only,Jr_QTE,full,False,True,,167,167,19,xmeas_20,0.024443867829452626,0.023195023342872503,-0.0012488444865801362,0.024393571251307207,-0.025642415737887336,-0.0286620057296159,0.0,0
15,310,gained_shortest,PairError-QTE,full,True,False,120,200,198,7,xmeas_8,0.8005602110224266,1.0619916282290571,0.2614314172066307,0.19595743303890636,0.06547398416772436,-0.09516403596990898,0.00625,15
15,463,gained_longest,PairError-QTE,full,True,False,2376,952,950,4,xmeas_5,0.7033867423465647,0.7300018947221041,0.026615152375542017,0.151090566984533,-0.12447541460898766,-0.3334668881825549,0.01,24
15,154,reference_only,PairError-QTE,full,False,True,,167,167,19,xmeas_20,0.024443867829452626,0.023195023342872503,-0.0012488444865801362,0.024393571251307207,-0.025642415737887336,-0.0286620057296159,0.0,0
15,225,gained_shortest,PCA-SPE,full,True,False,486,322,320,18,xmeas_19,0.9330073398799812,0.970248869036089,0.03724152915610784,0.024610156217576156,0.012631372938531737,-0.017005983333143185,0.055,132
15,226,gained_longest,PCA-SPE,full,True,False,2304,928,926,1,xmeas_2,0.4888476936841517,0.45042889569388134,-0.03841879799028014,0.30880752653240817,-0.34722632452268726,-0.46888570390099465,0.005,12
15,1,reference_only,PCA-SPE,full,False,True,,466,466,42,xmv_2,0.5883522139203015,0.4699667122211397,-0.11838550169915596,0.2850079248052096,-0.40339342650436677,-0.38795068291556445,0.0,0
3,1,Dr_miss,,early,False,,,190,190,37,xmeas_38,0.21307391344463966,0.2720293000181258,0.058955386573486035,0.046958499242284506,0.011996887331201536,-0.017372234867704336,0.0,0
3,79,gained_shortest,S_QTE,early,True,False,81,187,185,7,xmeas_8,0.9039073741710595,1.1796952928519402,0.27578791868087993,0.13659738619980655,0.13919053248107338,-0.09516403596990898,0.0875,21
3,82,gained_longest,S_QTE,early,True,False,162,214,212,20,xmeas_21,0.4485021716713675,0.27671684819256187,-0.17178532347880449,0.7146649435798882,-0.8864502670586937,-0.6901830645554249,0.1625,39
3,401,reference_only,S_QTE,early,False,True,,217,215,48,xmv_8,0.5980235007691799,0.012107681521708543,-0.5859158192474703,0.6266886990761471,-1.212604518323618,-1.002522534829997,0.0,0
3,79,gained_shortest,Jr_QTE,early,True,False,81,187,185,7,xmeas_8,0.9039073741710595,1.1796952928519402,0.27578791868087993,0.13659738619980655,0.13919053248107338,-0.09516403596990898,0.0875,21
3,82,gained_longest,Jr_QTE,early,True,False,162,214,212,20,xmeas_21,0.4485021716713675,0.27671684819256187,-0.17178532347880449,0.7146649435798882,-0.8864502670586937,-0.6901830645554249,0.1625,39
3,401,reference_only,Jr_QTE,early,False,True,,217,215,48,xmv_8,0.5980235007691799,0.012107681521708543,-0.5859158192474703,0.6266886990761471,-1.212604518323618,-1.002522534829997,0.0,0
3,79,gained_shortest,PairError-QTE,early,True,False,81,187,185,7,xmeas_8,0.9039073741710595,1.1796952928519402,0.27578791868087993,0.13659738619980655,0.13919053248107338,-0.09516403596990898,0.0875,21
3,82,gained_longest,PairError-QTE,early,True,False,162,214,212,20,xmeas_21,0.4485021716713675,0.27671684819256187,-0.17178532347880449,0.7146649435798882,-0.8864502670586937,-0.6901830645554249,0.1625,39
3,401,reference_only,PairError-QTE,early,False,True,,217,215,48,xmv_8,0.5980235007691799,0.012107681521708543,-0.5859158192474703,0.6266886990761471,-1.212604518323618,-1.002522534829997,0.0,0
3,185,gained_shortest,PCA-SPE,early,True,False,117,199,197,41,xmv_1,0.46345385430805863,0.43680886624759807,-0.02664498806046056,0.4322127935173123,-0.4588577815777729,-0.46263844843248975,0.0375,9
3,82,gained_longest,PCA-SPE,early,True,False,162,214,212,20,xmeas_21,0.4485021716713675,0.27671684819256187,-0.17178532347880449,0.7146649435798882,-0.8864502670586937,-0.6901830645554249,0.1625,39
3,1,reference_only,PCA-SPE,early,False,True,,190,190,37,xmeas_38,0.21307391344463966,0.2720293000181258,0.058955386573486035,0.046958499242284506,0.011996887331201536,-0.017372234867704336,0.0,0
9,1,Dr_miss,,early,False,,,228,226,20,xmeas_21,0.6850220551249417,0.49291628927509346,-0.1921057658498475,0.7127436962679601,-0.9048494621178074,-0.6901830645554249,0.0,0
9,79,gained_shortest,S_QTE,early,True,False,81,187,185,7,xmeas_8,0.9064159277718387,1.1697811311968387,0.26336520342499964,0.1298057365529682,0.1335594668720314,-0.09516403596990898,0.075,18
9,381,gained_longest,S_QTE,early,True,False,162,214,212,1,xmeas_2,0.8207823852783844,0.801003963602222,-0.019778421676163838,0.5331623443454003,-0.552940766021564,-0.46888570390099465,0.2875,69
9,185,reference_only,S_QTE,early,False,True,,200,200,41,xmv_1,0.42191851189257523,0.35632047375079245,-0.06559803814178156,0.3388321550750595,-0.40443019321684126,-0.46263844843248975,0.0,0
9,79,gained_shortest,Jr_QTE,early,True,False,81,187,185,7,xmeas_8,0.9064159277718387,1.1697811311968387,0.26336520342499964,0.1298057365529682,0.1335594668720314,-0.09516403596990898,0.075,18
9,39,gained_longest,Jr_QTE,early,True,False,150,210,208,1,xmeas_2,0.5255769227083256,0.4804632428785075,-0.04511367982981884,0.3011838914587216,-0.34629757128854044,-0.46888570390099465,0.1625,39
9,1,reference_only,Jr_QTE,early,False,True,,228,226,20,xmeas_21,0.6850220551249417,0.49291628927509346,-0.1921057658498475,0.7127436962679601,-0.9048494621178074,-0.6901830645554249,0.0,0
9,79,gained_shortest,PairError-QTE,early,True,False,81,187,185,7,xmeas_8,0.9064159277718387,1.1697811311968387,0.26336520342499964,0.1298057365529682,0.1335594668720314,-0.09516403596990898,0.075,18
9,39,gained_longest,PairError-QTE,early,True,False,150,210,208,1,xmeas_2,0.5255769227083256,0.4804632428785075,-0.04511367982981884,0.3011838914587216,-0.34629757128854044,-0.46888570390099465,0.1625,39
9,1,reference_only,PairError-QTE,early,False,True,,228,226,20,xmeas_21,0.6850220551249417,0.49291628927509346,-0.1921057658498475,0.7127436962679601,-0.9048494621178074,-0.6901830645554249,0.0,0
9,79,gained_shortest,PCA-SPE,early,True,False,81,187,185,7,xmeas_8,0.9064159277718387,1.1697811311968387,0.26336520342499964,0.1298057365529682,0.1335594668720314,-0.09516403596990898,0.075,18
9,381,gained_longest,PCA-SPE,early,True,False,162,214,212,1,xmeas_2,0.8207823852783844,0.801003963602222,-0.019778421676163838,0.5331623443454003,-0.552940766021564,-0.46888570390099465,0.2875,69
9,1,reference_only,PCA-SPE,early,False,True,,228,226,20,xmeas_21,0.6850220551249417,0.49291628927509346,-0.1921057658498475,0.7127436962679601,-0.9048494621178074,-0.6901830645554249,0.0,0
10,15,Dr_miss,,early,False,,,237,237,17,xmeas_18,0.0355296462373826,0.03443455517464391,-0.0010950910627387164,0.036674117631461334,-0.037769208694200036,-0.011405797508583466,0.0,0
10,338,gained_shortest,S_QTE,early,True,False,30,170,168,17,xmeas_18,0.0322290576611066,0.03852721524790292,0.006298157586796355,0.009140899674562697,-0.0028427420877663477,-0.011405797508583466,0.875,210
10,321,gained_longest,S_QTE,early,True,False,201,227,225,17,xmeas_18,0.029918152123606732,0.03385464558934424,0.003936493465737576,0.016399409458085365,-0.0124629159923478,-0.011405797508583466,0.1625,39
10,322,gained_shortest,Jr_QTE,early,True,False,93,191,189,17,xmeas_18,0.017647996205167785,0.02122637406767021,0.0035783778625024174,0.013299745800889929,-0.0097213679383875,-0.011405797508583466,0.6125,147
10,321,gained_longest,Jr_QTE,early,True,False,201,227,225,17,xmeas_18,0.029918152123606732,0.03385464558934424,0.003936493465737576,0.016399409458085365,-0.0124629159923478,-0.011405797508583466,0.1625,39
10,322,gained_shortest,PCA-SPE,early,True,False,93,191,189,17,xmeas_18,0.017647996205167785,0.02122637406767021,0.0035783778625024174,0.013299745800889929,-0.0097213679383875,-0.011405797508583466,0.6125,147
10,321,gained_longest,PCA-SPE,early,True,False,201,227,225,17,xmeas_18,0.029918152123606732,0.03385464558934424,0.003936493465737576,0.016399409458085365,-0.0124629159923478,-0.011405797508583466,0.1625,39
12,384,Dr_miss,,early,False,,,208,207,1,xmeas_2,0.7868675201987945,0.7055889837448487,-0.08127853645394523,0.7113592129960844,-0.7926377494500297,-0.46888570390099465,0.0,0
12,384,reference_only,S_QTE,early,False,True,,208,207,1,xmeas_2,0.7868675201987945,0.7055889837448487,-0.08127853645394523,0.7113592129960844,-0.7926377494500297,-0.46888570390099465,0.0,0
12,384,reference_only,Jr_QTE,early,False,True,,208,207,1,xmeas_2,0.7868675201987945,0.7055889837448487,-0.08127853645394523,0.7113592129960844,-0.7926377494500297,-0.46888570390099465,0.0,0
12,384,reference_only,PairError-QTE,early,False,True,,208,207,1,xmeas_2,0.7868675201987945,0.7055889837448487,-0.08127853645394523,0.7113592129960844,-0.7926377494500297,-0.46888570390099465,0.0,0
12,384,reference_only,PCA-SPE,early,False,True,,208,207,1,xmeas_2,0.7868675201987945,0.7055889837448487,-0.08127853645394523,0.7113592129960844,-0.7926377494500297,-0.46888570390099465,0.0,0
13,281,Dr_miss,,early,False,,,239,237,46,xmv_6,0.34606015948939395,0.12690315342161135,-0.21915700606778254,0.29175551564204005,-0.510912521709823,-0.5540781319617941,0.0,0
13,199,gained_shortest,S_QTE,early,True,False,147,209,207,21,xmeas_22,0.40614702984209083,0.35776038028909907,-0.048386649552991434,0.3005324248143859,-0.34891907436737746,-0.5983214798177796,0.3875,93
13,321,gained_longest,S_QTE,early,True,False,231,237,235,30,xmeas_31,0.4686785669268002,0.6507445584128629,0.1820659914860633,0.14839436294218092,0.03367162854388233,-0.03954370164297449,0.0375,9
13,85,gained_shortest,PCA-SPE,early,True,False,162,214,212,25,xmeas_26,0.4880280933212988,0.6659011379347222,0.17787304461342415,0.1815850847767321,-0.0037120401633079433,-0.17045709237242426,0.15,30
13,321,gained_longest,PCA-SPE,early,True,False,231,237,235,30,xmeas_31,0.4686785669268002,0.6507445584128629,0.1820659914860633,0.14839436294218092,0.03367162854388233,-0.03954370164297449,0.0375,9
13,281,reference_only,PCA-SPE,early,False,True,,239,237,46,xmv_6,0.34606015948939395,0.12690315342161135,-0.21915700606778254,0.29175551564204005,-0.510912521709823,-0.5540781319617941,0.0,0
15,1,Dr_miss,,early,False,,,190,190,37,xmeas_38,0.20847232397495452,0.26797258812964303,0.0595002641546885,0.04713035673762653,0.012369907417062002,-0.017372234867704336,0.0,0
15,79,gained_shortest,S_QTE,early,True,False,81,187,185,7,xmeas_8,0.899837143896655,1.1646763176480457,0.26483917375138877,0.13046313591873082,0.13437603783265784,-0.09516403596990898,0.075,18
15,199,gained_longest,S_QTE,early,True,False,147,209,209,21,xmeas_22,0.46242151351873373,0.39501963725398337,-0.06740187626474925,0.38384980949545316,-0.45125168576020297,-0.5983214798177796,0.0375,9
15,185,reference_only,S_QTE,early,False,True,,200,200,41,xmv_1,0.4231681677237811,0.35087288863798893,-0.07229527908579136,0.34561293144403843,-0.41790821052982996,-0.46263844843248975,0.0,0
15,79,gained_shortest,Jr_QTE,early,True,False,81,187,185,7,xmeas_8,0.899837143896655,1.1646763176480457,0.26483917375138877,0.13046313591873082,0.13437603783265784,-0.09516403596990898,0.075,18
15,199,gained_longest,Jr_QTE,early,True,False,147,209,209,21,xmeas_22,0.46242151351873373,0.39501963725398337,-0.06740187626474925,0.38384980949545316,-0.45125168576020297,-0.5983214798177796,0.0375,9
15,185,reference_only,Jr_QTE,early,False,True,,200,200,41,xmv_1,0.4231681677237811,0.35087288863798893,-0.07229527908579136,0.34561293144403843,-0.41790821052982996,-0.46263844843248975,0.0,0
15,79,gained_shortest,PairError-QTE,early,True,False,81,187,185,7,xmeas_8,0.899837143896655,1.1646763176480457,0.26483917375138877,0.13046313591873082,0.13437603783265784,-0.09516403596990898,0.075,18
15,199,gained_longest,PairError-QTE,early,True,False,147,209,209,21,xmeas_22,0.46242151351873373,0.39501963725398337,-0.06740187626474925,0.38384980949545316,-0.45125168576020297,-0.5983214798177796,0.0375,9
15,185,reference_only,PairError-QTE,early,False,True,,200,200,41,xmv_1,0.4231681677237811,0.35087288863798893,-0.07229527908579136,0.34561293144403843,-0.41790821052982996,-0.46263844843248975,0.0,0
15,79,gained_shortest,PCA-SPE,early,True,False,81,187,185,7,xmeas_8,0.899837143896655,1.1646763176480457,0.26483917375138877,0.13046313591873082,0.13437603783265784,-0.09516403596990898,0.075,18
15,199,gained_longest,PCA-SPE,early,True,False,147,209,209,21,xmeas_22,0.46242151351873373,0.39501963725398337,-0.06740187626474925,0.38384980949545316,-0.45125168576020297,-0.5983214798177796,0.0375,9
15,1,reference_only,PCA-SPE,early,False,True,,190,190,37,xmeas_38,0.20847232397495452,0.26797258812964303,0.0595002641546885,0.04713035673762653,0.012369907417062002,-0.017372234867704336,0.0,0
16,312,gained_shortest,S_QTE,early,True,False,39,173,171,17,xmeas_18,0.034132042000602644,0.04160734797546016,0.007475305974857513,0.01295398287647136,-0.005478676901613851,-0.011405797508583466,0.6625,135
16,196,gained_longest,S_QTE,early,True,False,129,203,201,18,xmeas_19,0.19860338294507662,0.23550145968038327,0.03689807673530651,0.038188594910771034,-0.0012905181754645102,-0.017005983333143185,0.4625,111
16,381,gained_shortest,PCA-SPE,early,True,False,72,184,182,17,xmeas_18,0.07801673904028397,0.08192148165592865,0.0039047426156446526,0.017387114317350322,-0.013482371701705666,-0.011405797508583466,0.7,168
16,381,gained_longest,PCA-SPE,early,True,False,72,184,182,17,xmeas_18,0.07801673904028397,0.08192148165592865,0.0039047426156446526,0.017387114317350322,-0.013482371701705666,-0.011405797508583466,0.7,168
17,1,gained_shortest,S_QTE,early,True,False,213,231,229,20,xmeas_21,0.8108663585084823,0.7760664924191962,-0.03479986608928809,0.6317930463393713,-0.6665929124286589,-0.6901830645554249,0.1125,27
17,1,gained_longest,S_QTE,early,True,False,213,231,229,20,xmeas_21,0.8108663585084823,0.7760664924191962,-0.03479986608928809,0.6317930463393713,-0.6665929124286589,-0.6901830645554249,0.1125,27
18,126,Dr_miss,,early,False,,,239,238,50,xmv_10,0.5631730937092443,0.4133060995083331,-0.1498669942009112,0.25736999016344225,-0.40723698436435357,-0.5134267101995705,0.0,0
18,322,gained_shortest,S_QTE,early,True,False,228,236,234,21,xmeas_22,0.7085424396874389,0.6355351950315448,-0.0730072446558947,0.36415348491099453,-0.4371607295668887,-0.5983214798177796,0.05,12
18,322,gained_longest,S_QTE,early,True,False,228,236,234,21,xmeas_22,0.7085424396874389,0.6355351950315448,-0.0730072446558947,0.36415348491099453,-0.4371607295668887,-0.5983214798177796,0.05,12
18,322,gained_shortest,PCA-SPE,early,True,False,228,236,234,21,xmeas_22,0.7085424396874389,0.6355351950315448,-0.0730072446558947,0.36415348491099453,-0.4371607295668887,-0.5983214798177796,0.05,12
18,322,gained_longest,PCA-SPE,early,True,False,228,236,234,21,xmeas_22,0.7085424396874389,0.6355351950315448,-0.0730072446558947,0.36415348491099453,-0.4371607295668887,-0.5983214798177796,0.05,12
20,401,Dr_miss,,early,False,,,217,215,48,xmv_8,0.5977001759911933,0.01210201624485487,-0.5855981597463362,0.6264070003555989,-1.2120051601019368,-1.002522534829997,0.0,0
20,196,gained_shortest,S_QTE,early,True,False,198,226,224,6,xmeas_7,0.07178099246029884,0.05764505965927221,-0.014135932801026652,0.11508597977275481,-0.12922191257378143,-0.060999081617558945,0.175,42
20,225,gained_longest,S_QTE,early,True,False,216,232,230,12,xmeas_13,0.13145084753561426,0.13326673708477987,0.0018158895491657556,0.10153957966253774,-0.09972369011337204,-0.06971074211570405,0.1,24
20,401,reference_only,S_QTE,early,False,True,,217,215,48,xmv_8,0.5977001759911933,0.01210201624485487,-0.5855981597463362,0.6264070003555989,-1.2120051601019368,-1.002522534829997,0.0,0
20,401,reference_only,Jr_QTE,early,False,True,,217,215,48,xmv_8,0.5977001759911933,0.01210201624485487,-0.5855981597463362,0.6264070003555989,-1.2120051601019368,-1.002522534829997,0.0,0
20,401,reference_only,PairError-QTE,early,False,True,,217,215,48,xmv_8,0.5977001759911933,0.01210201624485487,-0.5855981597463362,0.6264070003555989,-1.2120051601019368,-1.002522534829997,0.0,0
