group,reference,alpha,horizon,records,family_units,gained,lost,shared,neither,net_recall_difference,difference_low,difference_high,normal_gained,normal_lost,normal_shared,normal_neither
all,S_QTE,0.005,full,1000,50,39,7,860,94,0.032,0.017,0.047,6,1,3,40
panel_A,S_QTE,0.005,full,500,25,16,5,435,44,0.022,0.002,0.042,3,1,3,18
panel_B,S_QTE,0.005,full,500,25,23,2,425,50,0.042,0.022,0.06,3,0,0,22
fault_01,S_QTE,0.005,full,50,50,0,0,50,0,0.0,0.0,0.0,6,1,3,40
fault_02,S_QTE,0.005,full,50,50,0,0,50,0,0.0,0.0,0.0,6,1,3,40
fault_03,S_QTE,0.005,full,50,50,10,1,3,36,0.18,0.06,0.3,6,1,3,40
fault_04,S_QTE,0.005,full,50,50,0,0,50,0,0.0,0.0,0.0,6,1,3,40
fault_05,S_QTE,0.005,full,50,50,0,0,50,0,0.0,0.0,0.0,6,1,3,40
fault_06,S_QTE,0.005,full,50,50,0,0,50,0,0.0,0.0,0.0,6,1,3,40
fault_07,S_QTE,0.005,full,50,50,0,0,50,0,0.0,0.0,0.0,6,1,3,40
fault_08,S_QTE,0.005,full,50,50,0,0,50,0,0.0,0.0,0.0,6,1,3,40
fault_09,S_QTE,0.005,full,50,50,27,2,4,17,0.5,0.34,0.66,6,1,3,40
fault_10,S_QTE,0.005,full,50,50,0,0,50,0,0.0,0.0,0.0,6,1,3,40
fault_11,S_QTE,0.005,full,50,50,0,0,50,0,0.0,0.0,0.0,6,1,3,40
fault_12,S_QTE,0.005,full,50,50,0,0,50,0,0.0,0.0,0.0,6,1,3,40
fault_13,S_QTE,0.005,full,50,50,0,0,50,0,0.0,0.0,0.0,6,1,3,40
fault_14,S_QTE,0.005,full,50,50,0,0,50,0,0.0,0.0,0.0,6,1,3,40
fault_15,S_QTE,0.005,full,50,50,2,4,3,41,-0.04,-0.14,0.06,6,1,3,40
fault_16,S_QTE,0.005,full,50,50,0,0,50,0,0.0,0.0,0.0,6,1,3,40
fault_17,S_QTE,0.005,full,50,50,0,0,50,0,0.0,0.0,0.0,6,1,3,40
fault_18,S_QTE,0.005,full,50,50,0,0,50,0,0.0,0.0,0.0,6,1,3,40
fault_19,S_QTE,0.005,full,50,50,0,0,50,0,0.0,0.0,0.0,6,1,3,40
fault_20,S_QTE,0.005,full,50,50,0,0,50,0,0.0,0.0,0.0,6,1,3,40
all,Jr_QTE,0.005,full,1000,50,14,21,885,80,-0.007,-0.021,0.007,7,4,2,37
panel_A,Jr_QTE,0.005,full,500,25,6,15,445,34,-0.018,-0.034,0.0,4,3,2,16
panel_B,Jr_QTE,0.005,full,500,25,8,6,440,46,0.004,-0.016,0.02009999999999991,3,1,0,21
fault_01,Jr_QTE,0.005,full,50,50,0,0,50,0,0.0,0.0,0.0,7,4,2,37
fault_02,Jr_QTE,0.005,full,50,50,0,0,50,0,0.0,0.0,0.0,7,4,2,37
fault_03,Jr_QTE,0.005,full,50,50,11,4,2,33,0.14,0.0,0.3,7,4,2,37
fault_04,Jr_QTE,0.005,full,50,50,0,0,50,0,0.0,0.0,0.0,7,4,2,37
fault_05,Jr_QTE,0.005,full,50,50,0,0,50,0,0.0,0.0,0.0,7,4,2,37
fault_06,Jr_QTE,0.005,full,50,50,0,0,50,0,0.0,0.0,0.0,7,4,2,37
fault_07,Jr_QTE,0.005,full,50,50,0,0,50,0,0.0,0.0,0.0,7,4,2,37
fault_08,Jr_QTE,0.005,full,50,50,0,0,50,0,0.0,0.0,0.0,7,4,2,37
fault_09,Jr_QTE,0.005,full,50,50,1,12,30,7,-0.22,-0.36,-0.1,7,4,2,37
fault_10,Jr_QTE,0.005,full,50,50,0,0,50,0,0.0,0.0,0.0,7,4,2,37
fault_11,Jr_QTE,0.005,full,50,50,0,0,50,0,0.0,0.0,0.0,7,4,2,37
fault_12,Jr_QTE,0.005,full,50,50,0,0,50,0,0.0,0.0,0.0,7,4,2,37
fault_13,Jr_QTE,0.005,full,50,50,0,0,50,0,0.0,0.0,0.0,7,4,2,37
fault_14,Jr_QTE,0.005,full,50,50,0,0,50,0,0.0,0.0,0.0,7,4,2,37
fault_15,Jr_QTE,0.005,full,50,50,2,5,3,40,-0.06,-0.16,0.04,7,4,2,37
fault_16,Jr_QTE,0.005,full,50,50,0,0,50,0,0.0,0.0,0.0,7,4,2,37
fault_17,Jr_QTE,0.005,full,50,50,0,0,50,0,0.0,0.0,0.0,7,4,2,37
fault_18,Jr_QTE,0.005,full,50,50,0,0,50,0,0.0,0.0,0.0,7,4,2,37
fault_19,Jr_QTE,0.005,full,50,50,0,0,50,0,0.0,0.0,0.0,7,4,2,37
fault_20,Jr_QTE,0.005,full,50,50,0,0,50,0,0.0,0.0,0.0,7,4,2,37
all,PairError-QTE,0.005,full,1000,50,13,24,886,77,-0.011,-0.025,0.003,7,4,2,37
panel_A,PairError-QTE,0.005,full,500,25,6,15,445,34,-0.018,-0.034,0.0,4,3,2,16
panel_B,PairError-QTE,0.005,full,500,25,7,9,441,43,-0.004,-0.024,0.016,3,1,0,21
fault_01,PairError-QTE,0.005,full,50,50,0,0,50,0,0.0,0.0,0.0,7,4,2,37
fault_02,PairError-QTE,0.005,full,50,50,0,0,50,0,0.0,0.0,0.0,7,4,2,37
fault_03,PairError-QTE,0.005,full,50,50,10,5,3,32,0.1,-0.06,0.24,7,4,2,37
fault_04,PairError-QTE,0.005,full,50,50,0,0,50,0,0.0,0.0,0.0,7,4,2,37
fault_05,PairError-QTE,0.005,full,50,50,0,0,50,0,0.0,0.0,0.0,7,4,2,37
fault_06,PairError-QTE,0.005,full,50,50,0,0,50,0,0.0,0.0,0.0,7,4,2,37
fault_07,PairError-QTE,0.005,full,50,50,0,0,50,0,0.0,0.0,0.0,7,4,2,37
fault_08,PairError-QTE,0.005,full,50,50,0,0,50,0,0.0,0.0,0.0,7,4,2,37
fault_09,PairError-QTE,0.005,full,50,50,1,14,30,5,-0.26,-0.4,-0.12,7,4,2,37
fault_10,PairError-QTE,0.005,full,50,50,0,0,50,0,0.0,0.0,0.0,7,4,2,37
fault_11,PairError-QTE,0.005,full,50,50,0,0,50,0,0.0,0.0,0.0,7,4,2,37
fault_12,PairError-QTE,0.005,full,50,50,0,0,50,0,0.0,0.0,0.0,7,4,2,37
fault_13,PairError-QTE,0.005,full,50,50,0,0,50,0,0.0,0.0,0.0,7,4,2,37
fault_14,PairError-QTE,0.005,full,50,50,0,0,50,0,0.0,0.0,0.0,7,4,2,37
fault_15,PairError-QTE,0.005,full,50,50,2,5,3,40,-0.06,-0.16,0.04,7,4,2,37
fault_16,PairError-QTE,0.005,full,50,50,0,0,50,0,0.0,0.0,0.0,7,4,2,37
fault_17,PairError-QTE,0.005,full,50,50,0,0,50,0,0.0,0.0,0.0,7,4,2,37
fault_18,PairError-QTE,0.005,full,50,50,0,0,50,0,0.0,0.0,0.0,7,4,2,37
fault_19,PairError-QTE,0.005,full,50,50,0,0,50,0,0.0,0.0,0.0,7,4,2,37
fault_20,PairError-QTE,0.005,full,50,50,0,0,50,0,0.0,0.0,0.0,7,4,2,37
all,PCA-SPE,0.005,full,1000,50,31,32,868,69,-0.001,-0.023,0.02,5,11,4,30
panel_A,PCA-SPE,0.005,full,500,25,12,16,439,33,-0.008,-0.036,0.018,2,6,4,13
panel_B,PCA-SPE,0.005,full,500,25,19,16,429,36,0.006,-0.028,0.034,3,5,0,17
fault_01,PCA-SPE,0.005,full,50,50,0,0,50,0,0.0,0.0,0.0,5,11,4,30
fault_02,PCA-SPE,0.005,full,50,50,0,0,50,0,0.0,0.0,0.0,5,11,4,30
fault_03,PCA-SPE,0.005,full,50,50,6,10,7,27,-0.08,-0.24,0.08,5,11,4,30
fault_04,PCA-SPE,0.005,full,50,50,0,0,50,0,0.0,0.0,0.0,5,11,4,30
fault_05,PCA-SPE,0.005,full,50,50,0,0,50,0,0.0,0.0,0.0,5,11,4,30
fault_06,PCA-SPE,0.005,full,50,50,0,0,50,0,0.0,0.0,0.0,5,11,4,30
fault_07,PCA-SPE,0.005,full,50,50,0,0,50,0,0.0,0.0,0.0,5,11,4,30
fault_08,PCA-SPE,0.005,full,50,50,0,0,50,0,0.0,0.0,0.0,5,11,4,30
fault_09,PCA-SPE,0.005,full,50,50,23,7,8,12,0.32,0.1,0.52,5,11,4,30
fault_10,PCA-SPE,0.005,full,50,50,0,0,50,0,0.0,0.0,0.0,5,11,4,30
fault_11,PCA-SPE,0.005,full,50,50,0,0,50,0,0.0,0.0,0.0,5,11,4,30
fault_12,PCA-SPE,0.005,full,50,50,0,0,50,0,0.0,0.0,0.0,5,11,4,30
fault_13,PCA-SPE,0.005,full,50,50,0,0,50,0,0.0,0.0,0.0,5,11,4,30
fault_14,PCA-SPE,0.005,full,50,50,0,0,50,0,0.0,0.0,0.0,5,11,4,30
fault_15,PCA-SPE,0.005,full,50,50,2,15,3,30,-0.26,-0.4,-0.12,5,11,4,30
fault_16,PCA-SPE,0.005,full,50,50,0,0,50,0,0.0,0.0,0.0,5,11,4,30
fault_17,PCA-SPE,0.005,full,50,50,0,0,50,0,0.0,0.0,0.0,5,11,4,30
fault_18,PCA-SPE,0.005,full,50,50,0,0,50,0,0.0,0.0,0.0,5,11,4,30
fault_19,PCA-SPE,0.005,full,50,50,0,0,50,0,0.0,0.0,0.0,5,11,4,30
fault_20,PCA-SPE,0.005,full,50,50,0,0,50,0,0.0,0.0,0.0,5,11,4,30
all,S_QTE,0.005,early,1000,50,64,3,781,152,0.061,0.048,0.07204999999999995,0,0,0,50
panel_A,S_QTE,0.005,early,500,25,36,1,387,76,0.07,0.0539,0.086,0,0,0,25
panel_B,S_QTE,0.005,early,500,25,28,2,394,76,0.052,0.034,0.07,0,0,0,25
fault_01,S_QTE,0.005,early,50,50,0,0,50,0,0.0,0.0,0.0,0,0,0,50
fault_02,S_QTE,0.005,early,50,50,0,0,50,0,0.0,0.0,0.0,0,0,0,50
fault_03,S_QTE,0.005,early,50,50,2,0,0,48,0.04,0.0,0.1,0,0,0,50
fault_04,S_QTE,0.005,early,50,50,0,0,50,0,0.0,0.0,0.0,0,0,0,50
fault_05,S_QTE,0.005,early,50,50,0,0,50,0,0.0,0.0,0.0,0,0,0,50
fault_06,S_QTE,0.005,early,50,50,0,0,50,0,0.0,0.0,0.0,0,0,0,50
fault_07,S_QTE,0.005,early,50,50,0,0,50,0,0.0,0.0,0.0,0,0,0,50
fault_08,S_QTE,0.005,early,50,50,0,0,50,0,0.0,0.0,0.0,0,0,0,50
fault_09,S_QTE,0.005,early,50,50,2,1,0,47,0.02,-0.06,0.1,0,0,0,50
fault_10,S_QTE,0.005,early,50,50,28,0,21,1,0.56,0.42,0.68,0,0,0,50
fault_11,S_QTE,0.005,early,50,50,0,0,50,0,0.0,0.0,0.0,0,0,0,50
fault_12,S_QTE,0.005,early,50,50,0,1,49,0,-0.02,-0.06099999999999994,0.0,0,0,0,50
fault_13,S_QTE,0.005,early,50,50,6,0,43,1,0.12,0.04,0.2,0,0,0,50
fault_14,S_QTE,0.005,early,50,50,0,0,50,0,0.0,0.0,0.0,0,0,0,50
fault_15,S_QTE,0.005,early,50,50,0,1,0,49,-0.02,-0.06,0.0,0,0,0,50
fault_16,S_QTE,0.005,early,50,50,19,0,31,0,0.38,0.24,0.52,0,0,0,50
fault_17,S_QTE,0.005,early,50,50,1,0,49,0,0.02,0.0,0.06,0,0,0,50
fault_18,S_QTE,0.005,early,50,50,2,0,43,5,0.04,0.0,0.1,0,0,0,50
fault_19,S_QTE,0.005,early,50,50,0,0,50,0,0.0,0.0,0.0,0,0,0,50
fault_20,S_QTE,0.005,early,50,50,4,0,45,1,0.08,0.02,0.16,0,0,0,50
all,Jr_QTE,0.005,early,1000,50,12,10,833,145,0.002,-0.012,0.013,0,2,0,48
panel_A,Jr_QTE,0.005,early,500,25,7,6,416,71,0.002,-0.018,0.01609999999999991,0,1,0,24
panel_B,Jr_QTE,0.005,early,500,25,5,4,417,74,0.002,-0.018,0.016,0,1,0,24
fault_01,Jr_QTE,0.005,early,50,50,0,0,50,0,0.0,0.0,0.0,0,2,0,48
fault_02,Jr_QTE,0.005,early,50,50,0,0,50,0,0.0,0.0,0.0,0,2,0,48
fault_03,Jr_QTE,0.005,early,50,50,2,2,0,46,0.0,-0.08,0.08,0,2,0,48
fault_04,Jr_QTE,0.005,early,50,50,0,0,50,0,0.0,0.0,0.0,0,2,0,48
fault_05,Jr_QTE,0.005,early,50,50,0,0,50,0,0.0,0.0,0.0,0,2,0,48
fault_06,Jr_QTE,0.005,early,50,50,0,0,50,0,0.0,0.0,0.0,0,2,0,48
fault_07,Jr_QTE,0.005,early,50,50,0,0,50,0,0.0,0.0,0.0,0,2,0,48
fault_08,Jr_QTE,0.005,early,50,50,0,0,50,0,0.0,0.0,0.0,0,2,0,48
fault_09,Jr_QTE,0.005,early,50,50,1,4,1,44,-0.06,-0.14,0.02,0,2,0,48
fault_10,Jr_QTE,0.005,early,50,50,8,0,41,1,0.16,0.06,0.26,0,2,0,48
fault_11,Jr_QTE,0.005,early,50,50,0,0,50,0,0.0,0.0,0.0,0,2,0,48
fault_12,Jr_QTE,0.005,early,50,50,0,1,49,0,-0.02,-0.06099999999999994,0.0,0,2,0,48
fault_13,Jr_QTE,0.005,early,50,50,0,0,49,1,0.0,0.0,0.0,0,2,0,48
fault_14,Jr_QTE,0.005,early,50,50,0,0,50,0,0.0,0.0,0.0,0,2,0,48
fault_15,Jr_QTE,0.005,early,50,50,0,2,0,48,-0.04,-0.1,0.0,0,2,0,48
fault_16,Jr_QTE,0.005,early,50,50,1,0,49,0,0.02,0.0,0.06,0,2,0,48
fault_17,Jr_QTE,0.005,early,50,50,0,0,50,0,0.0,0.0,0.0,0,2,0,48
fault_18,Jr_QTE,0.005,early,50,50,0,0,45,5,0.0,0.0,0.0,0,2,0,48
fault_19,Jr_QTE,0.005,early,50,50,0,0,50,0,0.0,0.0,0.0,0,2,0,48
fault_20,Jr_QTE,0.005,early,50,50,0,1,49,0,-0.02,-0.06,0.0,0,2,0,48
all,PairError-QTE,0.005,early,1000,50,3,10,842,145,-0.007,-0.019,0.003,0,2,0,48
panel_A,PairError-QTE,0.005,early,500,25,2,6,421,71,-0.008,-0.026,0.004,0,1,0,24
panel_B,PairError-QTE,0.005,early,500,25,1,4,421,74,-0.006,-0.024,0.006,0,1,0,24
fault_01,PairError-QTE,0.005,early,50,50,0,0,50,0,0.0,0.0,0.0,0,2,0,48
fault_02,PairError-QTE,0.005,early,50,50,0,0,50,0,0.0,0.0,0.0,0,2,0,48
fault_03,PairError-QTE,0.005,early,50,50,2,2,0,46,0.0,-0.08,0.08,0,2,0,48
fault_04,PairError-QTE,0.005,early,50,50,0,0,50,0,0.0,0.0,0.0,0,2,0,48
fault_05,PairError-QTE,0.005,early,50,50,0,0,50,0,0.0,0.0,0.0,0,2,0,48
fault_06,PairError-QTE,0.005,early,50,50,0,0,50,0,0.0,0.0,0.0,0,2,0,48
fault_07,PairError-QTE,0.005,early,50,50,0,0,50,0,0.0,0.0,0.0,0,2,0,48
fault_08,PairError-QTE,0.005,early,50,50,0,0,50,0,0.0,0.0,0.0,0,2,0,48
fault_09,PairError-QTE,0.005,early,50,50,1,4,1,44,-0.06,-0.14,0.02,0,2,0,48
fault_10,PairError-QTE,0.005,early,50,50,0,0,49,1,0.0,0.0,0.0,0,2,0,48
fault_11,PairError-QTE,0.005,early,50,50,0,0,50,0,0.0,0.0,0.0,0,2,0,48
fault_12,PairError-QTE,0.005,early,50,50,0,1,49,0,-0.02,-0.06099999999999994,0.0,0,2,0,48
fault_13,PairError-QTE,0.005,early,50,50,0,0,49,1,0.0,0.0,0.0,0,2,0,48
fault_14,PairError-QTE,0.005,early,50,50,0,0,50,0,0.0,0.0,0.0,0,2,0,48
fault_15,PairError-QTE,0.005,early,50,50,0,2,0,48,-0.04,-0.1,0.0,0,2,0,48
fault_16,PairError-QTE,0.005,early,50,50,0,0,50,0,0.0,0.0,0.0,0,2,0,48
fault_17,PairError-QTE,0.005,early,50,50,0,0,50,0,0.0,0.0,0.0,0,2,0,48
fault_18,PairError-QTE,0.005,early,50,50,0,0,45,5,0.0,0.0,0.0,0,2,0,48
fault_19,PairError-QTE,0.005,early,50,50,0,0,50,0,0.0,0.0,0.0,0,2,0,48
fault_20,PairError-QTE,0.005,early,50,50,0,1,49,0,-0.02,-0.06,0.0,0,2,0,48
all,PCA-SPE,0.005,early,1000,50,13,6,832,149,0.007,-0.003,0.018,0,1,0,49
panel_A,PCA-SPE,0.005,early,500,25,9,6,414,71,0.006,-0.016,0.026,0,1,0,24
panel_B,PCA-SPE,0.005,early,500,25,4,0,418,78,0.008,0.0,0.018,0,0,0,25
fault_01,PCA-SPE,0.005,early,50,50,0,0,50,0,0.0,0.0,0.0,0,1,0,49
fault_02,PCA-SPE,0.005,early,50,50,0,0,50,0,0.0,0.0,0.0,0,1,0,49
fault_03,PCA-SPE,0.005,early,50,50,2,2,0,46,0.0,-0.08,0.08,0,1,0,49
fault_04,PCA-SPE,0.005,early,50,50,0,0,50,0,0.0,0.0,0.0,0,1,0,49
fault_05,PCA-SPE,0.005,early,50,50,0,0,50,0,0.0,0.0,0.0,0,1,0,49
fault_06,PCA-SPE,0.005,early,50,50,0,0,50,0,0.0,0.0,0.0,0,1,0,49
fault_07,PCA-SPE,0.005,early,50,50,0,0,50,0,0.0,0.0,0.0,0,1,0,49
fault_08,PCA-SPE,0.005,early,50,50,0,0,50,0,0.0,0.0,0.0,0,1,0,49
fault_09,PCA-SPE,0.005,early,50,50,2,1,0,47,0.02,-0.06,0.08,0,1,0,49
fault_10,PCA-SPE,0.005,early,50,50,5,0,44,1,0.1,0.02,0.18,0,1,0,49
fault_11,PCA-SPE,0.005,early,50,50,0,0,50,0,0.0,0.0,0.0,0,1,0,49
fault_12,PCA-SPE,0.005,early,50,50,0,1,49,0,-0.02,-0.06099999999999994,0.0,0,1,0,49
fault_13,PCA-SPE,0.005,early,50,50,2,0,47,1,0.04,0.0,0.1,0,1,0,49
fault_14,PCA-SPE,0.005,early,50,50,0,0,50,0,0.0,0.0,0.0,0,1,0,49
fault_15,PCA-SPE,0.005,early,50,50,0,2,0,48,-0.04,-0.1,0.0,0,1,0,49
fault_16,PCA-SPE,0.005,early,50,50,1,0,49,0,0.02,0.0,0.06,0,1,0,49
fault_17,PCA-SPE,0.005,early,50,50,0,0,50,0,0.0,0.0,0.0,0,1,0,49
fault_18,PCA-SPE,0.005,early,50,50,1,0,44,5,0.02,0.0,0.06,0,1,0,49
fault_19,PCA-SPE,0.005,early,50,50,0,0,50,0,0.0,0.0,0.0,0,1,0,49
fault_20,PCA-SPE,0.005,early,50,50,0,0,49,1,0.0,0.0,0.0,0,1,0,49
all,S_QTE,0.01,full,1000,50,76,4,872,48,0.072,0.053,0.091,14,2,6,28
panel_A,S_QTE,0.01,full,500,25,31,4,440,25,0.054,0.028,0.08,7,2,4,12
panel_B,S_QTE,0.01,full,500,25,45,0,432,23,0.09,0.07,0.108,7,0,2,16
fault_01,S_QTE,0.01,full,50,50,0,0,50,0,0.0,0.0,0.0,14,2,6,28
fault_02,S_QTE,0.01,full,50,50,0,0,50,0,0.0,0.0,0.0,14,2,6,28
fault_03,S_QTE,0.01,full,50,50,27,1,7,15,0.52,0.38,0.66,14,2,6,28
fault_04,S_QTE,0.01,full,50,50,0,0,50,0,0.0,0.0,0.0,14,2,6,28
fault_05,S_QTE,0.01,full,50,50,0,0,50,0,0.0,0.0,0.0,14,2,6,28
fault_06,S_QTE,0.01,full,50,50,0,0,50,0,0.0,0.0,0.0,14,2,6,28
fault_07,S_QTE,0.01,full,50,50,0,0,50,0,0.0,0.0,0.0,14,2,6,28
fault_08,S_QTE,0.01,full,50,50,0,0,50,0,0.0,0.0,0.0,14,2,6,28
fault_09,S_QTE,0.01,full,50,50,37,1,8,4,0.72,0.58,0.86,14,2,6,28
fault_10,S_QTE,0.01,full,50,50,0,0,50,0,0.0,0.0,0.0,14,2,6,28
fault_11,S_QTE,0.01,full,50,50,0,0,50,0,0.0,0.0,0.0,14,2,6,28
fault_12,S_QTE,0.01,full,50,50,0,0,50,0,0.0,0.0,0.0,14,2,6,28
fault_13,S_QTE,0.01,full,50,50,0,0,50,0,0.0,0.0,0.0,14,2,6,28
fault_14,S_QTE,0.01,full,50,50,0,0,50,0,0.0,0.0,0.0,14,2,6,28
fault_15,S_QTE,0.01,full,50,50,12,2,7,29,0.2,0.06,0.34,14,2,6,28
fault_16,S_QTE,0.01,full,50,50,0,0,50,0,0.0,0.0,0.0,14,2,6,28
fault_17,S_QTE,0.01,full,50,50,0,0,50,0,0.0,0.0,0.0,14,2,6,28
fault_18,S_QTE,0.01,full,50,50,0,0,50,0,0.0,0.0,0.0,14,2,6,28
fault_19,S_QTE,0.01,full,50,50,0,0,50,0,0.0,0.0,0.0,14,2,6,28
fault_20,S_QTE,0.01,full,50,50,0,0,50,0,0.0,0.0,0.0,14,2,6,28
all,Jr_QTE,0.01,full,1000,50,25,14,923,38,0.011,-0.004,0.026,14,2,6,28
panel_A,Jr_QTE,0.01,full,500,25,11,10,460,19,0.002,-0.018099999999999995,0.024,6,2,5,12
panel_B,Jr_QTE,0.01,full,500,25,14,4,463,19,0.02,0.004,0.038,8,0,1,16
fault_01,Jr_QTE,0.01,full,50,50,0,0,50,0,0.0,0.0,0.0,14,2,6,28
fault_02,Jr_QTE,0.01,full,50,50,0,0,50,0,0.0,0.0,0.0,14,2,6,28
fault_03,Jr_QTE,0.01,full,50,50,13,7,21,9,0.12,-0.06,0.3,14,2,6,28
fault_04,Jr_QTE,0.01,full,50,50,0,0,50,0,0.0,0.0,0.0,14,2,6,28
fault_05,Jr_QTE,0.01,full,50,50,0,0,50,0,0.0,0.0,0.0,14,2,6,28
fault_06,Jr_QTE,0.01,full,50,50,0,0,50,0,0.0,0.0,0.0,14,2,6,28
fault_07,Jr_QTE,0.01,full,50,50,0,0,50,0,0.0,0.0,0.0,14,2,6,28
fault_08,Jr_QTE,0.01,full,50,50,0,0,50,0,0.0,0.0,0.0,14,2,6,28
fault_09,Jr_QTE,0.01,full,50,50,0,5,45,0,-0.1,-0.2,-0.02,14,2,6,28
fault_10,Jr_QTE,0.01,full,50,50,0,0,50,0,0.0,0.0,0.0,14,2,6,28
fault_11,Jr_QTE,0.01,full,50,50,0,0,50,0,0.0,0.0,0.0,14,2,6,28
fault_12,Jr_QTE,0.01,full,50,50,0,0,50,0,0.0,0.0,0.0,14,2,6,28
fault_13,Jr_QTE,0.01,full,50,50,0,0,50,0,0.0,0.0,0.0,14,2,6,28
fault_14,Jr_QTE,0.01,full,50,50,0,0,50,0,0.0,0.0,0.0,14,2,6,28
fault_15,Jr_QTE,0.01,full,50,50,12,2,7,29,0.2,0.07900000000000006,0.34,14,2,6,28
fault_16,Jr_QTE,0.01,full,50,50,0,0,50,0,0.0,0.0,0.0,14,2,6,28
fault_17,Jr_QTE,0.01,full,50,50,0,0,50,0,0.0,0.0,0.0,14,2,6,28
fault_18,Jr_QTE,0.01,full,50,50,0,0,50,0,0.0,0.0,0.0,14,2,6,28
fault_19,Jr_QTE,0.01,full,50,50,0,0,50,0,0.0,0.0,0.0,14,2,6,28
fault_20,Jr_QTE,0.01,full,50,50,0,0,50,0,0.0,0.0,0.0,14,2,6,28
all,PairError-QTE,0.01,full,1000,50,22,15,926,37,0.007,-0.007,0.022,14,2,6,28
panel_A,PairError-QTE,0.01,full,500,25,8,12,463,17,-0.008,-0.028,0.014,6,2,5,12
panel_B,PairError-QTE,0.01,full,500,25,14,3,463,20,0.022,0.006,0.038,8,0,1,16
fault_01,PairError-QTE,0.01,full,50,50,0,0,50,0,0.0,0.0,0.0,14,2,6,28
fault_02,PairError-QTE,0.01,full,50,50,0,0,50,0,0.0,0.0,0.0,14,2,6,28
fault_03,PairError-QTE,0.01,full,50,50,10,8,24,8,0.04,-0.12,0.2009999999999991,14,2,6,28
fault_04,PairError-QTE,0.01,full,50,50,0,0,50,0,0.0,0.0,0.0,14,2,6,28
fault_05,PairError-QTE,0.01,full,50,50,0,0,50,0,0.0,0.0,0.0,14,2,6,28
fault_06,PairError-QTE,0.01,full,50,50,0,0,50,0,0.0,0.0,0.0,14,2,6,28
fault_07,PairError-QTE,0.01,full,50,50,0,0,50,0,0.0,0.0,0.0,14,2,6,28
fault_08,PairError-QTE,0.01,full,50,50,0,0,50,0,0.0,0.0,0.0,14,2,6,28
fault_09,PairError-QTE,0.01,full,50,50,0,5,45,0,-0.1,-0.2,-0.02,14,2,6,28
fault_10,PairError-QTE,0.01,full,50,50,0,0,50,0,0.0,0.0,0.0,14,2,6,28
fault_11,PairError-QTE,0.01,full,50,50,0,0,50,0,0.0,0.0,0.0,14,2,6,28
fault_12,PairError-QTE,0.01,full,50,50,0,0,50,0,0.0,0.0,0.0,14,2,6,28
fault_13,PairError-QTE,0.01,full,50,50,0,0,50,0,0.0,0.0,0.0,14,2,6,28
fault_14,PairError-QTE,0.01,full,50,50,0,0,50,0,0.0,0.0,0.0,14,2,6,28
fault_15,PairError-QTE,0.01,full,50,50,12,2,7,29,0.2,0.07900000000000006,0.34,14,2,6,28
fault_16,PairError-QTE,0.01,full,50,50,0,0,50,0,0.0,0.0,0.0,14,2,6,28
fault_17,PairError-QTE,0.01,full,50,50,0,0,50,0,0.0,0.0,0.0,14,2,6,28
fault_18,PairError-QTE,0.01,full,50,50,0,0,50,0,0.0,0.0,0.0,14,2,6,28
fault_19,PairError-QTE,0.01,full,50,50,0,0,50,0,0.0,0.0,0.0,14,2,6,28
fault_20,PairError-QTE,0.01,full,50,50,0,0,50,0,0.0,0.0,0.0,14,2,6,28
all,PCA-SPE,0.01,full,1000,50,44,23,904,29,0.021,-0.001,0.043,10,10,10,20
panel_A,PCA-SPE,0.01,full,500,25,22,10,449,19,0.024,-0.006,0.054,5,5,6,9
panel_B,PCA-SPE,0.01,full,500,25,22,13,455,10,0.018,-0.012,0.046,5,5,4,11
fault_01,PCA-SPE,0.01,full,50,50,0,0,50,0,0.0,0.0,0.0,10,10,10,20
fault_02,PCA-SPE,0.01,full,50,50,0,0,50,0,0.0,0.0,0.0,10,10,10,20
fault_03,PCA-SPE,0.01,full,50,50,17,7,17,9,0.2,0.02,0.4,10,10,10,20
fault_04,PCA-SPE,0.01,full,50,50,0,0,50,0,0.0,0.0,0.0,10,10,10,20
fault_05,PCA-SPE,0.01,full,50,50,0,0,50,0,0.0,0.0,0.0,10,10,10,20
fault_06,PCA-SPE,0.01,full,50,50,0,0,50,0,0.0,0.0,0.0,10,10,10,20
fault_07,PCA-SPE,0.01,full,50,50,0,0,50,0,0.0,0.0,0.0,10,10,10,20
fault_08,PCA-SPE,0.01,full,50,50,0,0,50,0,0.0,0.0,0.0,10,10,10,20
fault_09,PCA-SPE,0.01,full,50,50,21,2,24,3,0.38,0.22,0.52,10,10,10,20
fault_10,PCA-SPE,0.01,full,50,50,0,0,50,0,0.0,0.0,0.0,10,10,10,20
fault_11,PCA-SPE,0.01,full,50,50,0,0,50,0,0.0,0.0,0.0,10,10,10,20
fault_12,PCA-SPE,0.01,full,50,50,0,0,50,0,0.0,0.0,0.0,10,10,10,20
fault_13,PCA-SPE,0.01,full,50,50,0,0,50,0,0.0,0.0,0.0,10,10,10,20
fault_14,PCA-SPE,0.01,full,50,50,0,0,50,0,0.0,0.0,0.0,10,10,10,20
fault_15,PCA-SPE,0.01,full,50,50,6,14,13,17,-0.16,-0.34,0.02,10,10,10,20
fault_16,PCA-SPE,0.01,full,50,50,0,0,50,0,0.0,0.0,0.0,10,10,10,20
fault_17,PCA-SPE,0.01,full,50,50,0,0,50,0,0.0,0.0,0.0,10,10,10,20
fault_18,PCA-SPE,0.01,full,50,50,0,0,50,0,0.0,0.0,0.0,10,10,10,20
fault_19,PCA-SPE,0.01,full,50,50,0,0,50,0,0.0,0.0,0.0,10,10,10,20
fault_20,PCA-SPE,0.01,full,50,50,0,0,50,0,0.0,0.0,0.0,10,10,10,20
all,S_QTE,0.01,early,1000,50,43,7,811,139,0.036,0.018,0.05204999999999995,3,2,0,45
panel_A,S_QTE,0.01,early,500,25,25,3,404,68,0.044,0.02,0.068,2,1,0,22
panel_B,S_QTE,0.01,early,500,25,18,4,407,71,0.028,0.0,0.048,1,1,0,23
fault_01,S_QTE,0.01,early,50,50,0,0,50,0,0.0,0.0,0.0,3,2,0,45
fault_02,S_QTE,0.01,early,50,50,0,0,50,0,0.0,0.0,0.0,3,2,0,45
fault_03,S_QTE,0.01,early,50,50,4,1,1,44,0.06,-0.02,0.16,3,2,0,45
fault_04,S_QTE,0.01,early,50,50,0,0,50,0,0.0,0.0,0.0,3,2,0,45
fault_05,S_QTE,0.01,early,50,50,0,0,50,0,0.0,0.0,0.0,3,2,0,45
fault_06,S_QTE,0.01,early,50,50,0,0,50,0,0.0,0.0,0.0,3,2,0,45
fault_07,S_QTE,0.01,early,50,50,0,0,50,0,0.0,0.0,0.0,3,2,0,45
fault_08,S_QTE,0.01,early,50,50,0,0,50,0,0.0,0.0,0.0,3,2,0,45
fault_09,S_QTE,0.01,early,50,50,5,2,0,43,0.06,-0.04,0.18,3,2,0,45
fault_10,S_QTE,0.01,early,50,50,20,0,29,1,0.4,0.26,0.54,3,2,0,45
fault_11,S_QTE,0.01,early,50,50,0,0,50,0,0.0,0.0,0.0,3,2,0,45
fault_12,S_QTE,0.01,early,50,50,0,1,49,0,-0.02,-0.06099999999999994,0.0,3,2,0,45
fault_13,S_QTE,0.01,early,50,50,3,0,46,1,0.06,0.0,0.14,3,2,0,45
fault_14,S_QTE,0.01,early,50,50,0,0,50,0,0.0,0.0,0.0,3,2,0,45
fault_15,S_QTE,0.01,early,50,50,3,2,0,45,0.02,-0.06,0.12,3,2,0,45
fault_16,S_QTE,0.01,early,50,50,4,0,46,0,0.08,0.02,0.16,3,2,0,45
fault_17,S_QTE,0.01,early,50,50,1,0,49,0,0.02,0.0,0.06,3,2,0,45
fault_18,S_QTE,0.01,early,50,50,1,0,44,5,0.02,0.0,0.06,3,2,0,45
fault_19,S_QTE,0.01,early,50,50,0,0,50,0,0.0,0.0,0.0,3,2,0,45
fault_20,S_QTE,0.01,early,50,50,2,1,47,0,0.02,-0.04,0.08,3,2,0,45
all,Jr_QTE,0.01,early,1000,50,14,13,840,133,0.001,-0.014,0.016,3,2,0,45
panel_A,Jr_QTE,0.01,early,500,25,10,8,419,63,0.004,-0.018,0.026,2,1,0,22
panel_B,Jr_QTE,0.01,early,500,25,4,5,421,70,-0.002,-0.024,0.01209999999999991,1,1,0,23
fault_01,Jr_QTE,0.01,early,50,50,0,0,50,0,0.0,0.0,0.0,3,2,0,45
fault_02,Jr_QTE,0.01,early,50,50,0,0,50,0,0.0,0.0,0.0,3,2,0,45
fault_03,Jr_QTE,0.01,early,50,50,4,1,1,44,0.06,-0.02,0.16,3,2,0,45
fault_04,Jr_QTE,0.01,early,50,50,0,0,50,0,0.0,0.0,0.0,3,2,0,45
fault_05,Jr_QTE,0.01,early,50,50,0,0,50,0,0.0,0.0,0.0,3,2,0,45
fault_06,Jr_QTE,0.01,early,50,50,0,0,50,0,0.0,0.0,0.0,3,2,0,45
fault_07,Jr_QTE,0.01,early,50,50,0,0,50,0,0.0,0.0,0.0,3,2,0,45
fault_08,Jr_QTE,0.01,early,50,50,0,0,50,0,0.0,0.0,0.0,3,2,0,45
fault_09,Jr_QTE,0.01,early,50,50,3,8,2,37,-0.1,-0.22,0.02,3,2,0,45
fault_10,Jr_QTE,0.01,early,50,50,4,0,45,1,0.08,0.02,0.1609999999999991,3,2,0,45
fault_11,Jr_QTE,0.01,early,50,50,0,0,50,0,0.0,0.0,0.0,3,2,0,45
fault_12,Jr_QTE,0.01,early,50,50,0,1,49,0,-0.02,-0.06099999999999994,0.0,3,2,0,45
fault_13,Jr_QTE,0.01,early,50,50,0,0,49,1,0.0,0.0,0.0,3,2,0,45
fault_14,Jr_QTE,0.01,early,50,50,0,0,50,0,0.0,0.0,0.0,3,2,0,45
fault_15,Jr_QTE,0.01,early,50,50,3,2,0,45,0.02,-0.06,0.12,3,2,0,45
fault_16,Jr_QTE,0.01,early,50,50,0,0,50,0,0.0,0.0,0.0,3,2,0,45
fault_17,Jr_QTE,0.01,early,50,50,0,0,50,0,0.0,0.0,0.0,3,2,0,45
fault_18,Jr_QTE,0.01,early,50,50,0,0,45,5,0.0,0.0,0.0,3,2,0,45
fault_19,Jr_QTE,0.01,early,50,50,0,0,50,0,0.0,0.0,0.0,3,2,0,45
fault_20,Jr_QTE,0.01,early,50,50,0,1,49,0,-0.02,-0.06,0.0,3,2,0,45
all,PairError-QTE,0.01,early,1000,50,10,14,844,132,-0.004,-0.018,0.011,3,2,0,45
panel_A,PairError-QTE,0.01,early,500,25,7,8,422,63,-0.002,-0.022,0.02,2,1,0,22
panel_B,PairError-QTE,0.01,early,500,25,3,6,422,69,-0.006,-0.026,0.01,1,1,0,23
fault_01,PairError-QTE,0.01,early,50,50,0,0,50,0,0.0,0.0,0.0,3,2,0,45
fault_02,PairError-QTE,0.01,early,50,50,0,0,50,0,0.0,0.0,0.0,3,2,0,45
fault_03,PairError-QTE,0.01,early,50,50,4,1,1,44,0.06,-0.02,0.16,3,2,0,45
fault_04,PairError-QTE,0.01,early,50,50,0,0,50,0,0.0,0.0,0.0,3,2,0,45
fault_05,PairError-QTE,0.01,early,50,50,0,0,50,0,0.0,0.0,0.0,3,2,0,45
fault_06,PairError-QTE,0.01,early,50,50,0,0,50,0,0.0,0.0,0.0,3,2,0,45
fault_07,PairError-QTE,0.01,early,50,50,0,0,50,0,0.0,0.0,0.0,3,2,0,45
fault_08,PairError-QTE,0.01,early,50,50,0,0,50,0,0.0,0.0,0.0,3,2,0,45
fault_09,PairError-QTE,0.01,early,50,50,3,9,2,36,-0.12,-0.24,0.0,3,2,0,45
fault_10,PairError-QTE,0.01,early,50,50,0,0,49,1,0.0,0.0,0.0,3,2,0,45
fault_11,PairError-QTE,0.01,early,50,50,0,0,50,0,0.0,0.0,0.0,3,2,0,45
fault_12,PairError-QTE,0.01,early,50,50,0,1,49,0,-0.02,-0.06099999999999994,0.0,3,2,0,45
fault_13,PairError-QTE,0.01,early,50,50,0,0,49,1,0.0,0.0,0.0,3,2,0,45
fault_14,PairError-QTE,0.01,early,50,50,0,0,50,0,0.0,0.0,0.0,3,2,0,45
fault_15,PairError-QTE,0.01,early,50,50,3,2,0,45,0.02,-0.06,0.12,3,2,0,45
fault_16,PairError-QTE,0.01,early,50,50,0,0,50,0,0.0,0.0,0.0,3,2,0,45
fault_17,PairError-QTE,0.01,early,50,50,0,0,50,0,0.0,0.0,0.0,3,2,0,45
fault_18,PairError-QTE,0.01,early,50,50,0,0,45,5,0.0,0.0,0.0,3,2,0,45
fault_19,PairError-QTE,0.01,early,50,50,0,0,50,0,0.0,0.0,0.0,3,2,0,45
fault_20,PairError-QTE,0.01,early,50,50,0,1,49,0,-0.02,-0.06,0.0,3,2,0,45
all,PCA-SPE,0.01,early,1000,50,19,14,835,132,0.005,-0.013,0.02204999999999995,3,4,0,43
panel_A,PCA-SPE,0.01,early,500,25,12,11,417,60,0.002,-0.03,0.030099999999999908,2,3,0,20
panel_B,PCA-SPE,0.01,early,500,25,7,3,418,72,0.008,-0.012,0.026,1,1,0,23
fault_01,PCA-SPE,0.01,early,50,50,0,0,50,0,0.0,0.0,0.0,3,4,0,43
fault_02,PCA-SPE,0.01,early,50,50,0,0,50,0,0.0,0.0,0.0,3,4,0,43
fault_03,PCA-SPE,0.01,early,50,50,4,4,1,41,0.0,-0.12,0.12,3,4,0,43
fault_04,PCA-SPE,0.01,early,50,50,0,0,50,0,0.0,0.0,0.0,3,4,0,43
fault_05,PCA-SPE,0.01,early,50,50,0,0,50,0,0.0,0.0,0.0,3,4,0,43
fault_06,PCA-SPE,0.01,early,50,50,0,0,50,0,0.0,0.0,0.0,3,4,0,43
fault_07,PCA-SPE,0.01,early,50,50,0,0,50,0,0.0,0.0,0.0,3,4,0,43
fault_08,PCA-SPE,0.01,early,50,50,0,0,50,0,0.0,0.0,0.0,3,4,0,43
fault_09,PCA-SPE,0.01,early,50,50,5,4,0,41,0.02,-0.1,0.14,3,4,0,43
fault_10,PCA-SPE,0.01,early,50,50,3,0,46,1,0.06,0.0,0.14,3,4,0,43
fault_11,PCA-SPE,0.01,early,50,50,0,0,50,0,0.0,0.0,0.0,3,4,0,43
fault_12,PCA-SPE,0.01,early,50,50,0,1,49,0,-0.02,-0.06099999999999994,0.0,3,4,0,43
fault_13,PCA-SPE,0.01,early,50,50,2,1,47,0,0.02,-0.04,0.1,3,4,0,43
fault_14,PCA-SPE,0.01,early,50,50,0,0,50,0,0.0,0.0,0.0,3,4,0,43
fault_15,PCA-SPE,0.01,early,50,50,3,4,0,43,-0.02,-0.12,0.08,3,4,0,43
fault_16,PCA-SPE,0.01,early,50,50,1,0,49,0,0.02,0.0,0.06,3,4,0,43
fault_17,PCA-SPE,0.01,early,50,50,0,0,50,0,0.0,0.0,0.0,3,4,0,43
fault_18,PCA-SPE,0.01,early,50,50,1,0,44,5,0.02,0.0,0.06,3,4,0,43
fault_19,PCA-SPE,0.01,early,50,50,0,0,50,0,0.0,0.0,0.0,3,4,0,43
fault_20,PCA-SPE,0.01,early,50,50,0,0,49,1,0.0,0.0,0.0,3,4,0,43
all,S_QTE,0.02,full,1000,50,79,10,903,8,0.069,0.05095,0.088,23,3,14,10
panel_A,S_QTE,0.02,full,500,25,33,5,455,7,0.056,0.028,0.08409999999999991,8,1,9,7
panel_B,S_QTE,0.02,full,500,25,46,5,448,1,0.082,0.056,0.106,15,2,5,3
fault_01,S_QTE,0.02,full,50,50,0,0,50,0,0.0,0.0,0.0,23,3,14,10
fault_02,S_QTE,0.02,full,50,50,0,0,50,0,0.0,0.0,0.0,23,3,14,10
fault_03,S_QTE,0.02,full,50,50,30,0,17,3,0.6,0.46,0.72,23,3,14,10
fault_04,S_QTE,0.02,full,50,50,0,0,50,0,0.0,0.0,0.0,23,3,14,10
fault_05,S_QTE,0.02,full,50,50,0,0,50,0,0.0,0.0,0.0,23,3,14,10
fault_06,S_QTE,0.02,full,50,50,0,1,49,0,-0.02,-0.06,0.0,23,3,14,10
fault_07,S_QTE,0.02,full,50,50,0,1,49,0,-0.02,-0.06,0.0,23,3,14,10
fault_08,S_QTE,0.02,full,50,50,0,0,50,0,0.0,0.0,0.0,23,3,14,10
fault_09,S_QTE,0.02,full,50,50,31,0,19,0,0.62,0.48,0.76,23,3,14,10
fault_10,S_QTE,0.02,full,50,50,0,0,50,0,0.0,0.0,0.0,23,3,14,10
fault_11,S_QTE,0.02,full,50,50,0,0,50,0,0.0,0.0,0.0,23,3,14,10
fault_12,S_QTE,0.02,full,50,50,0,0,50,0,0.0,0.0,0.0,23,3,14,10
fault_13,S_QTE,0.02,full,50,50,0,0,50,0,0.0,0.0,0.0,23,3,14,10
fault_14,S_QTE,0.02,full,50,50,0,0,50,0,0.0,0.0,0.0,23,3,14,10
fault_15,S_QTE,0.02,full,50,50,18,8,19,5,0.2,0.0,0.4,23,3,14,10
fault_16,S_QTE,0.02,full,50,50,0,0,50,0,0.0,0.0,0.0,23,3,14,10
fault_17,S_QTE,0.02,full,50,50,0,0,50,0,0.0,0.0,0.0,23,3,14,10
fault_18,S_QTE,0.02,full,50,50,0,0,50,0,0.0,0.0,0.0,23,3,14,10
fault_19,S_QTE,0.02,full,50,50,0,0,50,0,0.0,0.0,0.0,23,3,14,10
fault_20,S_QTE,0.02,full,50,50,0,0,50,0,0.0,0.0,0.0,23,3,14,10
all,Jr_QTE,0.02,full,1000,50,26,6,956,12,0.02,0.011,0.029,26,0,11,13
panel_A,Jr_QTE,0.02,full,500,25,8,4,480,8,0.008,-0.004,0.022,8,0,9,8
panel_B,Jr_QTE,0.02,full,500,25,18,2,476,4,0.032,0.02,0.042,18,0,2,5
fault_01,Jr_QTE,0.02,full,50,50,0,0,50,0,0.0,0.0,0.0,26,0,11,13
fault_02,Jr_QTE,0.02,full,50,50,0,0,50,0,0.0,0.0,0.0,26,0,11,13
fault_03,Jr_QTE,0.02,full,50,50,0,3,47,0,-0.06,-0.14,0.0,26,0,11,13
fault_04,Jr_QTE,0.02,full,50,50,0,0,50,0,0.0,0.0,0.0,26,0,11,13
fault_05,Jr_QTE,0.02,full,50,50,0,0,50,0,0.0,0.0,0.0,26,0,11,13
fault_06,Jr_QTE,0.02,full,50,50,0,1,49,0,-0.02,-0.06,0.0,26,0,11,13
fault_07,Jr_QTE,0.02,full,50,50,0,1,49,0,-0.02,-0.06,0.0,26,0,11,13
fault_08,Jr_QTE,0.02,full,50,50,0,0,50,0,0.0,0.0,0.0,26,0,11,13
fault_09,Jr_QTE,0.02,full,50,50,0,0,50,0,0.0,0.0,0.0,26,0,11,13
fault_10,Jr_QTE,0.02,full,50,50,0,0,50,0,0.0,0.0,0.0,26,0,11,13
fault_11,Jr_QTE,0.02,full,50,50,0,0,50,0,0.0,0.0,0.0,26,0,11,13
fault_12,Jr_QTE,0.02,full,50,50,0,0,50,0,0.0,0.0,0.0,26,0,11,13
fault_13,Jr_QTE,0.02,full,50,50,0,0,50,0,0.0,0.0,0.0,26,0,11,13
fault_14,Jr_QTE,0.02,full,50,50,0,0,50,0,0.0,0.0,0.0,26,0,11,13
fault_15,Jr_QTE,0.02,full,50,50,26,1,11,12,0.5,0.36,0.66,26,0,11,13
fault_16,Jr_QTE,0.02,full,50,50,0,0,50,0,0.0,0.0,0.0,26,0,11,13
fault_17,Jr_QTE,0.02,full,50,50,0,0,50,0,0.0,0.0,0.0,26,0,11,13
fault_18,Jr_QTE,0.02,full,50,50,0,0,50,0,0.0,0.0,0.0,26,0,11,13
fault_19,Jr_QTE,0.02,full,50,50,0,0,50,0,0.0,0.0,0.0,26,0,11,13
fault_20,Jr_QTE,0.02,full,50,50,0,0,50,0,0.0,0.0,0.0,26,0,11,13
all,PairError-QTE,0.02,full,1000,50,28,5,954,13,0.023,0.014,0.032,26,0,11,13
panel_A,PairError-QTE,0.02,full,500,25,9,3,479,9,0.012,-0.002,0.026,8,0,9,8
panel_B,PairError-QTE,0.02,full,500,25,19,2,475,4,0.034,0.022,0.044,18,0,2,5
fault_01,PairError-QTE,0.02,full,50,50,0,0,50,0,0.0,0.0,0.0,26,0,11,13
fault_02,PairError-QTE,0.02,full,50,50,0,0,50,0,0.0,0.0,0.0,26,0,11,13
fault_03,PairError-QTE,0.02,full,50,50,1,3,46,0,-0.04,-0.12,0.04,26,0,11,13
fault_04,PairError-QTE,0.02,full,50,50,0,0,50,0,0.0,0.0,0.0,26,0,11,13
fault_05,PairError-QTE,0.02,full,50,50,0,0,50,0,0.0,0.0,0.0,26,0,11,13
fault_06,PairError-QTE,0.02,full,50,50,0,1,49,0,-0.02,-0.06,0.0,26,0,11,13
fault_07,PairError-QTE,0.02,full,50,50,0,1,49,0,-0.02,-0.06,0.0,26,0,11,13
fault_08,PairError-QTE,0.02,full,50,50,0,0,50,0,0.0,0.0,0.0,26,0,11,13
fault_09,PairError-QTE,0.02,full,50,50,0,0,50,0,0.0,0.0,0.0,26,0,11,13
fault_10,PairError-QTE,0.02,full,50,50,0,0,50,0,0.0,0.0,0.0,26,0,11,13
fault_11,PairError-QTE,0.02,full,50,50,0,0,50,0,0.0,0.0,0.0,26,0,11,13
fault_12,PairError-QTE,0.02,full,50,50,0,0,50,0,0.0,0.0,0.0,26,0,11,13
fault_13,PairError-QTE,0.02,full,50,50,0,0,50,0,0.0,0.0,0.0,26,0,11,13
fault_14,PairError-QTE,0.02,full,50,50,0,0,50,0,0.0,0.0,0.0,26,0,11,13
fault_15,PairError-QTE,0.02,full,50,50,27,0,10,13,0.54,0.4,0.68,26,0,11,13
fault_16,PairError-QTE,0.02,full,50,50,0,0,50,0,0.0,0.0,0.0,26,0,11,13
fault_17,PairError-QTE,0.02,full,50,50,0,0,50,0,0.0,0.0,0.0,26,0,11,13
fault_18,PairError-QTE,0.02,full,50,50,0,0,50,0,0.0,0.0,0.0,26,0,11,13
fault_19,PairError-QTE,0.02,full,50,50,0,0,50,0,0.0,0.0,0.0,26,0,11,13
fault_20,PairError-QTE,0.02,full,50,50,0,0,50,0,0.0,0.0,0.0,26,0,11,13
all,PCA-SPE,0.02,full,1000,50,42,10,940,8,0.032,0.015,0.05,13,6,24,7
panel_A,PCA-SPE,0.02,full,500,25,22,6,466,6,0.032,0.008,0.058,6,3,11,5
panel_B,PCA-SPE,0.02,full,500,25,20,4,474,2,0.032,0.006,0.05609999999999991,7,3,13,2
fault_01,PCA-SPE,0.02,full,50,50,0,0,50,0,0.0,0.0,0.0,13,6,24,7
fault_02,PCA-SPE,0.02,full,50,50,0,0,50,0,0.0,0.0,0.0,13,6,24,7
fault_03,PCA-SPE,0.02,full,50,50,16,1,31,2,0.3,0.18,0.44,13,6,24,7
fault_04,PCA-SPE,0.02,full,50,50,0,0,50,0,0.0,0.0,0.0,13,6,24,7
fault_05,PCA-SPE,0.02,full,50,50,0,0,50,0,0.0,0.0,0.0,13,6,24,7
fault_06,PCA-SPE,0.02,full,50,50,0,1,49,0,-0.02,-0.06,0.0,13,6,24,7
fault_07,PCA-SPE,0.02,full,50,50,0,1,49,0,-0.02,-0.06,0.0,13,6,24,7
fault_08,PCA-SPE,0.02,full,50,50,0,0,50,0,0.0,0.0,0.0,13,6,24,7
fault_09,PCA-SPE,0.02,full,50,50,17,0,33,0,0.34,0.2,0.46099999999999913,13,6,24,7
fault_10,PCA-SPE,0.02,full,50,50,0,0,50,0,0.0,0.0,0.0,13,6,24,7
fault_11,PCA-SPE,0.02,full,50,50,0,0,50,0,0.0,0.0,0.0,13,6,24,7
fault_12,PCA-SPE,0.02,full,50,50,0,0,50,0,0.0,0.0,0.0,13,6,24,7
fault_13,PCA-SPE,0.02,full,50,50,0,0,50,0,0.0,0.0,0.0,13,6,24,7
fault_14,PCA-SPE,0.02,full,50,50,0,0,50,0,0.0,0.0,0.0,13,6,24,7
fault_15,PCA-SPE,0.02,full,50,50,9,7,28,6,0.04,-0.1,0.2,13,6,24,7
fault_16,PCA-SPE,0.02,full,50,50,0,0,50,0,0.0,0.0,0.0,13,6,24,7
fault_17,PCA-SPE,0.02,full,50,50,0,0,50,0,0.0,0.0,0.0,13,6,24,7
fault_18,PCA-SPE,0.02,full,50,50,0,0,50,0,0.0,0.0,0.0,13,6,24,7
fault_19,PCA-SPE,0.02,full,50,50,0,0,50,0,0.0,0.0,0.0,13,6,24,7
fault_20,PCA-SPE,0.02,full,50,50,0,0,50,0,0.0,0.0,0.0,13,6,24,7
all,S_QTE,0.02,early,1000,50,46,7,829,118,0.039,0.023,0.056,5,1,3,41
panel_A,S_QTE,0.02,early,500,25,23,1,418,58,0.044,0.026,0.064,2,0,3,20
panel_B,S_QTE,0.02,early,500,25,23,6,411,60,0.034,0.008,0.06,3,1,0,21
fault_01,S_QTE,0.02,early,50,50,0,0,50,0,0.0,0.0,0.0,5,1,3,41
fault_02,S_QTE,0.02,early,50,50,0,0,50,0,0.0,0.0,0.0,5,1,3,41
fault_03,S_QTE,0.02,early,50,50,8,1,3,38,0.14,0.02,0.26,5,1,3,41
fault_04,S_QTE,0.02,early,50,50,0,0,50,0,0.0,0.0,0.0,5,1,3,41
fault_05,S_QTE,0.02,early,50,50,0,0,50,0,0.0,0.0,0.0,5,1,3,41
fault_06,S_QTE,0.02,early,50,50,0,1,49,0,-0.02,-0.06,0.0,5,1,3,41
fault_07,S_QTE,0.02,early,50,50,0,1,49,0,-0.02,-0.06,0.0,5,1,3,41
fault_08,S_QTE,0.02,early,50,50,0,0,50,0,0.0,0.0,0.0,5,1,3,41
fault_09,S_QTE,0.02,early,50,50,13,0,3,34,0.26,0.14,0.4,5,1,3,41
fault_10,S_QTE,0.02,early,50,50,17,0,32,1,0.34,0.22,0.48,5,1,3,41
fault_11,S_QTE,0.02,early,50,50,0,0,50,0,0.0,0.0,0.0,5,1,3,41
fault_12,S_QTE,0.02,early,50,50,0,0,50,0,0.0,0.0,0.0,5,1,3,41
fault_13,S_QTE,0.02,early,50,50,1,0,48,1,0.02,0.0,0.06,5,1,3,41
fault_14,S_QTE,0.02,early,50,50,0,0,50,0,0.0,0.0,0.0,5,1,3,41
fault_15,S_QTE,0.02,early,50,50,5,3,3,39,0.04,-0.06,0.16,5,1,3,41
fault_16,S_QTE,0.02,early,50,50,0,0,50,0,0.0,0.0,0.0,5,1,3,41
fault_17,S_QTE,0.02,early,50,50,0,0,50,0,0.0,0.0,0.0,5,1,3,41
fault_18,S_QTE,0.02,early,50,50,1,0,44,5,0.02,0.0,0.06,5,1,3,41
fault_19,S_QTE,0.02,early,50,50,0,0,50,0,0.0,0.0,0.0,5,1,3,41
fault_20,S_QTE,0.02,early,50,50,1,1,48,0,0.0,-0.06,0.06,5,1,3,41
all,Jr_QTE,0.02,early,1000,50,23,23,852,102,0.0,-0.016,0.017,7,1,1,41
panel_A,Jr_QTE,0.02,early,500,25,11,13,430,46,-0.004,-0.028,0.022,4,0,1,20
panel_B,Jr_QTE,0.02,early,500,25,12,10,422,56,0.004,-0.02,0.028,3,1,0,21
fault_01,Jr_QTE,0.02,early,50,50,0,0,50,0,0.0,0.0,0.0,7,1,1,41
fault_02,Jr_QTE,0.02,early,50,50,0,0,50,0,0.0,0.0,0.0,7,1,1,41
fault_03,Jr_QTE,0.02,early,50,50,8,6,3,33,0.04,-0.1,0.18099999999999908,7,1,1,41
fault_04,Jr_QTE,0.02,early,50,50,0,0,50,0,0.0,0.0,0.0,7,1,1,41
fault_05,Jr_QTE,0.02,early,50,50,0,0,50,0,0.0,0.0,0.0,7,1,1,41
fault_06,Jr_QTE,0.02,early,50,50,0,1,49,0,-0.02,-0.06,0.0,7,1,1,41
fault_07,Jr_QTE,0.02,early,50,50,0,1,49,0,-0.02,-0.06,0.0,7,1,1,41
fault_08,Jr_QTE,0.02,early,50,50,0,0,50,0,0.0,0.0,0.0,7,1,1,41
fault_09,Jr_QTE,0.02,early,50,50,5,13,11,21,-0.16,-0.32,0.0,7,1,1,41
fault_10,Jr_QTE,0.02,early,50,50,3,0,46,1,0.06,0.0,0.14,7,1,1,41
fault_11,Jr_QTE,0.02,early,50,50,0,0,50,0,0.0,0.0,0.0,7,1,1,41
fault_12,Jr_QTE,0.02,early,50,50,0,0,50,0,0.0,0.0,0.0,7,1,1,41
fault_13,Jr_QTE,0.02,early,50,50,0,0,49,1,0.0,0.0,0.0,7,1,1,41
fault_14,Jr_QTE,0.02,early,50,50,0,0,50,0,0.0,0.0,0.0,7,1,1,41
fault_15,Jr_QTE,0.02,early,50,50,7,1,1,41,0.12,0.02,0.24,7,1,1,41
fault_16,Jr_QTE,0.02,early,50,50,0,0,50,0,0.0,0.0,0.0,7,1,1,41
fault_17,Jr_QTE,0.02,early,50,50,0,0,50,0,0.0,0.0,0.0,7,1,1,41
fault_18,Jr_QTE,0.02,early,50,50,0,0,45,5,0.0,0.0,0.0,7,1,1,41
fault_19,Jr_QTE,0.02,early,50,50,0,0,50,0,0.0,0.0,0.0,7,1,1,41
fault_20,Jr_QTE,0.02,early,50,50,0,1,49,0,-0.02,-0.06,0.0,7,1,1,41
all,PairError-QTE,0.02,early,1000,50,20,24,855,101,-0.004,-0.02,0.013049999999999954,7,1,1,41
panel_A,PairError-QTE,0.02,early,500,25,10,13,431,46,-0.006,-0.03,0.02,4,0,1,20
panel_B,PairError-QTE,0.02,early,500,25,10,11,424,55,-0.002,-0.026,0.022,3,1,0,21
fault_01,PairError-QTE,0.02,early,50,50,0,0,50,0,0.0,0.0,0.0,7,1,1,41
fault_02,PairError-QTE,0.02,early,50,50,0,0,50,0,0.0,0.0,0.0,7,1,1,41
fault_03,PairError-QTE,0.02,early,50,50,7,7,4,32,0.0,-0.14,0.16,7,1,1,41
fault_04,PairError-QTE,0.02,early,50,50,0,0,50,0,0.0,0.0,0.0,7,1,1,41
fault_05,PairError-QTE,0.02,early,50,50,0,0,50,0,0.0,0.0,0.0,7,1,1,41
fault_06,PairError-QTE,0.02,early,50,50,0,1,49,0,-0.02,-0.06,0.0,7,1,1,41
fault_07,PairError-QTE,0.02,early,50,50,0,1,49,0,-0.02,-0.06,0.0,7,1,1,41
fault_08,PairError-QTE,0.02,early,50,50,0,0,50,0,0.0,0.0,0.0,7,1,1,41
fault_09,PairError-QTE,0.02,early,50,50,6,13,10,21,-0.14,-0.3,0.02,7,1,1,41
fault_10,PairError-QTE,0.02,early,50,50,0,0,49,1,0.0,0.0,0.0,7,1,1,41
fault_11,PairError-QTE,0.02,early,50,50,0,0,50,0,0.0,0.0,0.0,7,1,1,41
fault_12,PairError-QTE,0.02,early,50,50,0,0,50,0,0.0,0.0,0.0,7,1,1,41
fault_13,PairError-QTE,0.02,early,50,50,0,0,49,1,0.0,0.0,0.0,7,1,1,41
fault_14,PairError-QTE,0.02,early,50,50,0,0,50,0,0.0,0.0,0.0,7,1,1,41
fault_15,PairError-QTE,0.02,early,50,50,7,1,1,41,0.12,0.02,0.24,7,1,1,41
fault_16,PairError-QTE,0.02,early,50,50,0,0,50,0,0.0,0.0,0.0,7,1,1,41
fault_17,PairError-QTE,0.02,early,50,50,0,0,50,0,0.0,0.0,0.0,7,1,1,41
fault_18,PairError-QTE,0.02,early,50,50,0,0,45,5,0.0,0.0,0.0,7,1,1,41
fault_19,PairError-QTE,0.02,early,50,50,0,0,50,0,0.0,0.0,0.0,7,1,1,41
fault_20,PairError-QTE,0.02,early,50,50,0,1,49,0,-0.02,-0.06,0.0,7,1,1,41
all,PCA-SPE,0.02,early,1000,50,35,22,840,103,0.013,-0.010049999999999998,0.033,7,5,1,37
panel_A,PCA-SPE,0.02,early,500,25,19,12,422,47,0.014,-0.024,0.05,4,4,1,16
panel_B,PCA-SPE,0.02,early,500,25,16,10,418,56,0.012,-0.016,0.04,3,1,0,21
fault_01,PCA-SPE,0.02,early,50,50,0,0,50,0,0.0,0.0,0.0,7,5,1,37
fault_02,PCA-SPE,0.02,early,50,50,0,0,50,0,0.0,0.0,0.0,7,5,1,37
fault_03,PCA-SPE,0.02,early,50,50,10,6,1,33,0.08,-0.08,0.22,7,5,1,37
fault_04,PCA-SPE,0.02,early,50,50,0,0,50,0,0.0,0.0,0.0,7,5,1,37
fault_05,PCA-SPE,0.02,early,50,50,0,0,50,0,0.0,0.0,0.0,7,5,1,37
fault_06,PCA-SPE,0.02,early,50,50,0,1,49,0,-0.02,-0.06,0.0,7,5,1,37
fault_07,PCA-SPE,0.02,early,50,50,0,1,49,0,-0.02,-0.06,0.0,7,5,1,37
fault_08,PCA-SPE,0.02,early,50,50,0,0,50,0,0.0,0.0,0.0,7,5,1,37
fault_09,PCA-SPE,0.02,early,50,50,14,5,2,29,0.18,0.01900000000000006,0.32,7,5,1,37
fault_10,PCA-SPE,0.02,early,50,50,3,0,46,1,0.06,0.0,0.14,7,5,1,37
fault_11,PCA-SPE,0.02,early,50,50,0,0,50,0,0.0,0.0,0.0,7,5,1,37
fault_12,PCA-SPE,0.02,early,50,50,0,0,50,0,0.0,0.0,0.0,7,5,1,37
fault_13,PCA-SPE,0.02,early,50,50,0,1,49,0,-0.02,-0.06,0.0,7,5,1,37
fault_14,PCA-SPE,0.02,early,50,50,0,0,50,0,0.0,0.0,0.0,7,5,1,37
fault_15,PCA-SPE,0.02,early,50,50,7,7,1,35,0.0,-0.14,0.14,7,5,1,37
fault_16,PCA-SPE,0.02,early,50,50,0,0,50,0,0.0,0.0,0.0,7,5,1,37
fault_17,PCA-SPE,0.02,early,50,50,0,0,50,0,0.0,0.0,0.0,7,5,1,37
fault_18,PCA-SPE,0.02,early,50,50,1,0,44,5,0.02,0.0,0.06,7,5,1,37
fault_19,PCA-SPE,0.02,early,50,50,0,0,50,0,0.0,0.0,0.0,7,5,1,37
fault_20,PCA-SPE,0.02,early,50,50,0,1,49,0,-0.02,-0.06,0.0,7,5,1,37
