group,method,alpha,horizon,runs,detected,missed,recall,recall_low,recall_high,family_units,median_detected_delay_minutes,p90_detected_delay_minutes,mean_capped_delay_minutes,prealarm_fraction,any_hit_fraction,fault_alarm_fraction,alarm_episodes,maximum_alarm_minutes
all,S_QTE,0.005,full,1000,867,133,0.867,0.856,0.879,50,57.0,234.0,412.76099999999997,0.0,0.867,0.79256625,1243,2394
panel_A,S_QTE,0.005,full,500,440,60,0.88,0.858,0.906,25,57.0,258.30000000000007,399.13200000000006,0.0,0.88,0.7917075,634,2394
panel_B,S_QTE,0.005,full,500,427,73,0.854,0.85,0.862,25,60.0,210.0,426.39,0.0,0.854,0.793425,609,2394
fault_01,S_QTE,0.005,full,50,50,0,1.0,1.0,1.0,50,24.0,27.0,23.1,0.0,1.0,0.990375,50,2385
fault_02,S_QTE,0.005,full,50,50,0,1.0,1.0,1.0,50,69.0,72.0,67.98,0.0,1.0,0.971675,50,2349
fault_03,S_QTE,0.005,full,50,4,46,0.08,0.02,0.16,50,868.5,1992.3000000000002,2295.2400000000002,0.0,0.08,0.004125,4,201
fault_04,S_QTE,0.005,full,50,50,0,1.0,1.0,1.0,50,9.0,9.300000000000004,8.16,0.0,1.0,0.9966,50,2394
fault_05,S_QTE,0.005,full,50,50,0,1.0,1.0,1.0,50,15.0,33.0,19.98,0.0,1.0,0.991675,50,2388
fault_06,S_QTE,0.005,full,50,50,0,1.0,1.0,1.0,50,9.0,15.0,10.26,0.0,1.0,0.995725,50,2394
fault_07,S_QTE,0.005,full,50,50,0,1.0,1.0,1.0,50,6.0,6.0,6.12,0.0,1.0,0.99745,50,2394
fault_08,S_QTE,0.005,full,50,50,0,1.0,1.0,1.0,50,88.5,123.9,86.82000000000001,0.0,1.0,0.963825,50,2361
fault_09,S_QTE,0.005,full,50,6,44,0.12,0.04,0.2009999999999991,50,570.0,1741.5,2214.7799999999997,0.0,0.12,0.0067,7,201
fault_10,S_QTE,0.005,full,50,50,0,1.0,1.0,1.0,50,279.0,504.90000000000003,323.28000000000003,0.0,1.0,0.626825,188,2055
fault_11,S_QTE,0.005,full,50,50,0,1.0,1.0,1.0,50,33.0,60.0,36.36,0.0,1.0,0.98485,50,2388
fault_12,S_QTE,0.005,full,50,50,0,1.0,1.0,1.0,50,39.0,78.30000000000001,45.599999999999994,0.0,1.0,0.980925,51,2382
fault_13,S_QTE,0.005,full,50,50,0,1.0,1.0,1.0,50,139.5,261.6,157.26,0.0,1.0,0.934275,51,2346
fault_14,S_QTE,0.005,full,50,50,0,1.0,1.0,1.0,50,12.0,15.0,12.66,0.0,1.0,0.994725,50,2391
fault_15,S_QTE,0.005,full,50,7,43,0.14,0.06,0.24,50,723.0,1641.6000000000004,2191.44,0.0,0.14,0.00965,7,192
fault_16,S_QTE,0.005,full,50,50,0,1.0,1.0,1.0,50,207.0,487.20000000000005,244.20000000000002,0.0,1.0,0.61525,285,1065
fault_17,S_QTE,0.005,full,50,50,0,1.0,1.0,1.0,50,126.0,186.0,123.35999999999999,0.0,1.0,0.9486,50,2370
fault_18,S_QTE,0.005,full,50,50,0,1.0,1.0,1.0,50,171.0,254.10000000000002,175.2,0.0,1.0,0.927,50,2352
fault_19,S_QTE,0.005,full,50,50,0,1.0,1.0,1.0,50,52.5,72.30000000000001,52.199999999999996,0.0,1.0,0.97825,50,2376
fault_20,S_QTE,0.005,full,50,50,0,1.0,1.0,1.0,50,169.5,234.9,161.22,0.0,1.0,0.932825,50,2358
all,Jr_QTE,0.005,full,1000,906,94,0.906,0.89595,0.917,50,42.0,198.0,331.64700000000005,0.0,0.906,0.82703625,1065,2394
panel_A,Jr_QTE,0.005,full,500,460,40,0.92,0.904,0.938,25,42.0,207.30000000000007,310.224,0.0,0.92,0.8273425,545,2394
panel_B,Jr_QTE,0.005,full,500,446,54,0.892,0.88,0.904,25,42.0,181.5,353.07,0.0,0.892,0.82673,520,2394
fault_01,Jr_QTE,0.005,full,50,50,0,1.0,1.0,1.0,50,15.0,18.0,15.48,0.0,1.0,0.99355,50,2388
fault_02,Jr_QTE,0.005,full,50,50,0,1.0,1.0,1.0,50,48.0,54.0,48.900000000000006,0.0,1.0,0.979625,50,2370
fault_03,Jr_QTE,0.005,full,50,6,44,0.12,0.04,0.22,50,373.5,1339.5,2185.08,0.0,0.12,0.00725,7,204
fault_04,Jr_QTE,0.005,full,50,50,0,1.0,1.0,1.0,50,9.0,9.0,8.58,0.0,1.0,0.996425,50,2394
fault_05,Jr_QTE,0.005,full,50,50,0,1.0,1.0,1.0,50,15.0,18.0,15.600000000000001,0.0,1.0,0.9935,50,2388
fault_06,Jr_QTE,0.005,full,50,50,0,1.0,1.0,1.0,50,6.0,6.0,6.0,0.0,1.0,0.9975,50,2394
fault_07,Jr_QTE,0.005,full,50,50,0,1.0,1.0,1.0,50,6.0,6.0,6.0,0.0,1.0,0.9975,50,2394
fault_08,Jr_QTE,0.005,full,50,50,0,1.0,1.0,1.0,50,66.0,105.30000000000001,68.88,0.0,1.0,0.9713,50,2367
fault_09,Jr_QTE,0.005,full,50,42,8,0.84,0.72,0.94,50,925.5,2040.0,1261.44,0.0,0.84,0.039875,87,243
fault_10,Jr_QTE,0.005,full,50,50,0,1.0,1.0,1.0,50,153.0,294.00000000000006,170.28,0.0,1.0,0.8821,106,2328
fault_11,Jr_QTE,0.005,full,50,50,0,1.0,1.0,1.0,50,30.0,46.20000000000002,32.94,0.0,1.0,0.986275,50,2388
fault_12,Jr_QTE,0.005,full,50,50,0,1.0,1.0,1.0,50,39.0,81.0,45.18,0.0,1.0,0.981175,50,2382
fault_13,Jr_QTE,0.005,full,50,50,0,1.0,1.0,1.0,50,105.0,184.20000000000002,114.12,0.0,1.0,0.95245,50,2367
fault_14,Jr_QTE,0.005,full,50,50,0,1.0,1.0,1.0,50,9.0,15.0,10.2,0.0,1.0,0.99575,50,2394
fault_15,Jr_QTE,0.005,full,50,8,42,0.16,0.07900000000000006,0.26,50,400.5,1557.6,2138.52,0.0,0.16,0.01145,11,192
fault_16,Jr_QTE,0.005,full,50,50,0,1.0,1.0,1.0,50,91.5,187.20000000000002,103.97999999999999,0.0,1.0,0.9224,104,2361
fault_17,Jr_QTE,0.005,full,50,50,0,1.0,1.0,1.0,50,99.0,162.60000000000002,99.06,0.0,1.0,0.958725,50,2376
fault_18,Jr_QTE,0.005,full,50,50,0,1.0,1.0,1.0,50,151.5,235.8,150.06,0.0,1.0,0.937475,50,2364
fault_19,Jr_QTE,0.005,full,50,50,0,1.0,1.0,1.0,50,15.0,24.0,16.740000000000002,0.0,1.0,0.993025,50,2394
fault_20,Jr_QTE,0.005,full,50,50,0,1.0,1.0,1.0,50,138.0,207.9,135.89999999999998,0.0,1.0,0.943375,50,2364
all,Dr_QTE,0.005,full,1000,899,101,0.899,0.886,0.913,50,48.0,171.0,346.49699999999996,0.0,0.899,0.79377875,1305,2394
panel_A,Dr_QTE,0.005,full,500,451,49,0.902,0.8859,0.92,25,48.0,171.0,344.592,0.0,0.902,0.793205,648,2394
panel_B,Dr_QTE,0.005,full,500,448,52,0.896,0.878,0.912,25,48.0,171.0,348.402,0.0,0.896,0.7943525,657,2394
fault_01,Dr_QTE,0.005,full,50,50,0,1.0,1.0,1.0,50,18.0,18.300000000000004,17.28,0.0,1.0,0.9928,50,2388
fault_02,Dr_QTE,0.005,full,50,50,0,1.0,1.0,1.0,50,48.0,54.0,47.58,0.0,1.0,0.980175,50,2364
fault_03,Dr_QTE,0.005,full,50,13,37,0.26,0.14,0.38,50,702.0,2088.0000000000005,2020.62,0.0,0.26,0.004425,19,174
fault_04,Dr_QTE,0.005,full,50,50,0,1.0,1.0,1.0,50,33.0,42.300000000000004,34.38,0.0,1.0,0.985675,50,2379
fault_05,Dr_QTE,0.005,full,50,50,0,1.0,1.0,1.0,50,45.0,48.0,43.38,0.0,1.0,0.324,278,648
fault_06,Dr_QTE,0.005,full,50,50,0,1.0,1.0,1.0,50,6.0,6.0,6.0,0.0,1.0,0.9975,50,2394
fault_07,Dr_QTE,0.005,full,50,50,0,1.0,1.0,1.0,50,6.0,9.0,7.199999999999999,0.0,1.0,0.997,50,2394
fault_08,Dr_QTE,0.005,full,50,50,0,1.0,1.0,1.0,50,60.0,96.60000000000001,64.86,0.0,1.0,0.971,60,2367
fault_09,Dr_QTE,0.005,full,50,31,19,0.62,0.48,0.76,50,999.0,1788.0,1574.6399999999999,0.0,0.62,0.0131,54,147
fault_10,Dr_QTE,0.005,full,50,50,0,1.0,1.0,1.0,50,88.5,156.3,94.98,0.0,1.0,0.956825,64,2370
fault_11,Dr_QTE,0.005,full,50,50,0,1.0,1.0,1.0,50,60.0,96.0,61.739999999999995,0.0,1.0,0.970675,65,2376
fault_12,Dr_QTE,0.005,full,50,50,0,1.0,1.0,1.0,50,99.0,153.3,103.19999999999999,0.0,1.0,0.9384,110,2352
fault_13,Dr_QTE,0.005,full,50,50,0,1.0,1.0,1.0,50,108.0,187.20000000000002,119.10000000000001,0.0,1.0,0.950375,50,2364
fault_14,Dr_QTE,0.005,full,50,50,0,1.0,1.0,1.0,50,15.0,21.300000000000004,16.259999999999998,0.0,1.0,0.993225,50,2394
fault_15,Dr_QTE,0.005,full,50,5,45,0.1,0.02,0.2,50,666.0,1819.8000000000002,2261.58,0.0,0.1,0.0025,9,126
fault_16,Dr_QTE,0.005,full,50,50,0,1.0,1.0,1.0,50,48.0,93.0,55.38,0.0,1.0,0.96545,94,2379
fault_17,Dr_QTE,0.005,full,50,50,0,1.0,1.0,1.0,50,102.0,168.3,104.22,0.0,1.0,0.956575,50,2376
fault_18,Dr_QTE,0.005,full,50,50,0,1.0,1.0,1.0,50,154.5,233.40000000000003,152.39999999999998,0.0,1.0,0.9365,50,2364
fault_19,Dr_QTE,0.005,full,50,50,0,1.0,1.0,1.0,50,15.0,27.0,16.86,0.0,1.0,0.992825,52,2394
fault_20,Dr_QTE,0.005,full,50,50,0,1.0,1.0,1.0,50,127.5,201.60000000000002,128.28,0.0,1.0,0.94655,50,2367
all,PairError-QTE,0.005,full,1000,910,90,0.91,0.899,0.921,50,42.0,180.0,318.231,0.0,0.91,0.83294875,1049,2394
panel_A,PairError-QTE,0.005,full,500,460,40,0.92,0.904,0.938,25,42.0,180.9000000000002,300.37800000000004,0.0,0.92,0.833535,533,2394
panel_B,PairError-QTE,0.005,full,500,450,50,0.9,0.888,0.912,25,42.0,171.30000000000007,336.084,0.0,0.9,0.8323625,516,2394
fault_01,PairError-QTE,0.005,full,50,50,0,1.0,1.0,1.0,50,15.0,15.300000000000004,15.120000000000001,0.0,1.0,0.9937,50,2388
fault_02,PairError-QTE,0.005,full,50,50,0,1.0,1.0,1.0,50,45.0,51.0,46.44,0.0,1.0,0.98065,50,2367
fault_03,PairError-QTE,0.005,full,50,8,42,0.16,0.06,0.26,50,399.0,2205.6,2169.7200000000003,0.0,0.16,0.0076,11,207
fault_04,PairError-QTE,0.005,full,50,50,0,1.0,1.0,1.0,50,7.5,9.0,7.5,0.0,1.0,0.996875,50,2394
fault_05,PairError-QTE,0.005,full,50,50,0,1.0,1.0,1.0,50,15.0,18.0,15.0,0.0,1.0,0.99375,50,2388
fault_06,PairError-QTE,0.005,full,50,50,0,1.0,1.0,1.0,50,6.0,6.0,6.0,0.0,1.0,0.9975,50,2394
fault_07,PairError-QTE,0.005,full,50,50,0,1.0,1.0,1.0,50,6.0,6.0,6.0,0.0,1.0,0.9975,50,2394
fault_08,PairError-QTE,0.005,full,50,50,0,1.0,1.0,1.0,50,63.0,99.30000000000001,66.9,0.0,1.0,0.972125,50,2367
fault_09,PairError-QTE,0.005,full,50,44,6,0.88,0.78,0.96,50,807.0,1806.3,1103.6999999999998,0.0,0.88,0.059825,113,204
fault_10,PairError-QTE,0.005,full,50,50,0,1.0,1.0,1.0,50,105.0,177.3,113.64000000000001,0.0,1.0,0.9463,66,2367
fault_11,PairError-QTE,0.005,full,50,50,0,1.0,1.0,1.0,50,30.0,46.20000000000002,32.88,0.0,1.0,0.9863,50,2388
fault_12,PairError-QTE,0.005,full,50,50,0,1.0,1.0,1.0,50,37.5,78.0,42.06,0.0,1.0,0.982325,51,2382
fault_13,PairError-QTE,0.005,full,50,50,0,1.0,1.0,1.0,50,103.5,181.20000000000002,113.10000000000001,0.0,1.0,0.952875,50,2367
fault_14,PairError-QTE,0.005,full,50,50,0,1.0,1.0,1.0,50,9.0,12.300000000000004,9.84,0.0,1.0,0.9959,50,2394
fault_15,PairError-QTE,0.005,full,50,8,42,0.16,0.07900000000000006,0.26,50,400.5,1554.6,2138.34,0.0,0.16,0.011675,13,195
fault_16,PairError-QTE,0.005,full,50,50,0,1.0,1.0,1.0,50,67.5,132.3,79.26,0.0,1.0,0.950375,95,2373
fault_17,PairError-QTE,0.005,full,50,50,0,1.0,1.0,1.0,50,99.0,162.60000000000002,98.76,0.0,1.0,0.95885,50,2376
fault_18,PairError-QTE,0.005,full,50,50,0,1.0,1.0,1.0,50,151.5,235.8,149.52,0.0,1.0,0.9377,50,2364
fault_19,PairError-QTE,0.005,full,50,50,0,1.0,1.0,1.0,50,15.0,24.0,16.799999999999997,0.0,1.0,0.993,50,2394
fault_20,PairError-QTE,0.005,full,50,50,0,1.0,1.0,1.0,50,135.0,213.0,134.04,0.0,1.0,0.94415,50,2364
all,PCA-SPE,0.005,full,1000,900,100,0.9,0.881,0.92,50,60.0,192.30000000000007,360.48,0.0,0.9,0.82435625,1011,2394
panel_A,PCA-SPE,0.005,full,500,455,45,0.91,0.884,0.9360999999999999,25,57.0,199.80000000000007,330.264,0.0,0.91,0.8249525,509,2394
panel_B,PCA-SPE,0.005,full,500,445,55,0.89,0.868,0.916,25,63.0,187.80000000000007,390.696,0.0,0.89,0.82376,502,2394
fault_01,PCA-SPE,0.005,full,50,50,0,1.0,1.0,1.0,50,21.0,24.0,20.4,0.0,1.0,0.9915,50,2385
fault_02,PCA-SPE,0.005,full,50,50,0,1.0,1.0,1.0,50,66.0,72.0,64.14,0.0,1.0,0.973275,50,2358
fault_03,PCA-SPE,0.005,full,50,17,33,0.34,0.2,0.48,50,1086.0,2124.6,1984.08,0.0,0.34,0.012125,23,177
fault_04,PCA-SPE,0.005,full,50,50,0,1.0,1.0,1.0,50,19.5,24.0,19.14,0.0,1.0,0.992025,50,2388
fault_05,PCA-SPE,0.005,full,50,50,0,1.0,1.0,1.0,50,24.0,30.0,24.36,0.0,1.0,0.9884,58,2388
fault_06,PCA-SPE,0.005,full,50,50,0,1.0,1.0,1.0,50,6.0,6.0,6.0,0.0,1.0,0.9975,50,2394
fault_07,PCA-SPE,0.005,full,50,50,0,1.0,1.0,1.0,50,12.0,12.0,10.74,0.0,1.0,0.995525,50,2394
fault_08,PCA-SPE,0.005,full,50,50,0,1.0,1.0,1.0,50,75.0,117.30000000000001,77.52,0.0,1.0,0.9677,50,2367
fault_09,PCA-SPE,0.005,full,50,15,35,0.3,0.18,0.4209999999999991,50,1086.0,2166.6,2044.2599999999998,0.0,0.3,0.013925,21,174
fault_10,PCA-SPE,0.005,full,50,50,0,1.0,1.0,1.0,50,141.0,240.0,159.18,0.0,1.0,0.90085,93,2331
fault_11,PCA-SPE,0.005,full,50,50,0,1.0,1.0,1.0,50,42.0,72.30000000000001,46.980000000000004,0.0,1.0,0.980425,50,2382
fault_12,PCA-SPE,0.005,full,50,50,0,1.0,1.0,1.0,50,43.5,75.60000000000001,48.900000000000006,0.0,1.0,0.979625,50,2382
fault_13,PCA-SPE,0.005,full,50,50,0,1.0,1.0,1.0,50,121.5,204.60000000000002,130.07999999999998,0.0,1.0,0.945725,51,2355
fault_14,PCA-SPE,0.005,full,50,50,0,1.0,1.0,1.0,50,15.0,21.0,15.18,0.0,1.0,0.993675,50,2391
fault_15,PCA-SPE,0.005,full,50,18,32,0.36,0.22,0.5,50,1287.0,2100.0,1966.7400000000002,0.0,0.36,0.014875,29,195
fault_16,PCA-SPE,0.005,full,50,50,0,1.0,1.0,1.0,50,85.5,168.9,97.97999999999999,0.0,1.0,0.94645,82,2358
fault_17,PCA-SPE,0.005,full,50,50,0,1.0,1.0,1.0,50,112.5,171.60000000000002,111.84,0.0,1.0,0.9534,50,2373
fault_18,PCA-SPE,0.005,full,50,50,0,1.0,1.0,1.0,50,162.0,242.40000000000003,166.26,0.0,1.0,0.930725,50,2355
fault_19,PCA-SPE,0.005,full,50,50,0,1.0,1.0,1.0,50,79.5,126.0,82.26,0.0,1.0,0.96505,54,2379
fault_20,PCA-SPE,0.005,full,50,50,0,1.0,1.0,1.0,50,135.0,210.9,133.56,0.0,1.0,0.94435,50,2364
all,S_QTE,0.005,early,1000,784,216,0.784,0.772,0.797,50,48.0,177.0,104.673,0.0,0.784,0.563325,788,234
panel_A,S_QTE,0.005,early,500,388,112,0.776,0.758,0.794,25,43.5,180.0,105.702,0.0,0.776,0.55915,390,234
panel_B,S_QTE,0.005,early,500,396,104,0.792,0.772,0.8100999999999999,25,48.0,175.5,103.644,0.0,0.792,0.5675,398,234
fault_01,S_QTE,0.005,early,50,50,0,1.0,1.0,1.0,50,24.0,27.0,23.1,0.0,1.0,0.90375,50,225
fault_02,S_QTE,0.005,early,50,50,0,1.0,1.0,1.0,50,69.0,72.0,67.98,0.0,1.0,0.71675,50,189
fault_03,S_QTE,0.005,early,50,0,50,0.0,0.0,0.0,50,,,240.0,0.0,0.0,0.0,0,0
fault_04,S_QTE,0.005,early,50,50,0,1.0,1.0,1.0,50,9.0,9.300000000000004,8.16,0.0,1.0,0.966,50,234
fault_05,S_QTE,0.005,early,50,50,0,1.0,1.0,1.0,50,15.0,33.0,19.98,0.0,1.0,0.91675,50,228
fault_06,S_QTE,0.005,early,50,50,0,1.0,1.0,1.0,50,9.0,15.0,10.26,0.0,1.0,0.95725,50,234
fault_07,S_QTE,0.005,early,50,50,0,1.0,1.0,1.0,50,6.0,6.0,6.12,0.0,1.0,0.9745,50,234
fault_08,S_QTE,0.005,early,50,50,0,1.0,1.0,1.0,50,88.5,123.9,86.82000000000001,0.0,1.0,0.63825,50,201
fault_09,S_QTE,0.005,early,50,1,49,0.02,0.0,0.06,50,147.0,147.0,238.14,0.0,0.02,0.00775,1,93
fault_10,S_QTE,0.005,early,50,21,29,0.42,0.3,0.56,50,177.0,210.0,208.86,0.0,0.42,0.1265,21,180
fault_11,S_QTE,0.005,early,50,50,0,1.0,1.0,1.0,50,33.0,60.0,36.36,0.0,1.0,0.8485,50,228
fault_12,S_QTE,0.005,early,50,50,0,1.0,1.0,1.0,50,39.0,78.30000000000001,45.599999999999994,0.0,1.0,0.80925,51,222
fault_13,S_QTE,0.005,early,50,43,7,0.86,0.76,0.94,50,129.0,212.4,152.88,0.0,0.86,0.363,43,186
fault_14,S_QTE,0.005,early,50,50,0,1.0,1.0,1.0,50,12.0,15.0,12.66,0.0,1.0,0.94725,50,231
fault_15,S_QTE,0.005,early,50,1,49,0.02,0.0,0.06,50,162.0,162.0,238.44,0.0,0.02,0.0065,1,78
fault_16,S_QTE,0.005,early,50,31,19,0.62,0.48,0.76,50,177.0,222.0,194.82,0.0,0.62,0.1815,34,183
fault_17,S_QTE,0.005,early,50,49,1,0.98,0.94,1.0,50,123.0,183.60000000000002,123.30000000000001,0.0,0.98,0.48625,49,210
fault_18,S_QTE,0.005,early,50,43,7,0.86,0.76,0.94,50,156.0,214.8,168.60000000000002,0.0,0.86,0.2975,43,192
fault_19,S_QTE,0.005,early,50,50,0,1.0,1.0,1.0,50,52.5,72.30000000000001,52.199999999999996,0.0,1.0,0.7825,50,216
fault_20,S_QTE,0.005,early,50,45,5,0.9,0.8,0.98,50,159.0,213.0,159.18,0.0,0.9,0.33675,45,198
all,Jr_QTE,0.005,early,1000,843,157,0.843,0.832,0.856,50,36.0,153.0,86.466,0.0,0.843,0.6385375,844,234
panel_A,Jr_QTE,0.005,early,500,422,78,0.844,0.828,0.864,25,36.0,153.0,86.982,0.0,0.844,0.63545,422,234
panel_B,Jr_QTE,0.005,early,500,421,79,0.842,0.828,0.86,25,36.0,147.0,85.94999999999999,0.0,0.842,0.641625,422,234
fault_01,Jr_QTE,0.005,early,50,50,0,1.0,1.0,1.0,50,15.0,18.0,15.48,0.0,1.0,0.9355,50,228
fault_02,Jr_QTE,0.005,early,50,50,0,1.0,1.0,1.0,50,48.0,54.0,48.900000000000006,0.0,1.0,0.79625,50,210
fault_03,Jr_QTE,0.005,early,50,2,48,0.04,0.0,0.1,50,114.0,157.2,234.95999999999998,0.0,0.04,0.01575,2,117
fault_04,Jr_QTE,0.005,early,50,50,0,1.0,1.0,1.0,50,9.0,9.0,8.58,0.0,1.0,0.96425,50,234
fault_05,Jr_QTE,0.005,early,50,50,0,1.0,1.0,1.0,50,15.0,18.0,15.600000000000001,0.0,1.0,0.935,50,228
fault_06,Jr_QTE,0.005,early,50,50,0,1.0,1.0,1.0,50,6.0,6.0,6.0,0.0,1.0,0.975,50,234
fault_07,Jr_QTE,0.005,early,50,50,0,1.0,1.0,1.0,50,6.0,6.0,6.0,0.0,1.0,0.975,50,234
fault_08,Jr_QTE,0.005,early,50,50,0,1.0,1.0,1.0,50,66.0,105.30000000000001,68.88,0.0,1.0,0.713,50,207
fault_09,Jr_QTE,0.005,early,50,5,45,0.1,0.02,0.18,50,150.0,226.8,231.78000000000003,0.0,0.1,0.0285,5,120
fault_10,Jr_QTE,0.005,early,50,41,9,0.82,0.7,0.92,50,129.0,207.0,154.62,0.0,0.82,0.35575,41,201
fault_11,Jr_QTE,0.005,early,50,50,0,1.0,1.0,1.0,50,30.0,46.20000000000002,32.94,0.0,1.0,0.86275,50,228
fault_12,Jr_QTE,0.005,early,50,50,0,1.0,1.0,1.0,50,39.0,81.0,45.18,0.0,1.0,0.81175,50,222
fault_13,Jr_QTE,0.005,early,50,49,1,0.98,0.94,1.0,50,102.0,180.60000000000002,113.82,0.0,0.98,0.52575,49,207
fault_14,Jr_QTE,0.005,early,50,50,0,1.0,1.0,1.0,50,9.0,15.0,10.2,0.0,1.0,0.9575,50,234
fault_15,Jr_QTE,0.005,early,50,2,48,0.04,0.0,0.1,50,109.5,146.7,234.78000000000003,0.0,0.04,0.016,2,108
fault_16,Jr_QTE,0.005,early,50,49,1,0.98,0.94,1.0,50,90.0,174.00000000000006,103.85999999999999,0.0,0.98,0.56025,50,207
fault_17,Jr_QTE,0.005,early,50,50,0,1.0,1.0,1.0,50,99.0,162.60000000000002,99.06,0.0,1.0,0.58725,50,216
fault_18,Jr_QTE,0.005,early,50,45,5,0.9,0.82,0.98,50,135.0,196.20000000000002,146.04,0.0,0.9,0.3915,45,204
fault_19,Jr_QTE,0.005,early,50,50,0,1.0,1.0,1.0,50,15.0,24.0,16.740000000000002,0.0,1.0,0.93025,50,234
fault_20,Jr_QTE,0.005,early,50,50,0,1.0,1.0,1.0,50,138.0,207.9,135.89999999999998,0.0,1.0,0.43375,50,204
all,Dr_QTE,0.005,early,1000,845,155,0.845,0.838,0.852,50,48.0,144.0,88.98,0.0,0.845,0.6241625,878,234
panel_A,Dr_QTE,0.005,early,500,423,77,0.846,0.836,0.8560999999999999,25,48.0,150.0,90.402,0.0,0.846,0.617775,441,234
panel_B,Dr_QTE,0.005,early,500,422,78,0.844,0.836,0.852,25,45.0,135.0,87.55799999999999,0.0,0.844,0.63055,437,234
fault_01,Dr_QTE,0.005,early,50,50,0,1.0,1.0,1.0,50,18.0,18.300000000000004,17.28,0.0,1.0,0.928,50,228
fault_02,Dr_QTE,0.005,early,50,50,0,1.0,1.0,1.0,50,48.0,54.0,47.58,0.0,1.0,0.80175,50,204
fault_03,Dr_QTE,0.005,early,50,2,48,0.04,0.0,0.1,50,127.5,162.3,235.5,0.0,0.04,0.00075,2,6
fault_04,Dr_QTE,0.005,early,50,50,0,1.0,1.0,1.0,50,33.0,42.300000000000004,34.38,0.0,1.0,0.85675,50,219
fault_05,Dr_QTE,0.005,early,50,50,0,1.0,1.0,1.0,50,45.0,48.0,43.38,0.0,1.0,0.81925,50,204
fault_06,Dr_QTE,0.005,early,50,50,0,1.0,1.0,1.0,50,6.0,6.0,6.0,0.0,1.0,0.975,50,234
fault_07,Dr_QTE,0.005,early,50,50,0,1.0,1.0,1.0,50,6.0,9.0,7.199999999999999,0.0,1.0,0.97,50,234
fault_08,Dr_QTE,0.005,early,50,50,0,1.0,1.0,1.0,50,60.0,96.60000000000001,64.86,0.0,1.0,0.7245,53,207
fault_09,Dr_QTE,0.005,early,50,2,48,0.04,0.0,0.1,50,165.0,165.0,237.0,0.0,0.04,0.0045,3,36
fault_10,Dr_QTE,0.005,early,50,49,1,0.98,0.94,1.0,50,87.0,153.60000000000002,93.96000000000001,0.0,0.98,0.6045,52,210
fault_11,Dr_QTE,0.005,early,50,50,0,1.0,1.0,1.0,50,60.0,96.0,61.739999999999995,0.0,1.0,0.72,59,216
fault_12,Dr_QTE,0.005,early,50,49,1,0.98,0.9390000000000001,1.0,50,99.0,153.0,103.08,0.0,0.98,0.542,57,198
fault_13,Dr_QTE,0.005,early,50,49,1,0.98,0.94,1.0,50,108.0,183.60000000000002,118.62,0.0,0.98,0.50575,49,204
fault_14,Dr_QTE,0.005,early,50,50,0,1.0,1.0,1.0,50,15.0,21.300000000000004,16.259999999999998,0.0,1.0,0.93225,50,234
fault_15,Dr_QTE,0.005,early,50,0,50,0.0,0.0,0.0,50,,,240.0,0.0,0.0,0.0,0,0
fault_16,Dr_QTE,0.005,early,50,50,0,1.0,1.0,1.0,50,48.0,93.0,55.38,0.0,1.0,0.7555,57,219
fault_17,Dr_QTE,0.005,early,50,50,0,1.0,1.0,1.0,50,102.0,168.3,104.22,0.0,1.0,0.56575,50,216
fault_18,Dr_QTE,0.005,early,50,45,5,0.9,0.82,0.98,50,138.0,198.60000000000002,148.2,0.0,0.9,0.3825,45,204
fault_19,Dr_QTE,0.005,early,50,50,0,1.0,1.0,1.0,50,15.0,27.0,16.86,0.0,1.0,0.92825,52,234
fault_20,Dr_QTE,0.005,early,50,49,1,0.98,0.94,1.0,50,126.0,198.60000000000002,128.10000000000002,0.0,0.98,0.46625,49,207
all,PairError-QTE,0.005,early,1000,852,148,0.852,0.842,0.863,50,36.0,143.69999999999993,82.341,0.0,0.852,0.65545,859,234
panel_A,PairError-QTE,0.005,early,500,427,73,0.854,0.84,0.87,25,36.0,147.0,82.626,0.0,0.854,0.653125,432,234
panel_B,PairError-QTE,0.005,early,500,425,75,0.85,0.838,0.866,25,39.0,136.80000000000007,82.056,0.0,0.85,0.657775,427,234
fault_01,PairError-QTE,0.005,early,50,50,0,1.0,1.0,1.0,50,15.0,15.300000000000004,15.120000000000001,0.0,1.0,0.937,50,228
fault_02,PairError-QTE,0.005,early,50,50,0,1.0,1.0,1.0,50,45.0,51.0,46.44,0.0,1.0,0.8065,50,207
fault_03,PairError-QTE,0.005,early,50,2,48,0.04,0.0,0.1,50,114.0,159.6,234.95999999999998,0.0,0.04,0.01575,2,120
fault_04,PairError-QTE,0.005,early,50,50,0,1.0,1.0,1.0,50,7.5,9.0,7.5,0.0,1.0,0.96875,50,234
fault_05,PairError-QTE,0.005,early,50,50,0,1.0,1.0,1.0,50,15.0,18.0,15.0,0.0,1.0,0.9375,50,228
fault_06,PairError-QTE,0.005,early,50,50,0,1.0,1.0,1.0,50,6.0,6.0,6.0,0.0,1.0,0.975,50,234
fault_07,PairError-QTE,0.005,early,50,50,0,1.0,1.0,1.0,50,6.0,6.0,6.0,0.0,1.0,0.975,50,234
fault_08,PairError-QTE,0.005,early,50,50,0,1.0,1.0,1.0,50,63.0,99.30000000000001,66.9,0.0,1.0,0.72125,50,207
fault_09,PairError-QTE,0.005,early,50,5,45,0.1,0.02,0.18,50,150.0,205.2,230.70000000000002,0.0,0.1,0.033,5,120
fault_10,PairError-QTE,0.005,early,50,49,1,0.98,0.94,1.0,50,105.0,169.8,111.42,0.0,0.98,0.53575,49,207
fault_11,PairError-QTE,0.005,early,50,50,0,1.0,1.0,1.0,50,30.0,46.20000000000002,32.88,0.0,1.0,0.863,50,228
fault_12,PairError-QTE,0.005,early,50,50,0,1.0,1.0,1.0,50,37.5,78.0,42.06,0.0,1.0,0.82325,51,222
fault_13,PairError-QTE,0.005,early,50,49,1,0.98,0.94,1.0,50,102.0,180.0,112.80000000000001,0.0,0.98,0.53,49,207
fault_14,PairError-QTE,0.005,early,50,50,0,1.0,1.0,1.0,50,9.0,12.300000000000004,9.84,0.0,1.0,0.959,50,234
fault_15,PairError-QTE,0.005,early,50,2,48,0.04,0.0,0.1,50,109.5,146.7,234.78000000000003,0.0,0.04,0.016,2,108
fault_16,PairError-QTE,0.005,early,50,50,0,1.0,1.0,1.0,50,67.5,132.3,79.26,0.0,1.0,0.65875,56,213
fault_17,PairError-QTE,0.005,early,50,50,0,1.0,1.0,1.0,50,99.0,162.60000000000002,98.76,0.0,1.0,0.5885,50,216
fault_18,PairError-QTE,0.005,early,50,45,5,0.9,0.82,0.98,50,132.0,194.4,145.56,0.0,0.9,0.3935,45,204
fault_19,PairError-QTE,0.005,early,50,50,0,1.0,1.0,1.0,50,15.0,24.0,16.799999999999997,0.0,1.0,0.93,50,234
fault_20,PairError-QTE,0.005,early,50,50,0,1.0,1.0,1.0,50,135.0,213.0,134.04,0.0,1.0,0.4415,50,204
all,PCA-SPE,0.005,early,1000,838,162,0.838,0.827,0.849,50,54.0,153.9000000000002,95.076,0.0,0.838,0.6025375,841,234
panel_A,PCA-SPE,0.005,early,500,420,80,0.84,0.822,0.86,25,51.0,159.30000000000007,94.47,0.0,0.84,0.6041,422,234
panel_B,PCA-SPE,0.005,early,500,418,82,0.836,0.822,0.846,25,54.0,153.0,95.68199999999999,0.0,0.836,0.600975,419,234
fault_01,PCA-SPE,0.005,early,50,50,0,1.0,1.0,1.0,50,21.0,24.0,20.4,0.0,1.0,0.915,50,225
fault_02,PCA-SPE,0.005,early,50,50,0,1.0,1.0,1.0,50,66.0,72.0,64.14,0.0,1.0,0.73275,50,198
fault_03,PCA-SPE,0.005,early,50,2,48,0.04,0.0,0.1,50,84.0,88.8,233.76,0.0,0.04,0.00975,2,108
fault_04,PCA-SPE,0.005,early,50,50,0,1.0,1.0,1.0,50,19.5,24.0,19.14,0.0,1.0,0.92025,50,228
fault_05,PCA-SPE,0.005,early,50,50,0,1.0,1.0,1.0,50,24.0,30.0,24.36,0.0,1.0,0.8985,50,228
fault_06,PCA-SPE,0.005,early,50,50,0,1.0,1.0,1.0,50,6.0,6.0,6.0,0.0,1.0,0.975,50,234
fault_07,PCA-SPE,0.005,early,50,50,0,1.0,1.0,1.0,50,12.0,12.0,10.74,0.0,1.0,0.95525,50,234
fault_08,PCA-SPE,0.005,early,50,50,0,1.0,1.0,1.0,50,75.0,117.30000000000001,77.52,0.0,1.0,0.677,50,207
fault_09,PCA-SPE,0.005,early,50,1,49,0.02,0.0,0.06,50,87.0,87.0,236.94,0.0,0.02,0.01025,1,123
fault_10,PCA-SPE,0.005,early,50,44,6,0.88,0.78,0.96,50,121.5,194.10000000000002,146.04,0.0,0.88,0.3915,44,189
fault_11,PCA-SPE,0.005,early,50,50,0,1.0,1.0,1.0,50,42.0,72.30000000000001,46.980000000000004,0.0,1.0,0.80425,50,222
fault_12,PCA-SPE,0.005,early,50,50,0,1.0,1.0,1.0,50,43.5,75.60000000000001,48.900000000000006,0.0,1.0,0.79625,50,222
fault_13,PCA-SPE,0.005,early,50,47,3,0.94,0.8790000000000001,1.0,50,117.0,193.2,129.48,0.0,0.94,0.45975,48,195
fault_14,PCA-SPE,0.005,early,50,50,0,1.0,1.0,1.0,50,15.0,21.0,15.18,0.0,1.0,0.93675,50,231
fault_15,PCA-SPE,0.005,early,50,2,48,0.04,0.0,0.1,50,150.0,202.8,236.39999999999998,0.0,0.04,0.0125,2,126
fault_16,PCA-SPE,0.005,early,50,49,1,0.98,0.94,1.0,50,84.0,168.0,97.38,0.0,0.98,0.59075,50,216
fault_17,PCA-SPE,0.005,early,50,50,0,1.0,1.0,1.0,50,112.5,171.60000000000002,111.84,0.0,1.0,0.534,50,213
fault_18,PCA-SPE,0.005,early,50,44,6,0.88,0.78,0.96,50,151.5,206.10000000000002,160.62,0.0,0.88,0.33075,44,195
fault_19,PCA-SPE,0.005,early,50,50,0,1.0,1.0,1.0,50,79.5,126.0,82.26,0.0,1.0,0.6565,51,219
fault_20,PCA-SPE,0.005,early,50,49,1,0.98,0.94,1.0,50,135.0,186.00000000000009,133.44,0.0,0.98,0.444,49,204
all,S_QTE,0.01,full,1000,876,124,0.876,0.863,0.893,50,48.0,207.0,384.82500000000005,0.0,0.876,0.81105125,1170,2394
panel_A,S_QTE,0.01,full,500,444,56,0.888,0.864,0.916,25,48.0,219.0,369.33,0.0,0.888,0.810215,599,2394
panel_B,S_QTE,0.01,full,500,432,68,0.864,0.85,0.882,25,48.0,194.7000000000001,400.32,0.0,0.864,0.8118875,571,2394
fault_01,S_QTE,0.01,full,50,50,0,1.0,1.0,1.0,50,18.0,21.0,19.080000000000002,0.0,1.0,0.99205,50,2388
fault_02,S_QTE,0.01,full,50,50,0,1.0,1.0,1.0,50,60.0,66.0,59.16,0.0,1.0,0.97535,50,2370
fault_03,S_QTE,0.01,full,50,8,42,0.16,0.08,0.28,50,805.5,1674.6,2156.64,0.0,0.16,0.012625,11,276
fault_04,S_QTE,0.01,full,50,50,0,1.0,1.0,1.0,50,6.0,6.0,6.0600000000000005,0.0,1.0,0.997475,50,2394
fault_05,S_QTE,0.01,full,50,50,0,1.0,1.0,1.0,50,12.0,12.0,11.22,0.0,1.0,0.995325,50,2394
fault_06,S_QTE,0.01,full,50,50,0,1.0,1.0,1.0,50,6.0,9.0,6.42,0.0,1.0,0.997325,50,2394
fault_07,S_QTE,0.01,full,50,50,0,1.0,1.0,1.0,50,6.0,6.0,6.0,0.0,1.0,0.9975,50,2394
fault_08,S_QTE,0.01,full,50,50,0,1.0,1.0,1.0,50,76.5,111.60000000000001,77.03999999999999,0.0,1.0,0.967725,52,2364
fault_09,S_QTE,0.01,full,50,9,41,0.18,0.08,0.3,50,1272.0,1880.4,2144.46,0.0,0.18,0.0142,14,279
fault_10,S_QTE,0.01,full,50,50,0,1.0,1.0,1.0,50,201.0,435.3,236.64,0.0,1.0,0.734525,173,2280
fault_11,S_QTE,0.01,full,50,50,0,1.0,1.0,1.0,50,30.0,46.20000000000002,32.099999999999994,0.0,1.0,0.986625,50,2388
fault_12,S_QTE,0.01,full,50,50,0,1.0,1.0,1.0,50,34.5,66.9,40.019999999999996,0.0,1.0,0.983325,50,2385
fault_13,S_QTE,0.01,full,50,50,0,1.0,1.0,1.0,50,132.0,231.60000000000002,147.89999999999998,0.0,1.0,0.938375,50,2349
fault_14,S_QTE,0.01,full,50,50,0,1.0,1.0,1.0,50,10.5,12.0,10.620000000000001,0.0,1.0,0.995575,50,2394
fault_15,S_QTE,0.01,full,50,9,41,0.18,0.08,0.3,50,591.0,1609.2,2121.66,0.0,0.18,0.0149,10,222
fault_16,S_QTE,0.01,full,50,50,0,1.0,1.0,1.0,50,150.0,231.3,149.94,0.0,1.0,0.81495,206,2307
fault_17,S_QTE,0.01,full,50,50,0,1.0,1.0,1.0,50,115.5,177.3,117.35999999999999,0.0,1.0,0.950925,52,2373
fault_18,S_QTE,0.01,full,50,50,0,1.0,1.0,1.0,50,168.0,250.50000000000003,166.98,0.0,1.0,0.93025,52,2355
fault_19,S_QTE,0.01,full,50,50,0,1.0,1.0,1.0,50,34.5,48.0,34.44,0.0,1.0,0.98565,50,2394
fault_20,S_QTE,0.01,full,50,50,0,1.0,1.0,1.0,50,160.5,225.60000000000002,152.76,0.0,1.0,0.93635,50,2361
all,Jr_QTE,0.01,full,1000,937,63,0.937,0.928,0.947,50,39.0,219.0,261.591,0.0,0.937,0.83695,1243,2394
panel_A,Jr_QTE,0.01,full,500,470,30,0.94,0.924,0.958,25,39.0,219.0,246.786,0.0,0.94,0.8374925,617,2394
panel_B,Jr_QTE,0.01,full,500,467,33,0.934,0.924,0.944,25,42.0,215.4000000000002,276.396,0.0,0.934,0.8364075,626,2394
fault_01,Jr_QTE,0.01,full,50,50,0,1.0,1.0,1.0,50,15.0,15.0,14.16,0.0,1.0,0.9941,50,2388
fault_02,Jr_QTE,0.01,full,50,50,0,1.0,1.0,1.0,50,42.0,48.0,42.24,0.0,1.0,0.9824,50,2376
fault_03,Jr_QTE,0.01,full,50,28,22,0.56,0.44,0.7,50,748.5,2028.9,1629.78,0.0,0.56,0.0261,60,213
fault_04,Jr_QTE,0.01,full,50,50,0,1.0,1.0,1.0,50,6.0,9.0,6.84,0.0,1.0,0.99715,50,2394
fault_05,Jr_QTE,0.01,full,50,50,0,1.0,1.0,1.0,50,15.0,18.0,14.580000000000002,0.0,1.0,0.993925,50,2388
fault_06,Jr_QTE,0.01,full,50,50,0,1.0,1.0,1.0,50,6.0,6.0,6.0,0.0,1.0,0.9975,50,2394
fault_07,Jr_QTE,0.01,full,50,50,0,1.0,1.0,1.0,50,6.0,6.0,6.0,0.0,1.0,0.9975,50,2394
fault_08,Jr_QTE,0.01,full,50,50,0,1.0,1.0,1.0,50,61.5,96.0,63.96,0.0,1.0,0.97335,50,2370
fault_09,Jr_QTE,0.01,full,50,50,0,1.0,1.0,1.0,50,384.0,1149.6000000000001,522.54,0.0,1.0,0.1549,247,447
fault_10,Jr_QTE,0.01,full,50,50,0,1.0,1.0,1.0,50,141.0,235.8,154.2,0.0,1.0,0.90725,86,2346
fault_11,Jr_QTE,0.01,full,50,50,0,1.0,1.0,1.0,50,28.5,43.50000000000002,31.32,0.0,1.0,0.98695,50,2388
fault_12,Jr_QTE,0.01,full,50,50,0,1.0,1.0,1.0,50,36.0,69.30000000000001,40.62,0.0,1.0,0.983075,50,2382
fault_13,Jr_QTE,0.01,full,50,50,0,1.0,1.0,1.0,50,99.0,177.3,109.62,0.0,1.0,0.954325,50,2367
fault_14,Jr_QTE,0.01,full,50,50,0,1.0,1.0,1.0,50,9.0,12.0,8.7,0.0,1.0,0.996375,50,2394
fault_15,Jr_QTE,0.01,full,50,9,41,0.18,0.08,0.3,50,399.0,1459.8000000000002,2099.58,0.0,0.18,0.015275,10,207
fault_16,Jr_QTE,0.01,full,50,50,0,1.0,1.0,1.0,50,82.5,143.40000000000003,91.56,0.0,1.0,0.941375,90,2364
fault_17,Jr_QTE,0.01,full,50,50,0,1.0,1.0,1.0,50,99.0,162.3,97.5,0.0,1.0,0.959375,50,2379
fault_18,Jr_QTE,0.01,full,50,50,0,1.0,1.0,1.0,50,151.5,235.8,146.52,0.0,1.0,0.93895,50,2367
fault_19,Jr_QTE,0.01,full,50,50,0,1.0,1.0,1.0,50,15.0,24.0,14.82,0.0,1.0,0.993825,50,2394
fault_20,Jr_QTE,0.01,full,50,50,0,1.0,1.0,1.0,50,135.0,204.60000000000002,131.28,0.0,1.0,0.9453,50,2367
all,Dr_QTE,0.01,full,1000,948,52,0.948,0.935,0.963,50,48.0,228.9000000000002,271.27200000000005,0.0,0.948,0.799665,1521,2394
panel_A,Dr_QTE,0.01,full,500,471,29,0.942,0.922,0.964,25,51.0,201.0,267.44399999999996,0.0,0.942,0.7986625,755,2394
panel_B,Dr_QTE,0.01,full,500,477,23,0.954,0.938,0.97,25,48.0,268.8000000000004,275.1,0.0,0.954,0.8006675,766,2394
fault_01,Dr_QTE,0.01,full,50,50,0,1.0,1.0,1.0,50,18.0,18.0,16.740000000000002,0.0,1.0,0.993025,50,2391
fault_02,Dr_QTE,0.01,full,50,50,0,1.0,1.0,1.0,50,48.0,54.0,45.839999999999996,0.0,1.0,0.980825,51,2370
fault_03,Dr_QTE,0.01,full,50,34,16,0.68,0.54,0.8009999999999992,50,945.0,2134.7999999999997,1459.1999999999998,0.0,0.68,0.013225,71,174
fault_04,Dr_QTE,0.01,full,50,50,0,1.0,1.0,1.0,50,33.0,42.300000000000004,33.18,0.0,1.0,0.986175,50,2382
fault_05,Dr_QTE,0.01,full,50,50,0,1.0,1.0,1.0,50,42.0,48.0,41.160000000000004,0.0,1.0,0.38875,368,663
fault_06,Dr_QTE,0.01,full,50,50,0,1.0,1.0,1.0,50,6.0,6.0,6.0,0.0,1.0,0.9975,50,2394
fault_07,Dr_QTE,0.01,full,50,50,0,1.0,1.0,1.0,50,6.0,9.0,7.08,0.0,1.0,0.99705,50,2394
fault_08,Dr_QTE,0.01,full,50,50,0,1.0,1.0,1.0,50,60.0,93.60000000000001,63.66,0.0,1.0,0.971875,60,2367
fault_09,Dr_QTE,0.01,full,50,45,5,0.9,0.8,0.98,50,633.0,1672.8000000000002,993.78,0.0,0.9,0.034375,127,174
fault_10,Dr_QTE,0.01,full,50,50,0,1.0,1.0,1.0,50,85.5,153.60000000000002,93.30000000000001,0.0,1.0,0.95885,61,2370
fault_11,Dr_QTE,0.01,full,50,50,0,1.0,1.0,1.0,50,54.0,84.30000000000001,56.699999999999996,0.0,1.0,0.973325,64,2376
fault_12,Dr_QTE,0.01,full,50,50,0,1.0,1.0,1.0,50,93.0,150.3,95.34,0.0,1.0,0.945275,101,2352
fault_13,Dr_QTE,0.01,full,50,50,0,1.0,1.0,1.0,50,106.5,183.0,116.03999999999999,0.0,1.0,0.9513,51,2364
fault_14,Dr_QTE,0.01,full,50,50,0,1.0,1.0,1.0,50,15.0,21.0,15.18,0.0,1.0,0.993675,50,2394
fault_15,Dr_QTE,0.01,full,50,19,31,0.38,0.26,0.52,50,1056.0,2299.2,1937.94,0.0,0.38,0.00585,23,132
fault_16,Dr_QTE,0.01,full,50,50,0,1.0,1.0,1.0,50,46.5,90.0,54.12,0.0,1.0,0.967025,89,2379
fault_17,Dr_QTE,0.01,full,50,50,0,1.0,1.0,1.0,50,102.0,168.3,101.52000000000001,0.0,1.0,0.9572,52,2376
fault_18,Dr_QTE,0.01,full,50,50,0,1.0,1.0,1.0,50,139.5,230.40000000000003,147.18,0.0,1.0,0.9374,52,2370
fault_19,Dr_QTE,0.01,full,50,50,0,1.0,1.0,1.0,50,13.5,27.0,16.14,0.0,1.0,0.993275,50,2394
fault_20,Dr_QTE,0.01,full,50,50,0,1.0,1.0,1.0,50,121.5,198.60000000000002,125.34,0.0,1.0,0.947325,51,2367
all,PairError-QTE,0.01,full,1000,941,59,0.941,0.932,0.951,50,39.0,207.0,249.39,0.0,0.941,0.8415775,1238,2394
panel_A,PairError-QTE,0.01,full,500,475,25,0.95,0.9359000000000001,0.964,25,36.0,211.80000000000007,229.25400000000002,0.0,0.95,0.842255,616,2394
panel_B,PairError-QTE,0.01,full,500,466,34,0.932,0.9219,0.944,25,39.0,195.0,269.526,0.0,0.932,0.8409,622,2394
fault_01,PairError-QTE,0.01,full,50,50,0,1.0,1.0,1.0,50,15.0,15.0,14.04,0.0,1.0,0.99415,50,2388
fault_02,PairError-QTE,0.01,full,50,50,0,1.0,1.0,1.0,50,42.0,48.0,40.86,0.0,1.0,0.982975,50,2376
fault_03,PairError-QTE,0.01,full,50,32,18,0.64,0.5,0.76,50,777.0,2000.7,1499.6999999999998,0.0,0.64,0.03065,74,216
fault_04,PairError-QTE,0.01,full,50,50,0,1.0,1.0,1.0,50,6.0,6.300000000000004,6.300000000000001,0.0,1.0,0.997375,50,2394
fault_05,PairError-QTE,0.01,full,50,50,0,1.0,1.0,1.0,50,13.5,18.0,13.74,0.0,1.0,0.994275,50,2391
fault_06,PairError-QTE,0.01,full,50,50,0,1.0,1.0,1.0,50,6.0,6.0,6.0,0.0,1.0,0.9975,50,2394
fault_07,PairError-QTE,0.01,full,50,50,0,1.0,1.0,1.0,50,6.0,6.0,6.0,0.0,1.0,0.9975,50,2394
fault_08,PairError-QTE,0.01,full,50,50,0,1.0,1.0,1.0,50,58.5,93.30000000000001,62.82000000000001,0.0,1.0,0.973825,50,2370
fault_09,PairError-QTE,0.01,full,50,50,0,1.0,1.0,1.0,50,370.5,1083.6000000000001,483.24,0.0,1.0,0.17675,257,507
fault_10,PairError-QTE,0.01,full,50,50,0,1.0,1.0,1.0,50,102.0,171.3,108.30000000000001,0.0,1.0,0.950475,61,2370
fault_11,PairError-QTE,0.01,full,50,50,0,1.0,1.0,1.0,50,28.5,43.50000000000002,31.5,0.0,1.0,0.986875,50,2388
fault_12,PairError-QTE,0.01,full,50,50,0,1.0,1.0,1.0,50,34.5,66.30000000000001,38.519999999999996,0.0,1.0,0.98395,50,2385
fault_13,PairError-QTE,0.01,full,50,50,0,1.0,1.0,1.0,50,99.0,177.3,109.19999999999999,0.0,1.0,0.9545,50,2367
fault_14,PairError-QTE,0.01,full,50,50,0,1.0,1.0,1.0,50,9.0,12.0,8.64,0.0,1.0,0.9964,50,2394
fault_15,PairError-QTE,0.01,full,50,9,41,0.18,0.08,0.3,50,399.0,1459.8000000000002,2099.2200000000003,0.0,0.18,0.015375,13,204
fault_16,PairError-QTE,0.01,full,50,50,0,1.0,1.0,1.0,50,61.5,129.3,72.30000000000001,0.0,1.0,0.9604,83,2373
fault_17,PairError-QTE,0.01,full,50,50,0,1.0,1.0,1.0,50,99.0,162.3,97.19999999999999,0.0,1.0,0.9595,50,2379
fault_18,PairError-QTE,0.01,full,50,50,0,1.0,1.0,1.0,50,151.5,235.8,146.57999999999998,0.0,1.0,0.938925,50,2367
fault_19,PairError-QTE,0.01,full,50,50,0,1.0,1.0,1.0,50,15.0,24.0,15.18,0.0,1.0,0.993675,50,2394
fault_20,PairError-QTE,0.01,full,50,50,0,1.0,1.0,1.0,50,129.0,201.60000000000002,128.46,0.0,1.0,0.946475,50,2367
all,PCA-SPE,0.01,full,1000,927,73,0.927,0.90695,0.947,50,54.0,207.0,302.085,0.0,0.927,0.82841125,1075,2394
panel_A,PCA-SPE,0.01,full,500,459,41,0.918,0.89,0.948,25,51.0,195.59999999999997,296.07,0.0,0.918,0.8293875,532,2394
panel_B,PCA-SPE,0.01,full,500,468,32,0.936,0.91,0.96,25,60.0,233.7000000000001,308.1,0.0,0.936,0.827435,543,2394
fault_01,PCA-SPE,0.01,full,50,50,0,1.0,1.0,1.0,50,21.0,21.0,19.38,0.0,1.0,0.991925,50,2388
fault_02,PCA-SPE,0.01,full,50,50,0,1.0,1.0,1.0,50,63.0,72.0,59.88,0.0,1.0,0.97495,51,2364
fault_03,PCA-SPE,0.01,full,50,24,26,0.48,0.34,0.62,50,748.5,1821.8999999999999,1670.22,0.0,0.48,0.02295,44,192
fault_04,PCA-SPE,0.01,full,50,50,0,1.0,1.0,1.0,50,18.0,21.0,17.759999999999998,0.0,1.0,0.9926,50,2391
fault_05,PCA-SPE,0.01,full,50,50,0,1.0,1.0,1.0,50,21.0,27.300000000000004,21.9,0.0,1.0,0.990875,50,2391
fault_06,PCA-SPE,0.01,full,50,50,0,1.0,1.0,1.0,50,6.0,6.0,6.0,0.0,1.0,0.9975,50,2394
fault_07,PCA-SPE,0.01,full,50,50,0,1.0,1.0,1.0,50,9.0,12.0,10.2,0.0,1.0,0.99575,50,2394
fault_08,PCA-SPE,0.01,full,50,50,0,1.0,1.0,1.0,50,72.0,114.60000000000001,73.67999999999999,0.0,1.0,0.9693,50,2385
fault_09,PCA-SPE,0.01,full,50,26,24,0.52,0.38,0.66,50,747.0,1914.0,1615.98,0.0,0.52,0.025875,52,201
fault_10,PCA-SPE,0.01,full,50,50,0,1.0,1.0,1.0,50,127.5,225.9,150.18,0.0,1.0,0.913725,90,2346
fault_11,PCA-SPE,0.01,full,50,50,0,1.0,1.0,1.0,50,39.0,69.30000000000001,43.980000000000004,0.0,1.0,0.981675,50,2385
fault_12,PCA-SPE,0.01,full,50,50,0,1.0,1.0,1.0,50,42.0,75.30000000000001,47.22,0.0,1.0,0.980325,50,2385
fault_13,PCA-SPE,0.01,full,50,50,0,1.0,1.0,1.0,50,115.5,204.3,123.89999999999999,0.0,1.0,0.947675,52,2355
fault_14,PCA-SPE,0.01,full,50,50,0,1.0,1.0,1.0,50,12.0,21.0,14.28,0.0,1.0,0.99405,50,2391
fault_15,PCA-SPE,0.01,full,50,27,23,0.54,0.4,0.68,50,759.0,1962.6000000000001,1619.28,0.0,0.54,0.0284,52,222
fault_16,PCA-SPE,0.01,full,50,50,0,1.0,1.0,1.0,50,76.5,146.40000000000003,89.34,0.0,1.0,0.954775,71,2361
fault_17,PCA-SPE,0.01,full,50,50,0,1.0,1.0,1.0,50,105.0,168.0,105.0,0.0,1.0,0.955225,54,2373
fault_18,PCA-SPE,0.01,full,50,50,0,1.0,1.0,1.0,50,153.0,242.10000000000002,157.32,0.0,1.0,0.933125,54,2355
fault_19,PCA-SPE,0.01,full,50,50,0,1.0,1.0,1.0,50,67.5,108.0,67.74,0.0,1.0,0.97125,54,2388
fault_20,PCA-SPE,0.01,full,50,50,0,1.0,1.0,1.0,50,132.0,208.20000000000002,128.46,0.0,1.0,0.946275,51,2364
all,S_QTE,0.01,early,1000,818,182,0.818,0.804,0.833,50,39.0,171.0,95.799,0.0,0.818,0.599225,829,234
panel_A,S_QTE,0.01,early,500,407,93,0.814,0.794,0.838,25,39.0,174.0,96.78,0.0,0.814,0.593625,417,234
panel_B,S_QTE,0.01,early,500,411,89,0.822,0.802,0.844,25,42.0,168.0,94.81800000000001,0.0,0.822,0.604825,412,234
fault_01,S_QTE,0.01,early,50,50,0,1.0,1.0,1.0,50,18.0,21.0,19.080000000000002,0.0,1.0,0.9205,50,228
fault_02,S_QTE,0.01,early,50,50,0,1.0,1.0,1.0,50,60.0,66.0,59.16,0.0,1.0,0.7535,50,210
fault_03,S_QTE,0.01,early,50,2,48,0.04,0.0,0.1,50,111.0,127.8,234.84,0.0,0.04,0.01675,3,108
fault_04,S_QTE,0.01,early,50,50,0,1.0,1.0,1.0,50,6.0,6.0,6.0600000000000005,0.0,1.0,0.97475,50,234
fault_05,S_QTE,0.01,early,50,50,0,1.0,1.0,1.0,50,12.0,12.0,11.22,0.0,1.0,0.95325,50,234
fault_06,S_QTE,0.01,early,50,50,0,1.0,1.0,1.0,50,6.0,9.0,6.42,0.0,1.0,0.97325,50,234
fault_07,S_QTE,0.01,early,50,50,0,1.0,1.0,1.0,50,6.0,6.0,6.0,0.0,1.0,0.975,50,234
fault_08,S_QTE,0.01,early,50,50,0,1.0,1.0,1.0,50,76.5,111.60000000000001,77.03999999999999,0.0,1.0,0.67725,52,204
fault_09,S_QTE,0.01,early,50,2,48,0.04,0.0,0.1,50,109.5,125.1,234.78000000000003,0.0,0.04,0.01575,4,111
fault_10,S_QTE,0.01,early,50,29,21,0.58,0.44,0.72,50,144.0,201.6,185.16,0.0,0.58,0.21675,31,195
fault_11,S_QTE,0.01,early,50,50,0,1.0,1.0,1.0,50,30.0,46.20000000000002,32.099999999999994,0.0,1.0,0.86625,50,228
fault_12,S_QTE,0.01,early,50,50,0,1.0,1.0,1.0,50,34.5,66.9,40.019999999999996,0.0,1.0,0.83325,50,225
fault_13,S_QTE,0.01,early,50,46,4,0.92,0.84,0.98,50,124.5,208.5,146.10000000000002,0.0,0.92,0.39125,46,189
fault_14,S_QTE,0.01,early,50,50,0,1.0,1.0,1.0,50,10.5,12.0,10.620000000000001,0.0,1.0,0.95575,50,234
fault_15,S_QTE,0.01,early,50,2,48,0.04,0.0,0.1,50,108.0,129.6,234.71999999999997,0.0,0.04,0.02125,2,150
fault_16,S_QTE,0.01,early,50,46,4,0.92,0.84,0.98,50,138.0,217.5,147.12,0.0,0.92,0.38325,46,189
fault_17,S_QTE,0.01,early,50,49,1,0.98,0.94,1.0,50,111.0,177.0,117.35999999999999,0.0,0.98,0.50925,51,213
fault_18,S_QTE,0.01,early,50,44,6,0.88,0.78,0.96,50,151.5,206.10000000000002,161.22,0.0,0.88,0.3265,46,195
fault_19,S_QTE,0.01,early,50,50,0,1.0,1.0,1.0,50,34.5,48.0,34.44,0.0,1.0,0.8565,50,234
fault_20,S_QTE,0.01,early,50,48,2,0.96,0.9,1.0,50,157.5,211.8,152.52,0.0,0.96,0.3645,48,201
all,Jr_QTE,0.01,early,1000,853,147,0.853,0.841,0.866,50,36.0,150.0,82.758,0.0,0.853,0.654175,854,234
panel_A,Jr_QTE,0.01,early,500,427,73,0.854,0.836,0.872,25,33.0,150.0,82.734,0.0,0.854,0.653275,428,234
panel_B,Jr_QTE,0.01,early,500,426,74,0.852,0.836,0.868,25,36.0,144.0,82.78200000000001,0.0,0.852,0.655075,426,234
fault_01,Jr_QTE,0.01,early,50,50,0,1.0,1.0,1.0,50,15.0,15.0,14.16,0.0,1.0,0.941,50,228
fault_02,Jr_QTE,0.01,early,50,50,0,1.0,1.0,1.0,50,42.0,48.0,42.24,0.0,1.0,0.824,50,216
fault_03,Jr_QTE,0.01,early,50,2,48,0.04,0.0,0.1,50,87.0,132.6,233.88,0.0,0.04,0.022,2,168
fault_04,Jr_QTE,0.01,early,50,50,0,1.0,1.0,1.0,50,6.0,9.0,6.84,0.0,1.0,0.9715,50,234
fault_05,Jr_QTE,0.01,early,50,50,0,1.0,1.0,1.0,50,15.0,18.0,14.580000000000002,0.0,1.0,0.93925,50,228
fault_06,Jr_QTE,0.01,early,50,50,0,1.0,1.0,1.0,50,6.0,6.0,6.0,0.0,1.0,0.975,50,234
fault_07,Jr_QTE,0.01,early,50,50,0,1.0,1.0,1.0,50,6.0,6.0,6.0,0.0,1.0,0.975,50,234
fault_08,Jr_QTE,0.01,early,50,50,0,1.0,1.0,1.0,50,61.5,96.0,63.96,0.0,1.0,0.7335,50,210
fault_09,Jr_QTE,0.01,early,50,10,40,0.2,0.1,0.32,50,162.0,222.9,223.32,0.0,0.2,0.0635,10,162
fault_10,Jr_QTE,0.01,early,50,45,5,0.9,0.8,0.98,50,135.0,211.8,142.38,0.0,0.9,0.40675,45,207
fault_11,Jr_QTE,0.01,early,50,50,0,1.0,1.0,1.0,50,28.5,43.50000000000002,31.32,0.0,1.0,0.8695,50,228
fault_12,Jr_QTE,0.01,early,50,50,0,1.0,1.0,1.0,50,36.0,69.30000000000001,40.62,0.0,1.0,0.83075,50,222
fault_13,Jr_QTE,0.01,early,50,49,1,0.98,0.94,1.0,50,96.0,177.0,109.38,0.0,0.98,0.54425,49,207
fault_14,Jr_QTE,0.01,early,50,50,0,1.0,1.0,1.0,50,9.0,12.0,8.7,0.0,1.0,0.96375,50,234
fault_15,Jr_QTE,0.01,early,50,2,48,0.04,0.0,0.1,50,88.5,132.9,233.94,0.0,0.04,0.0215,2,162
fault_16,Jr_QTE,0.01,early,50,50,0,1.0,1.0,1.0,50,82.5,143.40000000000003,91.56,0.0,1.0,0.61175,51,210
fault_17,Jr_QTE,0.01,early,50,50,0,1.0,1.0,1.0,50,99.0,162.3,97.5,0.0,1.0,0.59375,50,219
fault_18,Jr_QTE,0.01,early,50,45,5,0.9,0.82,0.98,50,132.0,192.60000000000002,142.68,0.0,0.9,0.4055,45,207
fault_19,Jr_QTE,0.01,early,50,50,0,1.0,1.0,1.0,50,15.0,24.0,14.82,0.0,1.0,0.93825,50,234
fault_20,Jr_QTE,0.01,early,50,50,0,1.0,1.0,1.0,50,135.0,204.60000000000002,131.28,0.0,1.0,0.453,50,207
all,Dr_QTE,0.01,early,1000,854,146,0.854,0.842,0.868,50,45.0,137.10000000000014,85.938,0.0,0.854,0.6323625,889,234
panel_A,Dr_QTE,0.01,early,500,429,71,0.858,0.84,0.88,25,45.0,144.0,86.604,0.0,0.858,0.6271,449,234
panel_B,Dr_QTE,0.01,early,500,425,75,0.85,0.838,0.866,25,45.0,132.0,85.27199999999999,0.0,0.85,0.637625,440,234
fault_01,Dr_QTE,0.01,early,50,50,0,1.0,1.0,1.0,50,18.0,18.0,16.740000000000002,0.0,1.0,0.93025,50,231
fault_02,Dr_QTE,0.01,early,50,50,0,1.0,1.0,1.0,50,48.0,54.0,45.839999999999996,0.0,1.0,0.80825,51,210
fault_03,Dr_QTE,0.01,early,50,5,45,0.1,0.02,0.18,50,117.0,148.8,228.12,0.0,0.1,0.0095,6,39
fault_04,Dr_QTE,0.01,early,50,50,0,1.0,1.0,1.0,50,33.0,42.300000000000004,33.18,0.0,1.0,0.86175,50,222
fault_05,Dr_QTE,0.01,early,50,50,0,1.0,1.0,1.0,50,42.0,48.0,41.160000000000004,0.0,1.0,0.8285,50,213
fault_06,Dr_QTE,0.01,early,50,50,0,1.0,1.0,1.0,50,6.0,6.0,6.0,0.0,1.0,0.975,50,234
fault_07,Dr_QTE,0.01,early,50,50,0,1.0,1.0,1.0,50,6.0,9.0,7.08,0.0,1.0,0.9705,50,234
fault_08,Dr_QTE,0.01,early,50,50,0,1.0,1.0,1.0,50,60.0,93.60000000000001,63.66,0.0,1.0,0.73,53,207
fault_09,Dr_QTE,0.01,early,50,5,45,0.1,0.02,0.2,50,144.0,157.2,229.07999999999998,0.0,0.1,0.0135,5,69
fault_10,Dr_QTE,0.01,early,50,49,1,0.98,0.94,1.0,50,84.0,153.0,92.34,0.0,0.98,0.61325,51,213
fault_11,Dr_QTE,0.01,early,50,50,0,1.0,1.0,1.0,50,54.0,84.30000000000001,56.699999999999996,0.0,1.0,0.743,60,222
fault_12,Dr_QTE,0.01,early,50,49,1,0.98,0.9390000000000001,1.0,50,93.0,138.00000000000006,95.28,0.0,0.98,0.57525,56,198
fault_13,Dr_QTE,0.01,early,50,49,1,0.98,0.94,1.0,50,105.0,175.8,115.62,0.0,0.98,0.51475,50,204
fault_14,Dr_QTE,0.01,early,50,50,0,1.0,1.0,1.0,50,15.0,21.0,15.18,0.0,1.0,0.93675,50,234
fault_15,Dr_QTE,0.01,early,50,3,47,0.06,0.0,0.14,50,120.0,141.6,232.56,0.0,0.06,0.0035,3,18
fault_16,Dr_QTE,0.01,early,50,50,0,1.0,1.0,1.0,50,46.5,90.0,54.12,0.0,1.0,0.7645,55,219
fault_17,Dr_QTE,0.01,early,50,50,0,1.0,1.0,1.0,50,102.0,168.3,101.52000000000001,0.0,1.0,0.572,52,216
fault_18,Dr_QTE,0.01,early,50,45,5,0.9,0.82,0.98,50,135.0,189.60000000000002,143.22,0.0,0.9,0.3905,47,210
fault_19,Dr_QTE,0.01,early,50,50,0,1.0,1.0,1.0,50,13.5,27.0,16.14,0.0,1.0,0.93275,50,234
fault_20,Dr_QTE,0.01,early,50,49,1,0.98,0.94,1.0,50,120.0,198.0,125.22,0.0,0.98,0.47375,50,207
all,PairError-QTE,0.01,early,1000,858,142,0.858,0.847,0.87,50,33.0,144.0,79.428,0.0,0.858,0.6679,864,234
panel_A,PairError-QTE,0.01,early,500,430,70,0.86,0.844,0.878,25,33.0,147.0,79.482,0.0,0.86,0.666975,433,234
panel_B,PairError-QTE,0.01,early,500,428,72,0.856,0.842,0.872,25,36.0,135.90000000000003,79.374,0.0,0.856,0.668825,431,234
fault_01,PairError-QTE,0.01,early,50,50,0,1.0,1.0,1.0,50,15.0,15.0,14.04,0.0,1.0,0.9415,50,228
fault_02,PairError-QTE,0.01,early,50,50,0,1.0,1.0,1.0,50,42.0,48.0,40.86,0.0,1.0,0.82975,50,216
fault_03,PairError-QTE,0.01,early,50,2,48,0.04,0.0,0.1,50,90.0,135.6,234.0,0.0,0.04,0.02125,2,162
fault_04,PairError-QTE,0.01,early,50,50,0,1.0,1.0,1.0,50,6.0,6.300000000000004,6.300000000000001,0.0,1.0,0.97375,50,234
fault_05,PairError-QTE,0.01,early,50,50,0,1.0,1.0,1.0,50,13.5,18.0,13.74,0.0,1.0,0.94275,50,231
fault_06,PairError-QTE,0.01,early,50,50,0,1.0,1.0,1.0,50,6.0,6.0,6.0,0.0,1.0,0.975,50,234
fault_07,PairError-QTE,0.01,early,50,50,0,1.0,1.0,1.0,50,6.0,6.0,6.0,0.0,1.0,0.975,50,234
fault_08,PairError-QTE,0.01,early,50,50,0,1.0,1.0,1.0,50,58.5,93.30000000000001,62.82000000000001,0.0,1.0,0.73825,50,210
fault_09,PairError-QTE,0.01,early,50,11,39,0.22,0.12,0.34,50,171.0,204.0,220.74,0.0,0.22,0.072,12,162
fault_10,PairError-QTE,0.01,early,50,49,1,0.98,0.94,1.0,50,102.0,166.20000000000002,106.62,0.0,0.98,0.55575,49,210
fault_11,PairError-QTE,0.01,early,50,50,0,1.0,1.0,1.0,50,28.5,43.50000000000002,31.5,0.0,1.0,0.86875,50,228
fault_12,PairError-QTE,0.01,early,50,50,0,1.0,1.0,1.0,50,34.5,66.30000000000001,38.519999999999996,0.0,1.0,0.8395,50,225
fault_13,PairError-QTE,0.01,early,50,49,1,0.98,0.94,1.0,50,96.0,172.20000000000002,108.96000000000001,0.0,0.98,0.546,49,207
fault_14,PairError-QTE,0.01,early,50,50,0,1.0,1.0,1.0,50,9.0,12.0,8.64,0.0,1.0,0.964,50,234
fault_15,PairError-QTE,0.01,early,50,2,48,0.04,0.0,0.1,50,88.5,132.9,233.94,0.0,0.04,0.0215,2,162
fault_16,PairError-QTE,0.01,early,50,50,0,1.0,1.0,1.0,50,61.5,129.3,72.30000000000001,0.0,1.0,0.6915,55,213
fault_17,PairError-QTE,0.01,early,50,50,0,1.0,1.0,1.0,50,99.0,162.3,97.19999999999999,0.0,1.0,0.595,50,219
fault_18,PairError-QTE,0.01,early,50,45,5,0.9,0.82,0.98,50,132.0,192.60000000000002,142.74,0.0,0.9,0.40525,45,207
fault_19,PairError-QTE,0.01,early,50,50,0,1.0,1.0,1.0,50,15.0,24.0,15.18,0.0,1.0,0.93675,50,234
fault_20,PairError-QTE,0.01,early,50,50,0,1.0,1.0,1.0,50,129.0,201.60000000000002,128.46,0.0,1.0,0.46475,50,207
all,PCA-SPE,0.01,early,1000,849,151,0.849,0.834,0.864,50,48.0,150.0,89.92500000000001,0.0,0.849,0.618675,874,234
panel_A,PCA-SPE,0.01,early,500,428,72,0.856,0.834,0.882,25,48.0,156.90000000000003,89.268,0.0,0.856,0.6228,437,234
panel_B,PCA-SPE,0.01,early,500,421,79,0.842,0.822,0.862,25,51.0,144.0,90.582,0.0,0.842,0.61455,437,234
fault_01,PCA-SPE,0.01,early,50,50,0,1.0,1.0,1.0,50,21.0,21.0,19.38,0.0,1.0,0.91925,50,228
fault_02,PCA-SPE,0.01,early,50,50,0,1.0,1.0,1.0,50,63.0,72.0,59.88,0.0,1.0,0.7495,51,204
fault_03,PCA-SPE,0.01,early,50,5,45,0.1,0.02,0.2,50,60.0,183.0,225.48,0.0,0.1,0.02525,7,153
fault_04,PCA-SPE,0.01,early,50,50,0,1.0,1.0,1.0,50,18.0,21.0,17.759999999999998,0.0,1.0,0.926,50,231
fault_05,PCA-SPE,0.01,early,50,50,0,1.0,1.0,1.0,50,21.0,27.300000000000004,21.9,0.0,1.0,0.90875,50,231
fault_06,PCA-SPE,0.01,early,50,50,0,1.0,1.0,1.0,50,6.0,6.0,6.0,0.0,1.0,0.975,50,234
fault_07,PCA-SPE,0.01,early,50,50,0,1.0,1.0,1.0,50,9.0,12.0,10.2,0.0,1.0,0.9575,50,234
fault_08,PCA-SPE,0.01,early,50,50,0,1.0,1.0,1.0,50,72.0,114.60000000000001,73.67999999999999,0.0,1.0,0.693,50,225
fault_09,PCA-SPE,0.01,early,50,4,46,0.08,0.02,0.16,50,54.0,174.60000000000002,227.76,0.0,0.08,0.02475,6,156
fault_10,PCA-SPE,0.01,early,50,46,4,0.92,0.84,0.98,50,118.5,198.0,137.82,0.0,0.92,0.42175,50,195
fault_11,PCA-SPE,0.01,early,50,50,0,1.0,1.0,1.0,50,39.0,69.30000000000001,43.980000000000004,0.0,1.0,0.81675,50,225
fault_12,PCA-SPE,0.01,early,50,50,0,1.0,1.0,1.0,50,42.0,75.30000000000001,47.22,0.0,1.0,0.80325,50,225
fault_13,PCA-SPE,0.01,early,50,48,2,0.96,0.9,1.0,50,114.0,192.0,123.84,0.0,0.96,0.477,50,195
fault_14,PCA-SPE,0.01,early,50,50,0,1.0,1.0,1.0,50,12.0,21.0,14.28,0.0,1.0,0.9405,50,231
fault_15,PCA-SPE,0.01,early,50,4,46,0.08,0.02,0.16,50,49.5,162.3,227.28000000000003,0.0,0.08,0.02475,5,162
fault_16,PCA-SPE,0.01,early,50,49,1,0.98,0.94,1.0,50,75.0,139.20000000000002,88.92,0.0,0.98,0.62775,50,225
fault_17,PCA-SPE,0.01,early,50,50,0,1.0,1.0,1.0,50,105.0,168.0,105.0,0.0,1.0,0.55225,54,213
fault_18,PCA-SPE,0.01,early,50,44,6,0.88,0.78,0.96,50,148.5,203.10000000000002,151.92000000000002,0.0,0.88,0.35375,48,195
fault_19,PCA-SPE,0.01,early,50,50,0,1.0,1.0,1.0,50,67.5,108.0,67.74,0.0,1.0,0.714,53,228
fault_20,PCA-SPE,0.01,early,50,49,1,0.98,0.94,1.0,50,132.0,185.4000000000001,128.46,0.0,0.98,0.46275,50,204
all,S_QTE,0.02,full,1000,913,87,0.913,0.895,0.931,50,45.0,225.0,329.265,0.0,0.913,0.8185725,1195,2394
panel_A,S_QTE,0.02,full,500,460,40,0.92,0.894,0.948,25,42.0,228.0,321.552,0.0,0.92,0.818045,616,2394
panel_B,S_QTE,0.02,full,500,453,47,0.906,0.884,0.9280999999999999,25,48.0,214.80000000000007,336.97799999999995,0.0,0.906,0.8191,579,2394
fault_01,S_QTE,0.02,full,50,50,0,1.0,1.0,1.0,50,18.0,18.300000000000004,17.46,0.0,1.0,0.992725,50,2388
fault_02,S_QTE,0.02,full,50,50,0,1.0,1.0,1.0,50,57.0,63.0,54.900000000000006,0.0,1.0,0.977125,50,2379
fault_03,S_QTE,0.02,full,50,17,33,0.34,0.22,0.46099999999999913,50,648.0,1929.6000000000001,1905.6000000000001,0.0,0.34,0.0227,24,321
fault_04,S_QTE,0.02,full,50,50,0,1.0,1.0,1.0,50,6.0,6.0,6.0,0.0,1.0,0.9975,50,2394
fault_05,S_QTE,0.02,full,50,50,0,1.0,1.0,1.0,50,9.0,12.0,9.78,0.0,1.0,0.995925,50,2394
fault_06,S_QTE,0.02,full,50,50,0,1.0,1.0,1.0,50,6.0,6.0,6.0600000000000005,0.0,1.0,0.997475,50,2394
fault_07,S_QTE,0.02,full,50,50,0,1.0,1.0,1.0,50,6.0,6.0,6.0,0.0,1.0,0.9975,50,2394
fault_08,S_QTE,0.02,full,50,50,0,1.0,1.0,1.0,50,70.5,108.0,71.94,0.0,1.0,0.969875,51,2370
fault_09,S_QTE,0.02,full,50,19,31,0.38,0.24,0.52,50,1236.0,2116.2,1881.96,0.0,0.38,0.028875,32,336
fault_10,S_QTE,0.02,full,50,50,0,1.0,1.0,1.0,50,175.5,393.00000000000006,213.71999999999997,0.0,1.0,0.78145,160,2298
fault_11,S_QTE,0.02,full,50,50,0,1.0,1.0,1.0,50,27.0,43.20000000000002,30.839999999999996,0.0,1.0,0.98715,50,2388
fault_12,S_QTE,0.02,full,50,50,0,1.0,1.0,1.0,50,31.5,60.90000000000001,37.5,0.0,1.0,0.9843,51,2385
fault_13,S_QTE,0.02,full,50,50,0,1.0,1.0,1.0,50,126.0,225.3,140.52,0.0,1.0,0.9408,51,2370
fault_14,S_QTE,0.02,full,50,50,0,1.0,1.0,1.0,50,9.0,12.0,9.78,0.0,1.0,0.995925,50,2394
fault_15,S_QTE,0.02,full,50,27,23,0.54,0.4,0.68,50,726.0,1966.2000000000005,1611.72,0.0,0.54,0.028125,43,312
fault_16,S_QTE,0.02,full,50,50,0,1.0,1.0,1.0,50,126.0,216.3,128.46,0.0,1.0,0.862775,183,2316
fault_17,S_QTE,0.02,full,50,50,0,1.0,1.0,1.0,50,114.0,174.60000000000002,113.82,0.0,1.0,0.952575,50,2373
fault_18,S_QTE,0.02,full,50,50,0,1.0,1.0,1.0,50,165.0,250.50000000000003,162.78,0.0,1.0,0.932175,50,2370
fault_19,S_QTE,0.02,full,50,50,0,1.0,1.0,1.0,50,27.0,42.0,28.08,0.0,1.0,0.9883,50,2394
fault_20,S_QTE,0.02,full,50,50,0,1.0,1.0,1.0,50,159.0,222.60000000000002,148.38,0.0,1.0,0.938175,50,2370
all,Jr_QTE,0.02,full,1000,962,38,0.962,0.957,0.968,50,36.0,218.69999999999993,189.714,0.0,0.962,0.85832625,1616,2394
panel_A,Jr_QTE,0.02,full,500,484,16,0.968,0.96,0.978,25,36.0,211.19999999999993,175.13400000000001,0.0,0.968,0.85898,821,2394
panel_B,Jr_QTE,0.02,full,500,478,22,0.956,0.95,0.962,25,39.0,225.90000000000003,204.29399999999998,0.0,0.956,0.8576725,795,2394
fault_01,Jr_QTE,0.02,full,50,50,0,1.0,1.0,1.0,50,12.0,15.0,12.48,0.0,1.0,0.9948,50,2388
fault_02,Jr_QTE,0.02,full,50,50,0,1.0,1.0,1.0,50,36.0,42.0,36.24,0.0,1.0,0.9849,50,2382
fault_03,Jr_QTE,0.02,full,50,50,0,1.0,1.0,1.0,50,409.5,1025.4,567.54,0.0,1.0,0.1608,293,486
fault_04,Jr_QTE,0.02,full,50,50,0,1.0,1.0,1.0,50,6.0,6.0,6.0,0.0,1.0,0.9975,50,2394
fault_05,Jr_QTE,0.02,full,50,50,0,1.0,1.0,1.0,50,12.0,15.0,13.080000000000002,0.0,1.0,0.99455,50,2391
fault_06,Jr_QTE,0.02,full,50,50,0,1.0,1.0,1.0,50,6.0,6.0,6.0,0.0,1.0,0.9975,50,2394
fault_07,Jr_QTE,0.02,full,50,50,0,1.0,1.0,1.0,50,6.0,6.0,6.0,0.0,1.0,0.9975,50,2394
fault_08,Jr_QTE,0.02,full,50,50,0,1.0,1.0,1.0,50,54.0,90.30000000000001,59.519999999999996,0.0,1.0,0.9752,50,2379
fault_09,Jr_QTE,0.02,full,50,50,0,1.0,1.0,1.0,50,240.0,498.30000000000007,286.74,0.0,1.0,0.393925,412,741
fault_10,Jr_QTE,0.02,full,50,50,0,1.0,1.0,1.0,50,129.0,206.40000000000003,140.94,0.0,1.0,0.9243,71,2367
fault_11,Jr_QTE,0.02,full,50,50,0,1.0,1.0,1.0,50,27.0,43.20000000000002,29.160000000000004,0.0,1.0,0.98785,50,2388
fault_12,Jr_QTE,0.02,full,50,50,0,1.0,1.0,1.0,50,33.0,63.300000000000004,36.900000000000006,0.0,1.0,0.984625,50,2385
fault_13,Jr_QTE,0.02,full,50,50,0,1.0,1.0,1.0,50,96.0,177.0,105.42,0.0,1.0,0.956075,50,2379
fault_14,Jr_QTE,0.02,full,50,50,0,1.0,1.0,1.0,50,9.0,9.0,8.040000000000001,0.0,1.0,0.99665,50,2394
fault_15,Jr_QTE,0.02,full,50,12,38,0.24,0.14,0.36,50,682.5,1458.9,2021.94,0.0,0.24,0.021525,17,261
fault_16,Jr_QTE,0.02,full,50,50,0,1.0,1.0,1.0,50,67.5,132.60000000000002,80.16,0.0,1.0,0.956375,73,2379
fault_17,Jr_QTE,0.02,full,50,50,0,1.0,1.0,1.0,50,96.0,159.60000000000002,95.28,0.0,1.0,0.9603,50,2379
fault_18,Jr_QTE,0.02,full,50,50,0,1.0,1.0,1.0,50,147.0,232.8,143.28,0.0,1.0,0.9403,50,2379
fault_19,Jr_QTE,0.02,full,50,50,0,1.0,1.0,1.0,50,12.0,18.300000000000004,12.54,0.0,1.0,0.994775,50,2394
fault_20,Jr_QTE,0.02,full,50,50,0,1.0,1.0,1.0,50,130.5,201.3,127.02000000000001,0.0,1.0,0.947075,50,2379
all,Dr_QTE,0.02,full,1000,982,18,0.982,0.972,0.99,50,48.0,269.39999999999986,187.17600000000002,0.02,0.984,0.80866875,1944,2400
panel_A,Dr_QTE,0.02,full,500,488,12,0.976,0.962,0.988,25,48.0,217.50000000000017,173.388,0.0,0.976,0.8077525,967,2394
panel_B,Dr_QTE,0.02,full,500,494,6,0.988,0.9779,0.996,25,48.0,423.8999999999997,200.964,0.04,0.992,0.809585,977,2400
fault_01,Dr_QTE,0.02,full,50,50,0,1.0,1.0,1.0,50,15.0,18.0,16.14,0.02,1.0,0.9933,50,2391
fault_02,Dr_QTE,0.02,full,50,50,0,1.0,1.0,1.0,50,46.5,48.0,42.78,0.02,1.0,0.982075,51,2382
fault_03,Dr_QTE,0.02,full,50,47,3,0.94,0.86,1.0,50,459.0,1318.8,751.62,0.02,0.94,0.038175,188,177
fault_04,Dr_QTE,0.02,full,50,50,0,1.0,1.0,1.0,50,31.5,42.300000000000004,31.619999999999997,0.02,1.0,0.986775,51,2385
fault_05,Dr_QTE,0.02,full,50,50,0,1.0,1.0,1.0,50,39.0,45.0,39.06,0.02,1.0,0.476975,512,669
fault_06,Dr_QTE,0.02,full,50,49,1,0.98,0.94,1.0,50,6.0,6.0,53.88,0.02,1.0,0.99755,49,2400
fault_07,Dr_QTE,0.02,full,50,49,1,0.98,0.94,1.0,50,6.0,9.0,54.480000000000004,0.02,1.0,0.9973,49,2400
fault_08,Dr_QTE,0.02,full,50,50,0,1.0,1.0,1.0,50,60.0,93.60000000000001,61.980000000000004,0.02,1.0,0.9731,57,2373
fault_09,Dr_QTE,0.02,full,50,50,0,1.0,1.0,1.0,50,415.5,1477.8,585.96,0.02,1.0,0.0732,247,327
fault_10,Dr_QTE,0.02,full,50,50,0,1.0,1.0,1.0,50,84.0,153.60000000000002,90.24,0.02,1.0,0.960075,58,2373
fault_11,Dr_QTE,0.02,full,50,50,0,1.0,1.0,1.0,50,51.0,81.0,53.34,0.02,1.0,0.9756,60,2379
fault_12,Dr_QTE,0.02,full,50,50,0,1.0,1.0,1.0,50,90.0,144.3,87.72,0.02,1.0,0.95095,91,2361
fault_13,Dr_QTE,0.02,full,50,50,0,1.0,1.0,1.0,50,100.5,174.60000000000002,110.03999999999999,0.02,1.0,0.952375,52,2364
fault_14,Dr_QTE,0.02,full,50,50,0,1.0,1.0,1.0,50,12.0,21.0,14.04,0.02,1.0,0.994175,50,2394
fault_15,Dr_QTE,0.02,full,50,37,13,0.74,0.6190000000000001,0.86,50,954.0,1984.1999999999998,1320.3600000000001,0.02,0.74,0.015475,78,135
fault_16,Dr_QTE,0.02,full,50,50,0,1.0,1.0,1.0,50,45.0,87.30000000000001,51.42,0.02,1.0,0.9683,91,2379
fault_17,Dr_QTE,0.02,full,50,50,0,1.0,1.0,1.0,50,102.0,162.60000000000002,98.88,0.02,1.0,0.95795,53,2379
fault_18,Dr_QTE,0.02,full,50,50,0,1.0,1.0,1.0,50,135.0,230.40000000000003,143.76,0.02,1.0,0.9382,54,2370
fault_19,Dr_QTE,0.02,full,50,50,0,1.0,1.0,1.0,50,12.0,27.0,15.54,0.02,1.0,0.99355,50,2394
fault_20,Dr_QTE,0.02,full,50,50,0,1.0,1.0,1.0,50,112.5,195.9,120.66,0.02,1.0,0.948275,53,2367
all,PairError-QTE,0.02,full,1000,959,41,0.959,0.953,0.965,50,36.0,204.60000000000014,188.34,0.0,0.959,0.86286875,1640,2394
panel_A,PairError-QTE,0.02,full,500,482,18,0.964,0.954,0.974,25,34.5,201.0,172.68599999999998,0.0,0.964,0.8635,829,2394
panel_B,PairError-QTE,0.02,full,500,477,23,0.954,0.95,0.96,25,36.0,212.4000000000002,203.99400000000003,0.0,0.954,0.8622375,811,2394
fault_01,PairError-QTE,0.02,full,50,50,0,1.0,1.0,1.0,50,12.0,15.0,12.419999999999998,0.0,1.0,0.994825,50,2388
fault_02,PairError-QTE,0.02,full,50,50,0,1.0,1.0,1.0,50,36.0,42.0,35.82,0.0,1.0,0.985075,50,2382
fault_03,PairError-QTE,0.02,full,50,49,1,0.98,0.94,1.0,50,381.0,993.0000000000002,547.92,0.0,0.98,0.18475,306,513
fault_04,PairError-QTE,0.02,full,50,50,0,1.0,1.0,1.0,50,6.0,6.0,6.0,0.0,1.0,0.9975,50,2394
fault_05,PairError-QTE,0.02,full,50,50,0,1.0,1.0,1.0,50,12.0,12.0,11.22,0.0,1.0,0.995325,50,2394
fault_06,PairError-QTE,0.02,full,50,50,0,1.0,1.0,1.0,50,6.0,6.0,6.0,0.0,1.0,0.9975,50,2394
fault_07,PairError-QTE,0.02,full,50,50,0,1.0,1.0,1.0,50,6.0,6.0,6.0,0.0,1.0,0.9975,50,2394
fault_08,PairError-QTE,0.02,full,50,50,0,1.0,1.0,1.0,50,54.0,90.30000000000001,58.800000000000004,0.0,1.0,0.975375,51,2376
fault_09,PairError-QTE,0.02,full,50,50,0,1.0,1.0,1.0,50,249.0,498.30000000000007,284.64,0.0,1.0,0.416275,443,759
fault_10,PairError-QTE,0.02,full,50,50,0,1.0,1.0,1.0,50,99.0,165.60000000000002,103.26,0.0,1.0,0.9542,56,2370
fault_11,PairError-QTE,0.02,full,50,50,0,1.0,1.0,1.0,50,27.0,43.20000000000002,29.400000000000002,0.0,1.0,0.98775,50,2388
fault_12,PairError-QTE,0.02,full,50,50,0,1.0,1.0,1.0,50,33.0,60.300000000000004,35.7,0.0,1.0,0.985125,50,2385
fault_13,PairError-QTE,0.02,full,50,50,0,1.0,1.0,1.0,50,96.0,174.3,105.12,0.0,1.0,0.9562,50,2376
fault_14,PairError-QTE,0.02,full,50,50,0,1.0,1.0,1.0,50,9.0,9.0,7.86,0.0,1.0,0.996725,50,2394
fault_15,PairError-QTE,0.02,full,50,10,40,0.2,0.1,0.32,50,462.0,1544.0999999999997,2078.7599999999998,0.0,0.2,0.0217,14,270
fault_16,PairError-QTE,0.02,full,50,50,0,1.0,1.0,1.0,50,55.5,106.20000000000002,61.92,0.0,1.0,0.9682,70,2376
fault_17,PairError-QTE,0.02,full,50,50,0,1.0,1.0,1.0,50,96.0,159.60000000000002,95.28,0.0,1.0,0.9603,50,2379
fault_18,PairError-QTE,0.02,full,50,50,0,1.0,1.0,1.0,50,147.0,232.8,143.28,0.0,1.0,0.9403,50,2376
fault_19,PairError-QTE,0.02,full,50,50,0,1.0,1.0,1.0,50,12.0,18.300000000000004,12.84,0.0,1.0,0.99465,50,2394
fault_20,PairError-QTE,0.02,full,50,50,0,1.0,1.0,1.0,50,124.5,201.3,124.56,0.0,1.0,0.9481,50,2376
all,PCA-SPE,0.02,full,1000,950,50,0.95,0.932,0.968,50,54.0,222.30000000000007,249.519,0.0,0.95,0.83206625,1165,2394
panel_A,PCA-SPE,0.02,full,500,472,28,0.944,0.918,0.97,25,48.0,204.0,243.132,0.0,0.944,0.83308,583,2394
panel_B,PCA-SPE,0.02,full,500,478,22,0.956,0.93,0.98,25,57.0,261.9000000000004,255.906,0.0,0.956,0.8310525,582,2394
fault_01,PCA-SPE,0.02,full,50,50,0,1.0,1.0,1.0,50,18.0,21.0,17.94,0.0,1.0,0.992525,50,2394
fault_02,PCA-SPE,0.02,full,50,50,0,1.0,1.0,1.0,50,60.0,69.0,56.519999999999996,0.0,1.0,0.97645,50,2394
fault_03,PCA-SPE,0.02,full,50,32,18,0.64,0.5,0.78,50,516.0,1535.4,1311.9,0.0,0.64,0.036525,75,219
fault_04,PCA-SPE,0.02,full,50,50,0,1.0,1.0,1.0,50,16.5,21.0,16.68,0.0,1.0,0.99305,50,2394
fault_05,PCA-SPE,0.02,full,50,50,0,1.0,1.0,1.0,50,21.0,27.0,20.22,0.0,1.0,0.991575,50,2394
fault_06,PCA-SPE,0.02,full,50,50,0,1.0,1.0,1.0,50,6.0,6.0,6.0,0.0,1.0,0.9975,50,2394
fault_07,PCA-SPE,0.02,full,50,50,0,1.0,1.0,1.0,50,9.0,12.0,9.600000000000001,0.0,1.0,0.996,50,2394
fault_08,PCA-SPE,0.02,full,50,50,0,1.0,1.0,1.0,50,69.0,114.30000000000001,70.92,0.0,1.0,0.97045,50,2394
fault_09,PCA-SPE,0.02,full,50,33,17,0.66,0.5390000000000001,0.8,50,696.0,1740.0,1348.6200000000001,0.0,0.66,0.03955,82,315
fault_10,PCA-SPE,0.02,full,50,50,0,1.0,1.0,1.0,50,123.0,219.9,141.60000000000002,0.0,1.0,0.921825,80,2364
fault_11,PCA-SPE,0.02,full,50,50,0,1.0,1.0,1.0,50,37.5,69.0,42.06,0.0,1.0,0.982475,50,2394
fault_12,PCA-SPE,0.02,full,50,50,0,1.0,1.0,1.0,50,42.0,72.30000000000001,45.900000000000006,0.0,1.0,0.980875,50,2394
fault_13,PCA-SPE,0.02,full,50,50,0,1.0,1.0,1.0,50,115.5,201.3,120.60000000000001,0.0,1.0,0.9492,52,2367
fault_14,PCA-SPE,0.02,full,50,50,0,1.0,1.0,1.0,50,12.0,18.300000000000004,13.74,0.0,1.0,0.994275,50,2394
fault_15,PCA-SPE,0.02,full,50,35,15,0.7,0.58,0.84,50,630.0,1692.0000000000005,1249.3799999999999,0.0,0.7,0.043375,91,330
fault_16,PCA-SPE,0.02,full,50,50,0,1.0,1.0,1.0,50,69.0,127.20000000000002,79.92,0.0,1.0,0.96075,72,2367
fault_17,PCA-SPE,0.02,full,50,50,0,1.0,1.0,1.0,50,105.0,168.0,102.47999999999999,0.0,1.0,0.9567,55,2373
fault_18,PCA-SPE,0.02,full,50,50,0,1.0,1.0,1.0,50,148.5,242.10000000000002,152.34,0.0,1.0,0.935025,56,2355
fault_19,PCA-SPE,0.02,full,50,50,0,1.0,1.0,1.0,50,57.0,99.0,58.92,0.0,1.0,0.975375,51,2394
fault_20,PCA-SPE,0.02,full,50,50,0,1.0,1.0,1.0,50,124.5,205.20000000000002,125.03999999999999,0.0,1.0,0.947825,51,2394
all,S_QTE,0.02,early,1000,836,164,0.836,0.821,0.852,50,36.0,168.0,91.536,0.0,0.836,0.6161375,843,234
panel_A,S_QTE,0.02,early,500,419,81,0.838,0.8139,0.864,25,33.0,171.59999999999997,91.848,0.0,0.838,0.613875,424,234
panel_B,S_QTE,0.02,early,500,417,83,0.834,0.816,0.854,25,39.0,165.0,91.224,0.0,0.834,0.6184,419,234
fault_01,S_QTE,0.02,early,50,50,0,1.0,1.0,1.0,50,18.0,18.300000000000004,17.46,0.0,1.0,0.92725,50,228
fault_02,S_QTE,0.02,early,50,50,0,1.0,1.0,1.0,50,57.0,63.0,54.900000000000006,0.0,1.0,0.77125,50,219
fault_03,S_QTE,0.02,early,50,4,46,0.08,0.02,0.16,50,147.0,212.10000000000002,231.89999999999998,0.0,0.08,0.02875,4,210
fault_04,S_QTE,0.02,early,50,50,0,1.0,1.0,1.0,50,6.0,6.0,6.0,0.0,1.0,0.975,50,234
fault_05,S_QTE,0.02,early,50,50,0,1.0,1.0,1.0,50,9.0,12.0,9.78,0.0,1.0,0.95925,50,234
fault_06,S_QTE,0.02,early,50,50,0,1.0,1.0,1.0,50,6.0,6.0,6.0600000000000005,0.0,1.0,0.97475,50,234
fault_07,S_QTE,0.02,early,50,50,0,1.0,1.0,1.0,50,6.0,6.0,6.0,0.0,1.0,0.975,50,234
fault_08,S_QTE,0.02,early,50,50,0,1.0,1.0,1.0,50,70.5,108.0,71.94,0.0,1.0,0.69875,51,210
fault_09,S_QTE,0.02,early,50,3,47,0.06,0.0,0.14,50,123.0,159.0,232.02,0.0,0.06,0.02825,3,210
fault_10,S_QTE,0.02,early,50,32,18,0.64,0.5,0.76,50,141.0,191.4,174.0,0.0,0.64,0.27175,33,210
fault_11,S_QTE,0.02,early,50,50,0,1.0,1.0,1.0,50,27.0,43.20000000000002,30.839999999999996,0.0,1.0,0.8715,50,228
fault_12,S_QTE,0.02,early,50,50,0,1.0,1.0,1.0,50,31.5,60.90000000000001,37.5,0.0,1.0,0.843,51,225
fault_13,S_QTE,0.02,early,50,48,2,0.96,0.9,1.0,50,124.5,204.0,139.32,0.0,0.96,0.4145,48,210
fault_14,S_QTE,0.02,early,50,50,0,1.0,1.0,1.0,50,9.0,12.0,9.78,0.0,1.0,0.95925,50,234
fault_15,S_QTE,0.02,early,50,6,44,0.12,0.04,0.22,50,148.5,186.0,227.21999999999997,0.0,0.12,0.03425,6,210
fault_16,S_QTE,0.02,early,50,50,0,1.0,1.0,1.0,50,126.0,216.3,128.46,0.0,1.0,0.455,54,207
fault_17,S_QTE,0.02,early,50,50,0,1.0,1.0,1.0,50,114.0,174.60000000000002,113.82,0.0,1.0,0.52575,50,213
fault_18,S_QTE,0.02,early,50,44,6,0.88,0.78,0.96,50,148.5,204.0,157.26,0.0,0.88,0.34475,44,210
fault_19,S_QTE,0.02,early,50,50,0,1.0,1.0,1.0,50,27.0,42.0,28.08,0.0,1.0,0.883,50,234
fault_20,S_QTE,0.02,early,50,49,1,0.98,0.94,1.0,50,159.0,214.8,148.38,0.0,0.98,0.38175,49,210
all,Jr_QTE,0.02,early,1000,875,125,0.875,0.861,0.888,50,33.0,147.0,78.345,0.0,0.875,0.6731,878,234
panel_A,Jr_QTE,0.02,early,500,443,57,0.886,0.866,0.906,25,30.0,152.40000000000003,77.658,0.0,0.886,0.675875,446,234
panel_B,Jr_QTE,0.02,early,500,432,68,0.864,0.846,0.882,25,33.0,138.0,79.03200000000001,0.0,0.864,0.670325,432,234
fault_01,Jr_QTE,0.02,early,50,50,0,1.0,1.0,1.0,50,12.0,15.0,12.48,0.0,1.0,0.948,50,228
fault_02,Jr_QTE,0.02,early,50,50,0,1.0,1.0,1.0,50,36.0,42.0,36.24,0.0,1.0,0.849,50,222
fault_03,Jr_QTE,0.02,early,50,9,41,0.18,0.08,0.28099999999999914,50,171.0,216.6,226.38,0.0,0.18,0.05325,10,222
fault_04,Jr_QTE,0.02,early,50,50,0,1.0,1.0,1.0,50,6.0,6.0,6.0,0.0,1.0,0.975,50,234
fault_05,Jr_QTE,0.02,early,50,50,0,1.0,1.0,1.0,50,12.0,15.0,13.080000000000002,0.0,1.0,0.9455,50,231
fault_06,Jr_QTE,0.02,early,50,50,0,1.0,1.0,1.0,50,6.0,6.0,6.0,0.0,1.0,0.975,50,234
fault_07,Jr_QTE,0.02,early,50,50,0,1.0,1.0,1.0,50,6.0,6.0,6.0,0.0,1.0,0.975,50,234
fault_08,Jr_QTE,0.02,early,50,50,0,1.0,1.0,1.0,50,54.0,90.30000000000001,59.519999999999996,0.0,1.0,0.752,50,219
fault_09,Jr_QTE,0.02,early,50,24,26,0.48,0.34,0.6009999999999991,50,166.5,227.1,202.79999999999998,0.0,0.48,0.14925,26,219
fault_10,Jr_QTE,0.02,early,50,46,4,0.92,0.84,0.98,50,126.0,195.0,130.74,0.0,0.92,0.45525,46,219
fault_11,Jr_QTE,0.02,early,50,50,0,1.0,1.0,1.0,50,27.0,43.20000000000002,29.160000000000004,0.0,1.0,0.8785,50,228
fault_12,Jr_QTE,0.02,early,50,50,0,1.0,1.0,1.0,50,33.0,63.300000000000004,36.900000000000006,0.0,1.0,0.84625,50,225
fault_13,Jr_QTE,0.02,early,50,49,1,0.98,0.94,1.0,50,93.0,169.8,105.24,0.0,0.98,0.5615,49,219
fault_14,Jr_QTE,0.02,early,50,50,0,1.0,1.0,1.0,50,9.0,9.0,8.040000000000001,0.0,1.0,0.9665,50,234
fault_15,Jr_QTE,0.02,early,50,2,48,0.04,0.0,0.1,50,78.0,123.60000000000001,233.52,0.0,0.04,0.027,2,219
fault_16,Jr_QTE,0.02,early,50,50,0,1.0,1.0,1.0,50,67.5,132.60000000000002,80.16,0.0,1.0,0.666,50,219
fault_17,Jr_QTE,0.02,early,50,50,0,1.0,1.0,1.0,50,96.0,159.60000000000002,95.28,0.0,1.0,0.603,50,219
fault_18,Jr_QTE,0.02,early,50,45,5,0.9,0.82,0.98,50,129.0,189.60000000000002,139.8,0.0,0.9,0.4175,45,219
fault_19,Jr_QTE,0.02,early,50,50,0,1.0,1.0,1.0,50,12.0,18.300000000000004,12.54,0.0,1.0,0.94775,50,234
fault_20,Jr_QTE,0.02,early,50,50,0,1.0,1.0,1.0,50,130.5,201.3,127.02000000000001,0.0,1.0,0.47075,50,219
all,Dr_QTE,0.02,early,1000,875,125,0.875,0.859,0.89205,50,42.0,142.80000000000007,82.215,0.02,0.879,0.642425,918,240
panel_A,Dr_QTE,0.02,early,500,441,59,0.882,0.858,0.91,25,42.0,141.0,80.55000000000001,0.0,0.882,0.638225,470,234
panel_B,Dr_QTE,0.02,early,500,434,66,0.868,0.848,0.89,25,42.0,143.09999999999997,83.88,0.04,0.876,0.646625,448,240
fault_01,Dr_QTE,0.02,early,50,50,0,1.0,1.0,1.0,50,15.0,18.0,16.14,0.02,1.0,0.933,50,231
fault_02,Dr_QTE,0.02,early,50,50,0,1.0,1.0,1.0,50,46.5,48.0,42.78,0.02,1.0,0.82075,51,222
fault_03,Dr_QTE,0.02,early,50,11,39,0.22,0.12,0.34,50,117.0,216.0,214.07999999999998,0.02,0.22,0.02825,12,78
fault_04,Dr_QTE,0.02,early,50,50,0,1.0,1.0,1.0,50,31.5,42.300000000000004,31.619999999999997,0.02,1.0,0.86775,51,225
fault_05,Dr_QTE,0.02,early,50,50,0,1.0,1.0,1.0,50,39.0,45.0,39.06,0.02,1.0,0.8375,50,222
fault_06,Dr_QTE,0.02,early,50,49,1,0.98,0.94,1.0,50,6.0,6.0,10.68,0.02,1.0,0.9755,49,240
fault_07,Dr_QTE,0.02,early,50,49,1,0.98,0.94,1.0,50,6.0,9.0,11.28,0.02,1.0,0.973,49,240
fault_08,Dr_QTE,0.02,early,50,50,0,1.0,1.0,1.0,50,60.0,93.60000000000001,61.980000000000004,0.02,1.0,0.73825,52,213
fault_09,Dr_QTE,0.02,early,50,16,34,0.32,0.2,0.44,50,168.0,232.5,214.14,0.02,0.34,0.03825,22,78
fault_10,Dr_QTE,0.02,early,50,49,1,0.98,0.94,1.0,50,84.0,150.60000000000002,89.34,0.02,0.98,0.61925,50,213
fault_11,Dr_QTE,0.02,early,50,50,0,1.0,1.0,1.0,50,51.0,81.0,53.34,0.02,1.0,0.7645,57,222
fault_12,Dr_QTE,0.02,early,50,50,0,1.0,1.0,1.0,50,90.0,144.3,87.72,0.02,1.0,0.60275,54,201
fault_13,Dr_QTE,0.02,early,50,49,1,0.98,0.94,1.0,50,99.0,171.60000000000002,109.62,0.02,0.98,0.5255,51,204
fault_14,Dr_QTE,0.02,early,50,50,0,1.0,1.0,1.0,50,12.0,21.0,14.04,0.02,1.0,0.94175,50,234
fault_15,Dr_QTE,0.02,early,50,8,42,0.16,0.06,0.26,50,118.5,216.0,222.18,0.02,0.18,0.016,9,66
fault_16,Dr_QTE,0.02,early,50,50,0,1.0,1.0,1.0,50,45.0,87.30000000000001,51.42,0.02,1.0,0.77025,57,219
fault_17,Dr_QTE,0.02,early,50,50,0,1.0,1.0,1.0,50,102.0,162.60000000000002,98.88,0.02,1.0,0.5795,53,219
fault_18,Dr_QTE,0.02,early,50,45,5,0.9,0.82,0.98,50,132.0,189.60000000000002,139.85999999999999,0.02,0.9,0.39825,49,210
fault_19,Dr_QTE,0.02,early,50,50,0,1.0,1.0,1.0,50,12.0,27.0,15.54,0.02,1.0,0.9355,50,234
fault_20,Dr_QTE,0.02,early,50,49,1,0.98,0.94,1.0,50,108.0,187.8,120.60000000000001,0.02,0.98,0.483,52,207
all,PairError-QTE,0.02,early,1000,879,121,0.879,0.866,0.891,50,30.0,144.60000000000014,75.52799999999999,0.0,0.879,0.683325,888,234
panel_A,PairError-QTE,0.02,early,500,444,56,0.888,0.868,0.906,25,30.0,147.0,75.048,0.0,0.888,0.685425,448,234
panel_B,PairError-QTE,0.02,early,500,435,65,0.87,0.854,0.886,25,33.0,135.0,76.008,0.0,0.87,0.681225,440,234
fault_01,PairError-QTE,0.02,early,50,50,0,1.0,1.0,1.0,50,12.0,15.0,12.419999999999998,0.0,1.0,0.94825,50,228
fault_02,PairError-QTE,0.02,early,50,50,0,1.0,1.0,1.0,50,36.0,42.0,35.82,0.0,1.0,0.85075,50,222
fault_03,PairError-QTE,0.02,early,50,11,39,0.22,0.12,0.34,50,171.0,213.0,224.34,0.0,0.22,0.05225,12,183
fault_04,PairError-QTE,0.02,early,50,50,0,1.0,1.0,1.0,50,6.0,6.0,6.0,0.0,1.0,0.975,50,234
fault_05,PairError-QTE,0.02,early,50,50,0,1.0,1.0,1.0,50,12.0,12.0,11.22,0.0,1.0,0.95325,50,234
fault_06,PairError-QTE,0.02,early,50,50,0,1.0,1.0,1.0,50,6.0,6.0,6.0,0.0,1.0,0.975,50,234
fault_07,PairError-QTE,0.02,early,50,50,0,1.0,1.0,1.0,50,6.0,6.0,6.0,0.0,1.0,0.975,50,234
fault_08,PairError-QTE,0.02,early,50,50,0,1.0,1.0,1.0,50,54.0,90.30000000000001,58.800000000000004,0.0,1.0,0.75375,51,216
fault_09,PairError-QTE,0.02,early,50,23,27,0.46,0.32,0.6,50,159.0,221.4,202.20000000000002,0.0,0.46,0.15075,24,192
fault_10,PairError-QTE,0.02,early,50,49,1,0.98,0.94,1.0,50,99.0,162.60000000000002,101.88,0.0,0.98,0.57475,50,216
fault_11,PairError-QTE,0.02,early,50,50,0,1.0,1.0,1.0,50,27.0,43.20000000000002,29.400000000000002,0.0,1.0,0.8775,50,228
fault_12,PairError-QTE,0.02,early,50,50,0,1.0,1.0,1.0,50,33.0,60.300000000000004,35.7,0.0,1.0,0.85125,50,225
fault_13,PairError-QTE,0.02,early,50,49,1,0.98,0.94,1.0,50,93.0,169.20000000000002,104.94,0.0,0.98,0.56275,49,216
fault_14,PairError-QTE,0.02,early,50,50,0,1.0,1.0,1.0,50,9.0,9.0,7.86,0.0,1.0,0.96725,50,234
fault_15,PairError-QTE,0.02,early,50,2,48,0.04,0.0,0.1,50,79.5,123.9,233.57999999999998,0.0,0.04,0.02675,2,216
fault_16,PairError-QTE,0.02,early,50,50,0,1.0,1.0,1.0,50,55.5,106.20000000000002,61.92,0.0,1.0,0.72425,55,219
fault_17,PairError-QTE,0.02,early,50,50,0,1.0,1.0,1.0,50,96.0,159.60000000000002,95.28,0.0,1.0,0.603,50,219
fault_18,PairError-QTE,0.02,early,50,45,5,0.9,0.82,0.98,50,129.0,189.60000000000002,139.8,0.0,0.9,0.4175,45,216
fault_19,PairError-QTE,0.02,early,50,50,0,1.0,1.0,1.0,50,12.0,18.300000000000004,12.84,0.0,1.0,0.9465,50,234
fault_20,PairError-QTE,0.02,early,50,50,0,1.0,1.0,1.0,50,124.5,201.3,124.56,0.0,1.0,0.481,50,216
all,PCA-SPE,0.02,early,1000,862,138,0.862,0.846,0.88,50,45.0,149.69999999999993,86.091,0.0,0.862,0.63215,887,234
panel_A,PCA-SPE,0.02,early,500,434,66,0.868,0.842,0.896,25,42.0,155.09999999999997,84.94200000000001,0.0,0.868,0.63855,453,234
panel_B,PCA-SPE,0.02,early,500,428,72,0.856,0.838,0.876,25,48.0,144.0,87.24,0.0,0.856,0.62575,434,234
fault_01,PCA-SPE,0.02,early,50,50,0,1.0,1.0,1.0,50,18.0,21.0,17.94,0.0,1.0,0.92525,50,234
fault_02,PCA-SPE,0.02,early,50,50,0,1.0,1.0,1.0,50,60.0,69.0,56.519999999999996,0.0,1.0,0.7645,50,234
fault_03,PCA-SPE,0.02,early,50,7,43,0.14,0.06,0.24099999999999908,50,57.0,165.00000000000003,218.52,0.0,0.14,0.0415,7,168
fault_04,PCA-SPE,0.02,early,50,50,0,1.0,1.0,1.0,50,16.5,21.0,16.68,0.0,1.0,0.9305,50,234
fault_05,PCA-SPE,0.02,early,50,50,0,1.0,1.0,1.0,50,21.0,27.0,20.22,0.0,1.0,0.91575,50,234
fault_06,PCA-SPE,0.02,early,50,50,0,1.0,1.0,1.0,50,6.0,6.0,6.0,0.0,1.0,0.975,50,234
fault_07,PCA-SPE,0.02,early,50,50,0,1.0,1.0,1.0,50,9.0,12.0,9.600000000000001,0.0,1.0,0.96,50,234
fault_08,PCA-SPE,0.02,early,50,50,0,1.0,1.0,1.0,50,69.0,114.30000000000001,70.92,0.0,1.0,0.7045,50,234
fault_09,PCA-SPE,0.02,early,50,7,43,0.14,0.06,0.24099999999999908,50,57.0,165.00000000000003,218.28000000000003,0.0,0.14,0.04275,9,183
fault_10,PCA-SPE,0.02,early,50,46,4,0.92,0.84,0.98,50,117.0,195.0,133.26,0.0,0.92,0.444,47,234
fault_11,PCA-SPE,0.02,early,50,50,0,1.0,1.0,1.0,50,37.5,69.0,42.06,0.0,1.0,0.82475,50,234
fault_12,PCA-SPE,0.02,early,50,50,0,1.0,1.0,1.0,50,42.0,72.30000000000001,45.900000000000006,0.0,1.0,0.80875,50,234
fault_13,PCA-SPE,0.02,early,50,50,0,1.0,1.0,1.0,50,115.5,201.3,120.60000000000001,0.0,1.0,0.492,52,207
fault_14,PCA-SPE,0.02,early,50,50,0,1.0,1.0,1.0,50,12.0,18.300000000000004,13.74,0.0,1.0,0.94275,50,234
fault_15,PCA-SPE,0.02,early,50,8,42,0.16,0.06,0.28,50,87.0,212.1,218.21999999999997,0.0,0.16,0.04,11,186
fault_16,PCA-SPE,0.02,early,50,50,0,1.0,1.0,1.0,50,69.0,127.20000000000002,79.92,0.0,1.0,0.6595,54,234
fault_17,PCA-SPE,0.02,early,50,50,0,1.0,1.0,1.0,50,105.0,168.0,102.47999999999999,0.0,1.0,0.567,55,213
fault_18,PCA-SPE,0.02,early,50,44,6,0.88,0.78,0.96,50,144.0,201.0,147.0,0.0,0.88,0.3725,50,195
fault_19,PCA-SPE,0.02,early,50,50,0,1.0,1.0,1.0,50,57.0,99.0,58.92,0.0,1.0,0.75375,51,234
fault_20,PCA-SPE,0.02,early,50,50,0,1.0,1.0,1.0,50,124.5,205.20000000000002,125.03999999999999,0.0,1.0,0.47825,51,234
