group,method,alpha,horizon,records,family_units,fault_only,normal_only,both,neither,fault_recall,normal_pseudo_event,paired_difference,difference_low,difference_high
all,S_QTE,0.005,full,1000,50,787,0,80,133,0.867,0.08,0.787,0.717,0.84005
panel_A,S_QTE,0.005,full,500,25,360,0,80,60,0.88,0.16,0.72,0.582,0.828
panel_B,S_QTE,0.005,full,500,25,427,0,0,73,0.854,0.0,0.854,0.85,0.862
fault_01,S_QTE,0.005,full,50,50,46,0,4,0,1.0,0.08,0.92,0.84,0.98
fault_02,S_QTE,0.005,full,50,50,46,0,4,0,1.0,0.08,0.92,0.84,0.98
fault_03,S_QTE,0.005,full,50,50,0,0,4,46,0.08,0.08,0.0,0.0,0.0
fault_04,S_QTE,0.005,full,50,50,46,0,4,0,1.0,0.08,0.92,0.84,0.98
fault_05,S_QTE,0.005,full,50,50,46,0,4,0,1.0,0.08,0.92,0.84,0.98
fault_06,S_QTE,0.005,full,50,50,46,0,4,0,1.0,0.08,0.92,0.84,0.98
fault_07,S_QTE,0.005,full,50,50,46,0,4,0,1.0,0.08,0.92,0.84,0.98
fault_08,S_QTE,0.005,full,50,50,46,0,4,0,1.0,0.08,0.92,0.84,0.98
fault_09,S_QTE,0.005,full,50,50,2,0,4,44,0.12,0.08,0.04,0.0,0.1
fault_10,S_QTE,0.005,full,50,50,46,0,4,0,1.0,0.08,0.92,0.84,0.98
fault_11,S_QTE,0.005,full,50,50,46,0,4,0,1.0,0.08,0.92,0.84,0.98
fault_12,S_QTE,0.005,full,50,50,46,0,4,0,1.0,0.08,0.92,0.84,0.98
fault_13,S_QTE,0.005,full,50,50,46,0,4,0,1.0,0.08,0.92,0.84,0.98
fault_14,S_QTE,0.005,full,50,50,46,0,4,0,1.0,0.08,0.92,0.84,0.98
fault_15,S_QTE,0.005,full,50,50,3,0,4,43,0.14,0.08,0.06,0.0,0.12
fault_16,S_QTE,0.005,full,50,50,46,0,4,0,1.0,0.08,0.92,0.84,0.98
fault_17,S_QTE,0.005,full,50,50,46,0,4,0,1.0,0.08,0.92,0.84,0.98
fault_18,S_QTE,0.005,full,50,50,46,0,4,0,1.0,0.08,0.92,0.84,0.98
fault_19,S_QTE,0.005,full,50,50,46,0,4,0,1.0,0.08,0.92,0.84,0.98
fault_20,S_QTE,0.005,full,50,50,46,0,4,0,1.0,0.08,0.92,0.84,0.98
all,Jr_QTE,0.005,full,1000,50,786,0,120,94,0.906,0.12,0.786,0.697,0.858
panel_A,Jr_QTE,0.005,full,500,25,360,0,100,40,0.92,0.2,0.72,0.576,0.858
panel_B,Jr_QTE,0.005,full,500,25,426,0,20,54,0.892,0.04,0.852,0.778,0.894
fault_01,Jr_QTE,0.005,full,50,50,44,0,6,0,1.0,0.12,0.88,0.78,0.96
fault_02,Jr_QTE,0.005,full,50,50,44,0,6,0,1.0,0.12,0.88,0.78,0.96
fault_03,Jr_QTE,0.005,full,50,50,0,0,6,44,0.12,0.12,0.0,0.0,0.0
fault_04,Jr_QTE,0.005,full,50,50,44,0,6,0,1.0,0.12,0.88,0.78,0.96
fault_05,Jr_QTE,0.005,full,50,50,44,0,6,0,1.0,0.12,0.88,0.78,0.96
fault_06,Jr_QTE,0.005,full,50,50,44,0,6,0,1.0,0.12,0.88,0.78,0.96
fault_07,Jr_QTE,0.005,full,50,50,44,0,6,0,1.0,0.12,0.88,0.78,0.96
fault_08,Jr_QTE,0.005,full,50,50,44,0,6,0,1.0,0.12,0.88,0.78,0.96
fault_09,Jr_QTE,0.005,full,50,50,36,0,6,8,0.84,0.12,0.72,0.6,0.84
fault_10,Jr_QTE,0.005,full,50,50,44,0,6,0,1.0,0.12,0.88,0.78,0.96
fault_11,Jr_QTE,0.005,full,50,50,44,0,6,0,1.0,0.12,0.88,0.78,0.96
fault_12,Jr_QTE,0.005,full,50,50,44,0,6,0,1.0,0.12,0.88,0.78,0.96
fault_13,Jr_QTE,0.005,full,50,50,44,0,6,0,1.0,0.12,0.88,0.78,0.96
fault_14,Jr_QTE,0.005,full,50,50,44,0,6,0,1.0,0.12,0.88,0.78,0.96
fault_15,Jr_QTE,0.005,full,50,50,2,0,6,42,0.16,0.12,0.04,0.0,0.1
fault_16,Jr_QTE,0.005,full,50,50,44,0,6,0,1.0,0.12,0.88,0.78,0.96
fault_17,Jr_QTE,0.005,full,50,50,44,0,6,0,1.0,0.12,0.88,0.78,0.96
fault_18,Jr_QTE,0.005,full,50,50,44,0,6,0,1.0,0.12,0.88,0.78,0.96
fault_19,Jr_QTE,0.005,full,50,50,44,0,6,0,1.0,0.12,0.88,0.78,0.96
fault_20,Jr_QTE,0.005,full,50,50,44,0,6,0,1.0,0.12,0.88,0.78,0.96
all,Dr_QTE,0.005,full,1000,50,725,6,174,95,0.899,0.18,0.719,0.611,0.81
panel_A,Dr_QTE,0.005,full,500,25,334,3,117,46,0.902,0.24,0.662,0.512,0.806
panel_B,Dr_QTE,0.005,full,500,25,391,3,57,49,0.896,0.12,0.776,0.6457,0.886
fault_01,Dr_QTE,0.005,full,50,50,41,0,9,0,1.0,0.18,0.82,0.7,0.92
fault_02,Dr_QTE,0.005,full,50,50,41,0,9,0,1.0,0.18,0.82,0.7,0.92
fault_03,Dr_QTE,0.005,full,50,50,5,1,8,36,0.26,0.18,0.08,-0.0009999999999999432,0.18
fault_04,Dr_QTE,0.005,full,50,50,41,0,9,0,1.0,0.18,0.82,0.7,0.92
fault_05,Dr_QTE,0.005,full,50,50,41,0,9,0,1.0,0.18,0.82,0.7,0.92
fault_06,Dr_QTE,0.005,full,50,50,41,0,9,0,1.0,0.18,0.82,0.7,0.92
fault_07,Dr_QTE,0.005,full,50,50,41,0,9,0,1.0,0.18,0.82,0.7,0.92
fault_08,Dr_QTE,0.005,full,50,50,41,0,9,0,1.0,0.18,0.82,0.7,0.92
fault_09,Dr_QTE,0.005,full,50,50,23,1,8,18,0.62,0.18,0.44,0.3,0.6
fault_10,Dr_QTE,0.005,full,50,50,41,0,9,0,1.0,0.18,0.82,0.7,0.92
fault_11,Dr_QTE,0.005,full,50,50,41,0,9,0,1.0,0.18,0.82,0.7,0.92
fault_12,Dr_QTE,0.005,full,50,50,41,0,9,0,1.0,0.18,0.82,0.7,0.92
fault_13,Dr_QTE,0.005,full,50,50,41,0,9,0,1.0,0.18,0.82,0.7,0.92
fault_14,Dr_QTE,0.005,full,50,50,41,0,9,0,1.0,0.18,0.82,0.7,0.92
fault_15,Dr_QTE,0.005,full,50,50,0,4,5,41,0.1,0.18,-0.08,-0.16,-0.02
fault_16,Dr_QTE,0.005,full,50,50,41,0,9,0,1.0,0.18,0.82,0.7,0.92
fault_17,Dr_QTE,0.005,full,50,50,41,0,9,0,1.0,0.18,0.82,0.7,0.92
fault_18,Dr_QTE,0.005,full,50,50,41,0,9,0,1.0,0.18,0.82,0.7,0.92
fault_19,Dr_QTE,0.005,full,50,50,41,0,9,0,1.0,0.18,0.82,0.7,0.92
fault_20,Dr_QTE,0.005,full,50,50,41,0,9,0,1.0,0.18,0.82,0.7,0.92
all,PairError-QTE,0.005,full,1000,50,790,0,120,90,0.91,0.12,0.79,0.7,0.862
panel_A,PairError-QTE,0.005,full,500,25,360,0,100,40,0.92,0.2,0.72,0.576,0.858
panel_B,PairError-QTE,0.005,full,500,25,430,0,20,50,0.9,0.04,0.86,0.7839,0.902
fault_01,PairError-QTE,0.005,full,50,50,44,0,6,0,1.0,0.12,0.88,0.78,0.96
fault_02,PairError-QTE,0.005,full,50,50,44,0,6,0,1.0,0.12,0.88,0.78,0.96
fault_03,PairError-QTE,0.005,full,50,50,2,0,6,42,0.16,0.12,0.04,0.0,0.1
fault_04,PairError-QTE,0.005,full,50,50,44,0,6,0,1.0,0.12,0.88,0.78,0.96
fault_05,PairError-QTE,0.005,full,50,50,44,0,6,0,1.0,0.12,0.88,0.78,0.96
fault_06,PairError-QTE,0.005,full,50,50,44,0,6,0,1.0,0.12,0.88,0.78,0.96
fault_07,PairError-QTE,0.005,full,50,50,44,0,6,0,1.0,0.12,0.88,0.78,0.96
fault_08,PairError-QTE,0.005,full,50,50,44,0,6,0,1.0,0.12,0.88,0.78,0.96
fault_09,PairError-QTE,0.005,full,50,50,38,0,6,6,0.88,0.12,0.76,0.64,0.88
fault_10,PairError-QTE,0.005,full,50,50,44,0,6,0,1.0,0.12,0.88,0.78,0.96
fault_11,PairError-QTE,0.005,full,50,50,44,0,6,0,1.0,0.12,0.88,0.78,0.96
fault_12,PairError-QTE,0.005,full,50,50,44,0,6,0,1.0,0.12,0.88,0.78,0.96
fault_13,PairError-QTE,0.005,full,50,50,44,0,6,0,1.0,0.12,0.88,0.78,0.96
fault_14,PairError-QTE,0.005,full,50,50,44,0,6,0,1.0,0.12,0.88,0.78,0.96
fault_15,PairError-QTE,0.005,full,50,50,2,0,6,42,0.16,0.12,0.04,0.0,0.1
fault_16,PairError-QTE,0.005,full,50,50,44,0,6,0,1.0,0.12,0.88,0.78,0.96
fault_17,PairError-QTE,0.005,full,50,50,44,0,6,0,1.0,0.12,0.88,0.78,0.96
fault_18,PairError-QTE,0.005,full,50,50,44,0,6,0,1.0,0.12,0.88,0.78,0.96
fault_19,PairError-QTE,0.005,full,50,50,44,0,6,0,1.0,0.12,0.88,0.78,0.96
fault_20,PairError-QTE,0.005,full,50,50,44,0,6,0,1.0,0.12,0.88,0.78,0.96
all,PCA-SPE,0.005,full,1000,50,601,1,299,99,0.9,0.3,0.6,0.49075,0.705
panel_A,PCA-SPE,0.005,full,500,25,256,1,199,44,0.91,0.4,0.51,0.338,0.652
panel_B,PCA-SPE,0.005,full,500,25,345,0,100,55,0.89,0.2,0.69,0.5479,0.8240999999999998
fault_01,PCA-SPE,0.005,full,50,50,35,0,15,0,1.0,0.3,0.7,0.5790000000000001,0.82
fault_02,PCA-SPE,0.005,full,50,50,35,0,15,0,1.0,0.3,0.7,0.5790000000000001,0.82
fault_03,PCA-SPE,0.005,full,50,50,2,0,15,33,0.34,0.3,0.04,0.0,0.1
fault_04,PCA-SPE,0.005,full,50,50,35,0,15,0,1.0,0.3,0.7,0.5790000000000001,0.82
fault_05,PCA-SPE,0.005,full,50,50,35,0,15,0,1.0,0.3,0.7,0.5790000000000001,0.82
fault_06,PCA-SPE,0.005,full,50,50,35,0,15,0,1.0,0.3,0.7,0.5790000000000001,0.82
fault_07,PCA-SPE,0.005,full,50,50,35,0,15,0,1.0,0.3,0.7,0.5790000000000001,0.82
fault_08,PCA-SPE,0.005,full,50,50,35,0,15,0,1.0,0.3,0.7,0.5790000000000001,0.82
fault_09,PCA-SPE,0.005,full,50,50,0,0,15,35,0.3,0.3,0.0,0.0,0.0
fault_10,PCA-SPE,0.005,full,50,50,35,0,15,0,1.0,0.3,0.7,0.5790000000000001,0.82
fault_11,PCA-SPE,0.005,full,50,50,35,0,15,0,1.0,0.3,0.7,0.5790000000000001,0.82
fault_12,PCA-SPE,0.005,full,50,50,35,0,15,0,1.0,0.3,0.7,0.5790000000000001,0.82
fault_13,PCA-SPE,0.005,full,50,50,35,0,15,0,1.0,0.3,0.7,0.5790000000000001,0.82
fault_14,PCA-SPE,0.005,full,50,50,35,0,15,0,1.0,0.3,0.7,0.5790000000000001,0.82
fault_15,PCA-SPE,0.005,full,50,50,4,1,14,31,0.36,0.3,0.06,-0.02,0.14
fault_16,PCA-SPE,0.005,full,50,50,35,0,15,0,1.0,0.3,0.7,0.5790000000000001,0.82
fault_17,PCA-SPE,0.005,full,50,50,35,0,15,0,1.0,0.3,0.7,0.5790000000000001,0.82
fault_18,PCA-SPE,0.005,full,50,50,35,0,15,0,1.0,0.3,0.7,0.5790000000000001,0.82
fault_19,PCA-SPE,0.005,full,50,50,35,0,15,0,1.0,0.3,0.7,0.5790000000000001,0.82
fault_20,PCA-SPE,0.005,full,50,50,35,0,15,0,1.0,0.3,0.7,0.5790000000000001,0.82
all,S_QTE,0.005,early,1000,50,784,0,0,216,0.784,0.0,0.784,0.772,0.797
panel_A,S_QTE,0.005,early,500,25,388,0,0,112,0.776,0.0,0.776,0.758,0.794
panel_B,S_QTE,0.005,early,500,25,396,0,0,104,0.792,0.0,0.792,0.772,0.8100999999999999
fault_01,S_QTE,0.005,early,50,50,50,0,0,0,1.0,0.0,1.0,1.0,1.0
fault_02,S_QTE,0.005,early,50,50,50,0,0,0,1.0,0.0,1.0,1.0,1.0
fault_03,S_QTE,0.005,early,50,50,0,0,0,50,0.0,0.0,0.0,0.0,0.0
fault_04,S_QTE,0.005,early,50,50,50,0,0,0,1.0,0.0,1.0,1.0,1.0
fault_05,S_QTE,0.005,early,50,50,50,0,0,0,1.0,0.0,1.0,1.0,1.0
fault_06,S_QTE,0.005,early,50,50,50,0,0,0,1.0,0.0,1.0,1.0,1.0
fault_07,S_QTE,0.005,early,50,50,50,0,0,0,1.0,0.0,1.0,1.0,1.0
fault_08,S_QTE,0.005,early,50,50,50,0,0,0,1.0,0.0,1.0,1.0,1.0
fault_09,S_QTE,0.005,early,50,50,1,0,0,49,0.02,0.0,0.02,0.0,0.06
fault_10,S_QTE,0.005,early,50,50,21,0,0,29,0.42,0.0,0.42,0.3,0.56
fault_11,S_QTE,0.005,early,50,50,50,0,0,0,1.0,0.0,1.0,1.0,1.0
fault_12,S_QTE,0.005,early,50,50,50,0,0,0,1.0,0.0,1.0,1.0,1.0
fault_13,S_QTE,0.005,early,50,50,43,0,0,7,0.86,0.0,0.86,0.76,0.94
fault_14,S_QTE,0.005,early,50,50,50,0,0,0,1.0,0.0,1.0,1.0,1.0
fault_15,S_QTE,0.005,early,50,50,1,0,0,49,0.02,0.0,0.02,0.0,0.06
fault_16,S_QTE,0.005,early,50,50,31,0,0,19,0.62,0.0,0.62,0.48,0.76
fault_17,S_QTE,0.005,early,50,50,49,0,0,1,0.98,0.0,0.98,0.94,1.0
fault_18,S_QTE,0.005,early,50,50,43,0,0,7,0.86,0.0,0.86,0.76,0.94
fault_19,S_QTE,0.005,early,50,50,50,0,0,0,1.0,0.0,1.0,1.0,1.0
fault_20,S_QTE,0.005,early,50,50,45,0,0,5,0.9,0.0,0.9,0.8,0.98
all,Jr_QTE,0.005,early,1000,50,803,0,40,157,0.843,0.04,0.803,0.749,0.84
panel_A,Jr_QTE,0.005,early,500,25,402,0,20,78,0.844,0.04,0.804,0.7279,0.848
panel_B,Jr_QTE,0.005,early,500,25,401,0,20,79,0.842,0.04,0.802,0.73,0.844
fault_01,Jr_QTE,0.005,early,50,50,48,0,2,0,1.0,0.04,0.96,0.9,1.0
fault_02,Jr_QTE,0.005,early,50,50,48,0,2,0,1.0,0.04,0.96,0.9,1.0
fault_03,Jr_QTE,0.005,early,50,50,0,0,2,48,0.04,0.04,0.0,0.0,0.0
fault_04,Jr_QTE,0.005,early,50,50,48,0,2,0,1.0,0.04,0.96,0.9,1.0
fault_05,Jr_QTE,0.005,early,50,50,48,0,2,0,1.0,0.04,0.96,0.9,1.0
fault_06,Jr_QTE,0.005,early,50,50,48,0,2,0,1.0,0.04,0.96,0.9,1.0
fault_07,Jr_QTE,0.005,early,50,50,48,0,2,0,1.0,0.04,0.96,0.9,1.0
fault_08,Jr_QTE,0.005,early,50,50,48,0,2,0,1.0,0.04,0.96,0.9,1.0
fault_09,Jr_QTE,0.005,early,50,50,3,0,2,45,0.1,0.04,0.06,0.0,0.14
fault_10,Jr_QTE,0.005,early,50,50,39,0,2,9,0.82,0.04,0.78,0.66,0.88
fault_11,Jr_QTE,0.005,early,50,50,48,0,2,0,1.0,0.04,0.96,0.9,1.0
fault_12,Jr_QTE,0.005,early,50,50,48,0,2,0,1.0,0.04,0.96,0.9,1.0
fault_13,Jr_QTE,0.005,early,50,50,47,0,2,1,0.98,0.04,0.94,0.88,1.0
fault_14,Jr_QTE,0.005,early,50,50,48,0,2,0,1.0,0.04,0.96,0.9,1.0
fault_15,Jr_QTE,0.005,early,50,50,0,0,2,48,0.04,0.04,0.0,0.0,0.0
fault_16,Jr_QTE,0.005,early,50,50,47,0,2,1,0.98,0.04,0.94,0.86,1.0
fault_17,Jr_QTE,0.005,early,50,50,48,0,2,0,1.0,0.04,0.96,0.9,1.0
fault_18,Jr_QTE,0.005,early,50,50,43,0,2,5,0.9,0.04,0.86,0.76,0.94
fault_19,Jr_QTE,0.005,early,50,50,48,0,2,0,1.0,0.04,0.96,0.9,1.0
fault_20,Jr_QTE,0.005,early,50,50,48,0,2,0,1.0,0.04,0.96,0.9,1.0
all,Dr_QTE,0.005,early,1000,50,845,0,0,155,0.845,0.0,0.845,0.838,0.852
panel_A,Dr_QTE,0.005,early,500,25,423,0,0,77,0.846,0.0,0.846,0.836,0.8560999999999999
panel_B,Dr_QTE,0.005,early,500,25,422,0,0,78,0.844,0.0,0.844,0.836,0.852
fault_01,Dr_QTE,0.005,early,50,50,50,0,0,0,1.0,0.0,1.0,1.0,1.0
fault_02,Dr_QTE,0.005,early,50,50,50,0,0,0,1.0,0.0,1.0,1.0,1.0
fault_03,Dr_QTE,0.005,early,50,50,2,0,0,48,0.04,0.0,0.04,0.0,0.1
fault_04,Dr_QTE,0.005,early,50,50,50,0,0,0,1.0,0.0,1.0,1.0,1.0
fault_05,Dr_QTE,0.005,early,50,50,50,0,0,0,1.0,0.0,1.0,1.0,1.0
fault_06,Dr_QTE,0.005,early,50,50,50,0,0,0,1.0,0.0,1.0,1.0,1.0
fault_07,Dr_QTE,0.005,early,50,50,50,0,0,0,1.0,0.0,1.0,1.0,1.0
fault_08,Dr_QTE,0.005,early,50,50,50,0,0,0,1.0,0.0,1.0,1.0,1.0
fault_09,Dr_QTE,0.005,early,50,50,2,0,0,48,0.04,0.0,0.04,0.0,0.1
fault_10,Dr_QTE,0.005,early,50,50,49,0,0,1,0.98,0.0,0.98,0.94,1.0
fault_11,Dr_QTE,0.005,early,50,50,50,0,0,0,1.0,0.0,1.0,1.0,1.0
fault_12,Dr_QTE,0.005,early,50,50,49,0,0,1,0.98,0.0,0.98,0.9390000000000001,1.0
fault_13,Dr_QTE,0.005,early,50,50,49,0,0,1,0.98,0.0,0.98,0.94,1.0
fault_14,Dr_QTE,0.005,early,50,50,50,0,0,0,1.0,0.0,1.0,1.0,1.0
fault_15,Dr_QTE,0.005,early,50,50,0,0,0,50,0.0,0.0,0.0,0.0,0.0
fault_16,Dr_QTE,0.005,early,50,50,50,0,0,0,1.0,0.0,1.0,1.0,1.0
fault_17,Dr_QTE,0.005,early,50,50,50,0,0,0,1.0,0.0,1.0,1.0,1.0
fault_18,Dr_QTE,0.005,early,50,50,45,0,0,5,0.9,0.0,0.9,0.82,0.98
fault_19,Dr_QTE,0.005,early,50,50,50,0,0,0,1.0,0.0,1.0,1.0,1.0
fault_20,Dr_QTE,0.005,early,50,50,49,0,0,1,0.98,0.0,0.98,0.94,1.0
all,PairError-QTE,0.005,early,1000,50,812,0,40,148,0.852,0.04,0.812,0.758,0.848
panel_A,PairError-QTE,0.005,early,500,25,407,0,20,73,0.854,0.04,0.814,0.7379,0.856
panel_B,PairError-QTE,0.005,early,500,25,405,0,20,75,0.85,0.04,0.81,0.74,0.848
fault_01,PairError-QTE,0.005,early,50,50,48,0,2,0,1.0,0.04,0.96,0.9,1.0
fault_02,PairError-QTE,0.005,early,50,50,48,0,2,0,1.0,0.04,0.96,0.9,1.0
fault_03,PairError-QTE,0.005,early,50,50,0,0,2,48,0.04,0.04,0.0,0.0,0.0
fault_04,PairError-QTE,0.005,early,50,50,48,0,2,0,1.0,0.04,0.96,0.9,1.0
fault_05,PairError-QTE,0.005,early,50,50,48,0,2,0,1.0,0.04,0.96,0.9,1.0
fault_06,PairError-QTE,0.005,early,50,50,48,0,2,0,1.0,0.04,0.96,0.9,1.0
fault_07,PairError-QTE,0.005,early,50,50,48,0,2,0,1.0,0.04,0.96,0.9,1.0
fault_08,PairError-QTE,0.005,early,50,50,48,0,2,0,1.0,0.04,0.96,0.9,1.0
fault_09,PairError-QTE,0.005,early,50,50,3,0,2,45,0.1,0.04,0.06,0.0,0.14
fault_10,PairError-QTE,0.005,early,50,50,47,0,2,1,0.98,0.04,0.94,0.86,1.0
fault_11,PairError-QTE,0.005,early,50,50,48,0,2,0,1.0,0.04,0.96,0.9,1.0
fault_12,PairError-QTE,0.005,early,50,50,48,0,2,0,1.0,0.04,0.96,0.9,1.0
fault_13,PairError-QTE,0.005,early,50,50,47,0,2,1,0.98,0.04,0.94,0.88,1.0
fault_14,PairError-QTE,0.005,early,50,50,48,0,2,0,1.0,0.04,0.96,0.9,1.0
fault_15,PairError-QTE,0.005,early,50,50,0,0,2,48,0.04,0.04,0.0,0.0,0.0
fault_16,PairError-QTE,0.005,early,50,50,48,0,2,0,1.0,0.04,0.96,0.9,1.0
fault_17,PairError-QTE,0.005,early,50,50,48,0,2,0,1.0,0.04,0.96,0.9,1.0
fault_18,PairError-QTE,0.005,early,50,50,43,0,2,5,0.9,0.04,0.86,0.76,0.94
fault_19,PairError-QTE,0.005,early,50,50,48,0,2,0,1.0,0.04,0.96,0.9,1.0
fault_20,PairError-QTE,0.005,early,50,50,48,0,2,0,1.0,0.04,0.96,0.9,1.0
all,PCA-SPE,0.005,early,1000,50,818,0,20,162,0.838,0.02,0.818,0.77695,0.841
panel_A,PCA-SPE,0.005,early,500,25,400,0,20,80,0.84,0.04,0.8,0.7299,0.844
panel_B,PCA-SPE,0.005,early,500,25,418,0,0,82,0.836,0.0,0.836,0.822,0.846
fault_01,PCA-SPE,0.005,early,50,50,49,0,1,0,1.0,0.02,0.98,0.94,1.0
fault_02,PCA-SPE,0.005,early,50,50,49,0,1,0,1.0,0.02,0.98,0.94,1.0
fault_03,PCA-SPE,0.005,early,50,50,1,0,1,48,0.04,0.02,0.02,0.0,0.06
fault_04,PCA-SPE,0.005,early,50,50,49,0,1,0,1.0,0.02,0.98,0.94,1.0
fault_05,PCA-SPE,0.005,early,50,50,49,0,1,0,1.0,0.02,0.98,0.94,1.0
fault_06,PCA-SPE,0.005,early,50,50,49,0,1,0,1.0,0.02,0.98,0.94,1.0
fault_07,PCA-SPE,0.005,early,50,50,49,0,1,0,1.0,0.02,0.98,0.94,1.0
fault_08,PCA-SPE,0.005,early,50,50,49,0,1,0,1.0,0.02,0.98,0.94,1.0
fault_09,PCA-SPE,0.005,early,50,50,0,0,1,49,0.02,0.02,0.0,0.0,0.0
fault_10,PCA-SPE,0.005,early,50,50,43,0,1,6,0.88,0.02,0.86,0.76,0.94
fault_11,PCA-SPE,0.005,early,50,50,49,0,1,0,1.0,0.02,0.98,0.94,1.0
fault_12,PCA-SPE,0.005,early,50,50,49,0,1,0,1.0,0.02,0.98,0.94,1.0
fault_13,PCA-SPE,0.005,early,50,50,46,0,1,3,0.94,0.02,0.92,0.84,0.98
fault_14,PCA-SPE,0.005,early,50,50,49,0,1,0,1.0,0.02,0.98,0.94,1.0
fault_15,PCA-SPE,0.005,early,50,50,1,0,1,48,0.04,0.02,0.02,0.0,0.06
fault_16,PCA-SPE,0.005,early,50,50,48,0,1,1,0.98,0.02,0.96,0.9,1.0
fault_17,PCA-SPE,0.005,early,50,50,49,0,1,0,1.0,0.02,0.98,0.94,1.0
fault_18,PCA-SPE,0.005,early,50,50,43,0,1,6,0.88,0.02,0.86,0.76,0.94
fault_19,PCA-SPE,0.005,early,50,50,49,0,1,0,1.0,0.02,0.98,0.94,1.0
fault_20,PCA-SPE,0.005,early,50,50,48,0,1,1,0.98,0.02,0.96,0.9,1.0
all,S_QTE,0.01,full,1000,50,716,0,160,124,0.876,0.16,0.716,0.615,0.786
panel_A,S_QTE,0.01,full,500,25,324,0,120,56,0.888,0.24,0.648,0.478,0.784
panel_B,S_QTE,0.01,full,500,25,392,0,40,68,0.864,0.08,0.784,0.682,0.854
fault_01,S_QTE,0.01,full,50,50,42,0,8,0,1.0,0.16,0.84,0.72,0.92
fault_02,S_QTE,0.01,full,50,50,42,0,8,0,1.0,0.16,0.84,0.72,0.92
fault_03,S_QTE,0.01,full,50,50,0,0,8,42,0.16,0.16,0.0,0.0,0.0
fault_04,S_QTE,0.01,full,50,50,42,0,8,0,1.0,0.16,0.84,0.72,0.92
fault_05,S_QTE,0.01,full,50,50,42,0,8,0,1.0,0.16,0.84,0.72,0.92
fault_06,S_QTE,0.01,full,50,50,42,0,8,0,1.0,0.16,0.84,0.72,0.92
fault_07,S_QTE,0.01,full,50,50,42,0,8,0,1.0,0.16,0.84,0.72,0.92
fault_08,S_QTE,0.01,full,50,50,42,0,8,0,1.0,0.16,0.84,0.72,0.92
fault_09,S_QTE,0.01,full,50,50,1,0,8,41,0.18,0.16,0.02,0.0,0.06
fault_10,S_QTE,0.01,full,50,50,42,0,8,0,1.0,0.16,0.84,0.72,0.92
fault_11,S_QTE,0.01,full,50,50,42,0,8,0,1.0,0.16,0.84,0.72,0.92
fault_12,S_QTE,0.01,full,50,50,42,0,8,0,1.0,0.16,0.84,0.72,0.92
fault_13,S_QTE,0.01,full,50,50,42,0,8,0,1.0,0.16,0.84,0.72,0.92
fault_14,S_QTE,0.01,full,50,50,42,0,8,0,1.0,0.16,0.84,0.72,0.92
fault_15,S_QTE,0.01,full,50,50,1,0,8,41,0.18,0.16,0.02,0.0,0.06
fault_16,S_QTE,0.01,full,50,50,42,0,8,0,1.0,0.16,0.84,0.72,0.92
fault_17,S_QTE,0.01,full,50,50,42,0,8,0,1.0,0.16,0.84,0.72,0.92
fault_18,S_QTE,0.01,full,50,50,42,0,8,0,1.0,0.16,0.84,0.72,0.92
fault_19,S_QTE,0.01,full,50,50,42,0,8,0,1.0,0.16,0.84,0.72,0.92
fault_20,S_QTE,0.01,full,50,50,42,0,8,0,1.0,0.16,0.84,0.72,0.92
all,Jr_QTE,0.01,full,1000,50,777,0,160,63,0.937,0.16,0.777,0.683,0.8590999999999999
panel_A,Jr_QTE,0.01,full,500,25,330,0,140,30,0.94,0.28,0.66,0.4799,0.806
panel_B,Jr_QTE,0.01,full,500,25,447,0,20,33,0.934,0.04,0.894,0.8159,0.938
fault_01,Jr_QTE,0.01,full,50,50,42,0,8,0,1.0,0.16,0.84,0.74,0.9209999999999992
fault_02,Jr_QTE,0.01,full,50,50,42,0,8,0,1.0,0.16,0.84,0.74,0.9209999999999992
fault_03,Jr_QTE,0.01,full,50,50,20,0,8,22,0.56,0.16,0.4,0.26,0.52
fault_04,Jr_QTE,0.01,full,50,50,42,0,8,0,1.0,0.16,0.84,0.74,0.9209999999999992
fault_05,Jr_QTE,0.01,full,50,50,42,0,8,0,1.0,0.16,0.84,0.74,0.9209999999999992
fault_06,Jr_QTE,0.01,full,50,50,42,0,8,0,1.0,0.16,0.84,0.74,0.9209999999999992
fault_07,Jr_QTE,0.01,full,50,50,42,0,8,0,1.0,0.16,0.84,0.74,0.9209999999999992
fault_08,Jr_QTE,0.01,full,50,50,42,0,8,0,1.0,0.16,0.84,0.74,0.9209999999999992
fault_09,Jr_QTE,0.01,full,50,50,42,0,8,0,1.0,0.16,0.84,0.74,0.9209999999999992
fault_10,Jr_QTE,0.01,full,50,50,42,0,8,0,1.0,0.16,0.84,0.74,0.9209999999999992
fault_11,Jr_QTE,0.01,full,50,50,42,0,8,0,1.0,0.16,0.84,0.74,0.9209999999999992
fault_12,Jr_QTE,0.01,full,50,50,42,0,8,0,1.0,0.16,0.84,0.74,0.9209999999999992
fault_13,Jr_QTE,0.01,full,50,50,42,0,8,0,1.0,0.16,0.84,0.74,0.9209999999999992
fault_14,Jr_QTE,0.01,full,50,50,42,0,8,0,1.0,0.16,0.84,0.74,0.9209999999999992
fault_15,Jr_QTE,0.01,full,50,50,1,0,8,41,0.18,0.16,0.02,0.0,0.06
fault_16,Jr_QTE,0.01,full,50,50,42,0,8,0,1.0,0.16,0.84,0.74,0.9209999999999992
fault_17,Jr_QTE,0.01,full,50,50,42,0,8,0,1.0,0.16,0.84,0.74,0.9209999999999992
fault_18,Jr_QTE,0.01,full,50,50,42,0,8,0,1.0,0.16,0.84,0.74,0.9209999999999992
fault_19,Jr_QTE,0.01,full,50,50,42,0,8,0,1.0,0.16,0.84,0.74,0.9209999999999992
fault_20,Jr_QTE,0.01,full,50,50,42,0,8,0,1.0,0.16,0.84,0.74,0.9209999999999992
all,Dr_QTE,0.01,full,1000,50,553,5,395,47,0.948,0.4,0.548,0.4088,0.676
panel_A,Dr_QTE,0.01,full,500,25,254,3,217,26,0.942,0.44,0.502,0.32,0.6820999999999999
panel_B,Dr_QTE,0.01,full,500,25,299,2,178,21,0.954,0.36,0.594,0.404,0.7584999999999995
fault_01,Dr_QTE,0.01,full,50,50,30,0,20,0,1.0,0.4,0.6,0.46,0.74
fault_02,Dr_QTE,0.01,full,50,50,30,0,20,0,1.0,0.4,0.6,0.46,0.74
fault_03,Dr_QTE,0.01,full,50,50,14,0,20,16,0.68,0.4,0.28,0.16,0.4
fault_04,Dr_QTE,0.01,full,50,50,30,0,20,0,1.0,0.4,0.6,0.46,0.74
fault_05,Dr_QTE,0.01,full,50,50,30,0,20,0,1.0,0.4,0.6,0.46,0.74
fault_06,Dr_QTE,0.01,full,50,50,30,0,20,0,1.0,0.4,0.6,0.46,0.74
fault_07,Dr_QTE,0.01,full,50,50,30,0,20,0,1.0,0.4,0.6,0.46,0.74
fault_08,Dr_QTE,0.01,full,50,50,30,0,20,0,1.0,0.4,0.6,0.46,0.74
fault_09,Dr_QTE,0.01,full,50,50,26,1,19,4,0.9,0.4,0.5,0.34,0.64
fault_10,Dr_QTE,0.01,full,50,50,30,0,20,0,1.0,0.4,0.6,0.46,0.74
fault_11,Dr_QTE,0.01,full,50,50,30,0,20,0,1.0,0.4,0.6,0.46,0.74
fault_12,Dr_QTE,0.01,full,50,50,30,0,20,0,1.0,0.4,0.6,0.46,0.74
fault_13,Dr_QTE,0.01,full,50,50,30,0,20,0,1.0,0.4,0.6,0.46,0.74
fault_14,Dr_QTE,0.01,full,50,50,30,0,20,0,1.0,0.4,0.6,0.46,0.74
fault_15,Dr_QTE,0.01,full,50,50,3,4,16,27,0.38,0.4,-0.02,-0.12,0.08
fault_16,Dr_QTE,0.01,full,50,50,30,0,20,0,1.0,0.4,0.6,0.46,0.74
fault_17,Dr_QTE,0.01,full,50,50,30,0,20,0,1.0,0.4,0.6,0.46,0.74
fault_18,Dr_QTE,0.01,full,50,50,30,0,20,0,1.0,0.4,0.6,0.46,0.74
fault_19,Dr_QTE,0.01,full,50,50,30,0,20,0,1.0,0.4,0.6,0.46,0.74
fault_20,Dr_QTE,0.01,full,50,50,30,0,20,0,1.0,0.4,0.6,0.46,0.74
all,PairError-QTE,0.01,full,1000,50,781,0,160,59,0.941,0.16,0.781,0.6859500000000001,0.8631999999999999
panel_A,PairError-QTE,0.01,full,500,25,335,0,140,25,0.95,0.28,0.67,0.488,0.82
panel_B,PairError-QTE,0.01,full,500,25,446,0,20,34,0.932,0.04,0.892,0.814,0.936
fault_01,PairError-QTE,0.01,full,50,50,42,0,8,0,1.0,0.16,0.84,0.74,0.9209999999999992
fault_02,PairError-QTE,0.01,full,50,50,42,0,8,0,1.0,0.16,0.84,0.74,0.9209999999999992
fault_03,PairError-QTE,0.01,full,50,50,24,0,8,18,0.64,0.16,0.48,0.34,0.62
fault_04,PairError-QTE,0.01,full,50,50,42,0,8,0,1.0,0.16,0.84,0.74,0.9209999999999992
fault_05,PairError-QTE,0.01,full,50,50,42,0,8,0,1.0,0.16,0.84,0.74,0.9209999999999992
fault_06,PairError-QTE,0.01,full,50,50,42,0,8,0,1.0,0.16,0.84,0.74,0.9209999999999992
fault_07,PairError-QTE,0.01,full,50,50,42,0,8,0,1.0,0.16,0.84,0.74,0.9209999999999992
fault_08,PairError-QTE,0.01,full,50,50,42,0,8,0,1.0,0.16,0.84,0.74,0.9209999999999992
fault_09,PairError-QTE,0.01,full,50,50,42,0,8,0,1.0,0.16,0.84,0.74,0.9209999999999992
fault_10,PairError-QTE,0.01,full,50,50,42,0,8,0,1.0,0.16,0.84,0.74,0.9209999999999992
fault_11,PairError-QTE,0.01,full,50,50,42,0,8,0,1.0,0.16,0.84,0.74,0.9209999999999992
fault_12,PairError-QTE,0.01,full,50,50,42,0,8,0,1.0,0.16,0.84,0.74,0.9209999999999992
fault_13,PairError-QTE,0.01,full,50,50,42,0,8,0,1.0,0.16,0.84,0.74,0.9209999999999992
fault_14,PairError-QTE,0.01,full,50,50,42,0,8,0,1.0,0.16,0.84,0.74,0.9209999999999992
fault_15,PairError-QTE,0.01,full,50,50,1,0,8,41,0.18,0.16,0.02,0.0,0.06
fault_16,PairError-QTE,0.01,full,50,50,42,0,8,0,1.0,0.16,0.84,0.74,0.9209999999999992
fault_17,PairError-QTE,0.01,full,50,50,42,0,8,0,1.0,0.16,0.84,0.74,0.9209999999999992
fault_18,PairError-QTE,0.01,full,50,50,42,0,8,0,1.0,0.16,0.84,0.74,0.9209999999999992
fault_19,PairError-QTE,0.01,full,50,50,42,0,8,0,1.0,0.16,0.84,0.74,0.9209999999999992
fault_20,PairError-QTE,0.01,full,50,50,42,0,8,0,1.0,0.16,0.84,0.74,0.9209999999999992
all,PCA-SPE,0.01,full,1000,50,527,0,400,73,0.927,0.4,0.527,0.40295000000000003,0.6430999999999999
panel_A,PCA-SPE,0.01,full,500,25,239,0,220,41,0.918,0.44,0.478,0.3079,0.646
panel_B,PCA-SPE,0.01,full,500,25,288,0,180,32,0.936,0.36,0.576,0.394,0.742
fault_01,PCA-SPE,0.01,full,50,50,30,0,20,0,1.0,0.4,0.6,0.46,0.74
fault_02,PCA-SPE,0.01,full,50,50,30,0,20,0,1.0,0.4,0.6,0.46,0.74
fault_03,PCA-SPE,0.01,full,50,50,4,0,20,26,0.48,0.4,0.08,0.02,0.16
fault_04,PCA-SPE,0.01,full,50,50,30,0,20,0,1.0,0.4,0.6,0.46,0.74
fault_05,PCA-SPE,0.01,full,50,50,30,0,20,0,1.0,0.4,0.6,0.46,0.74
fault_06,PCA-SPE,0.01,full,50,50,30,0,20,0,1.0,0.4,0.6,0.46,0.74
fault_07,PCA-SPE,0.01,full,50,50,30,0,20,0,1.0,0.4,0.6,0.46,0.74
fault_08,PCA-SPE,0.01,full,50,50,30,0,20,0,1.0,0.4,0.6,0.46,0.74
fault_09,PCA-SPE,0.01,full,50,50,6,0,20,24,0.52,0.4,0.12,0.04,0.22
fault_10,PCA-SPE,0.01,full,50,50,30,0,20,0,1.0,0.4,0.6,0.46,0.74
fault_11,PCA-SPE,0.01,full,50,50,30,0,20,0,1.0,0.4,0.6,0.46,0.74
fault_12,PCA-SPE,0.01,full,50,50,30,0,20,0,1.0,0.4,0.6,0.46,0.74
fault_13,PCA-SPE,0.01,full,50,50,30,0,20,0,1.0,0.4,0.6,0.46,0.74
fault_14,PCA-SPE,0.01,full,50,50,30,0,20,0,1.0,0.4,0.6,0.46,0.74
fault_15,PCA-SPE,0.01,full,50,50,7,0,20,23,0.54,0.4,0.14,0.04,0.24
fault_16,PCA-SPE,0.01,full,50,50,30,0,20,0,1.0,0.4,0.6,0.46,0.74
fault_17,PCA-SPE,0.01,full,50,50,30,0,20,0,1.0,0.4,0.6,0.46,0.74
fault_18,PCA-SPE,0.01,full,50,50,30,0,20,0,1.0,0.4,0.6,0.46,0.74
fault_19,PCA-SPE,0.01,full,50,50,30,0,20,0,1.0,0.4,0.6,0.46,0.74
fault_20,PCA-SPE,0.01,full,50,50,30,0,20,0,1.0,0.4,0.6,0.46,0.74
all,S_QTE,0.01,early,1000,50,778,0,40,182,0.818,0.04,0.778,0.72595,0.816
panel_A,S_QTE,0.01,early,500,25,387,0,20,93,0.814,0.04,0.774,0.6998,0.818
panel_B,S_QTE,0.01,early,500,25,391,0,20,89,0.822,0.04,0.782,0.708,0.826
fault_01,S_QTE,0.01,early,50,50,48,0,2,0,1.0,0.04,0.96,0.9,1.0
fault_02,S_QTE,0.01,early,50,50,48,0,2,0,1.0,0.04,0.96,0.9,1.0
fault_03,S_QTE,0.01,early,50,50,0,0,2,48,0.04,0.04,0.0,0.0,0.0
fault_04,S_QTE,0.01,early,50,50,48,0,2,0,1.0,0.04,0.96,0.9,1.0
fault_05,S_QTE,0.01,early,50,50,48,0,2,0,1.0,0.04,0.96,0.9,1.0
fault_06,S_QTE,0.01,early,50,50,48,0,2,0,1.0,0.04,0.96,0.9,1.0
fault_07,S_QTE,0.01,early,50,50,48,0,2,0,1.0,0.04,0.96,0.9,1.0
fault_08,S_QTE,0.01,early,50,50,48,0,2,0,1.0,0.04,0.96,0.9,1.0
fault_09,S_QTE,0.01,early,50,50,0,0,2,48,0.04,0.04,0.0,0.0,0.0
fault_10,S_QTE,0.01,early,50,50,27,0,2,21,0.58,0.04,0.54,0.4,0.68
fault_11,S_QTE,0.01,early,50,50,48,0,2,0,1.0,0.04,0.96,0.9,1.0
fault_12,S_QTE,0.01,early,50,50,48,0,2,0,1.0,0.04,0.96,0.9,1.0
fault_13,S_QTE,0.01,early,50,50,44,0,2,4,0.92,0.04,0.88,0.78,0.96
fault_14,S_QTE,0.01,early,50,50,48,0,2,0,1.0,0.04,0.96,0.9,1.0
fault_15,S_QTE,0.01,early,50,50,0,0,2,48,0.04,0.04,0.0,0.0,0.0
fault_16,S_QTE,0.01,early,50,50,44,0,2,4,0.92,0.04,0.88,0.78,0.96
fault_17,S_QTE,0.01,early,50,50,47,0,2,1,0.98,0.04,0.94,0.86,1.0
fault_18,S_QTE,0.01,early,50,50,42,0,2,6,0.88,0.04,0.84,0.72,0.9209999999999992
fault_19,S_QTE,0.01,early,50,50,48,0,2,0,1.0,0.04,0.96,0.9,1.0
fault_20,S_QTE,0.01,early,50,50,46,0,2,2,0.96,0.04,0.92,0.84,0.98
all,Jr_QTE,0.01,early,1000,50,813,0,40,147,0.853,0.04,0.813,0.75895,0.851
panel_A,Jr_QTE,0.01,early,500,25,407,0,20,73,0.854,0.04,0.814,0.734,0.86
panel_B,Jr_QTE,0.01,early,500,25,406,0,20,74,0.852,0.04,0.812,0.74,0.854
fault_01,Jr_QTE,0.01,early,50,50,48,0,2,0,1.0,0.04,0.96,0.9,1.0
fault_02,Jr_QTE,0.01,early,50,50,48,0,2,0,1.0,0.04,0.96,0.9,1.0
fault_03,Jr_QTE,0.01,early,50,50,0,0,2,48,0.04,0.04,0.0,0.0,0.0
fault_04,Jr_QTE,0.01,early,50,50,48,0,2,0,1.0,0.04,0.96,0.9,1.0
fault_05,Jr_QTE,0.01,early,50,50,48,0,2,0,1.0,0.04,0.96,0.9,1.0
fault_06,Jr_QTE,0.01,early,50,50,48,0,2,0,1.0,0.04,0.96,0.9,1.0
fault_07,Jr_QTE,0.01,early,50,50,48,0,2,0,1.0,0.04,0.96,0.9,1.0
fault_08,Jr_QTE,0.01,early,50,50,48,0,2,0,1.0,0.04,0.96,0.9,1.0
fault_09,Jr_QTE,0.01,early,50,50,8,0,2,40,0.2,0.04,0.16,0.06,0.26
fault_10,Jr_QTE,0.01,early,50,50,43,0,2,5,0.9,0.04,0.86,0.76,0.96
fault_11,Jr_QTE,0.01,early,50,50,48,0,2,0,1.0,0.04,0.96,0.9,1.0
fault_12,Jr_QTE,0.01,early,50,50,48,0,2,0,1.0,0.04,0.96,0.9,1.0
fault_13,Jr_QTE,0.01,early,50,50,47,0,2,1,0.98,0.04,0.94,0.88,1.0
fault_14,Jr_QTE,0.01,early,50,50,48,0,2,0,1.0,0.04,0.96,0.9,1.0
fault_15,Jr_QTE,0.01,early,50,50,0,0,2,48,0.04,0.04,0.0,0.0,0.0
fault_16,Jr_QTE,0.01,early,50,50,48,0,2,0,1.0,0.04,0.96,0.9,1.0
fault_17,Jr_QTE,0.01,early,50,50,48,0,2,0,1.0,0.04,0.96,0.9,1.0
fault_18,Jr_QTE,0.01,early,50,50,43,0,2,5,0.9,0.04,0.86,0.76,0.94
fault_19,Jr_QTE,0.01,early,50,50,48,0,2,0,1.0,0.04,0.96,0.9,1.0
fault_20,Jr_QTE,0.01,early,50,50,48,0,2,0,1.0,0.04,0.96,0.9,1.0
all,Dr_QTE,0.01,early,1000,50,794,0,60,146,0.854,0.06,0.794,0.728,0.842
panel_A,Dr_QTE,0.01,early,500,25,389,0,40,71,0.858,0.08,0.778,0.676,0.8500999999999999
panel_B,Dr_QTE,0.01,early,500,25,405,0,20,75,0.85,0.04,0.81,0.738,0.85
fault_01,Dr_QTE,0.01,early,50,50,47,0,3,0,1.0,0.06,0.94,0.86,1.0
fault_02,Dr_QTE,0.01,early,50,50,47,0,3,0,1.0,0.06,0.94,0.86,1.0
fault_03,Dr_QTE,0.01,early,50,50,2,0,3,45,0.1,0.06,0.04,0.0,0.1
fault_04,Dr_QTE,0.01,early,50,50,47,0,3,0,1.0,0.06,0.94,0.86,1.0
fault_05,Dr_QTE,0.01,early,50,50,47,0,3,0,1.0,0.06,0.94,0.86,1.0
fault_06,Dr_QTE,0.01,early,50,50,47,0,3,0,1.0,0.06,0.94,0.86,1.0
fault_07,Dr_QTE,0.01,early,50,50,47,0,3,0,1.0,0.06,0.94,0.86,1.0
fault_08,Dr_QTE,0.01,early,50,50,47,0,3,0,1.0,0.06,0.94,0.86,1.0
fault_09,Dr_QTE,0.01,early,50,50,2,0,3,45,0.1,0.06,0.04,0.0,0.1
fault_10,Dr_QTE,0.01,early,50,50,46,0,3,1,0.98,0.06,0.92,0.84,0.98
fault_11,Dr_QTE,0.01,early,50,50,47,0,3,0,1.0,0.06,0.94,0.86,1.0
fault_12,Dr_QTE,0.01,early,50,50,46,0,3,1,0.98,0.06,0.92,0.82,0.98
fault_13,Dr_QTE,0.01,early,50,50,46,0,3,1,0.98,0.06,0.92,0.84,0.98
fault_14,Dr_QTE,0.01,early,50,50,47,0,3,0,1.0,0.06,0.94,0.86,1.0
fault_15,Dr_QTE,0.01,early,50,50,0,0,3,47,0.06,0.06,0.0,0.0,0.0
fault_16,Dr_QTE,0.01,early,50,50,47,0,3,0,1.0,0.06,0.94,0.86,1.0
fault_17,Dr_QTE,0.01,early,50,50,47,0,3,0,1.0,0.06,0.94,0.86,1.0
fault_18,Dr_QTE,0.01,early,50,50,42,0,3,5,0.9,0.06,0.84,0.74,0.94
fault_19,Dr_QTE,0.01,early,50,50,47,0,3,0,1.0,0.06,0.94,0.86,1.0
fault_20,Dr_QTE,0.01,early,50,50,46,0,3,1,0.98,0.06,0.92,0.84,0.98
all,PairError-QTE,0.01,early,1000,50,818,0,40,142,0.858,0.04,0.818,0.763,0.855
panel_A,PairError-QTE,0.01,early,500,25,410,0,20,70,0.86,0.04,0.82,0.7399,0.864
panel_B,PairError-QTE,0.01,early,500,25,408,0,20,72,0.856,0.04,0.816,0.742,0.858
fault_01,PairError-QTE,0.01,early,50,50,48,0,2,0,1.0,0.04,0.96,0.9,1.0
fault_02,PairError-QTE,0.01,early,50,50,48,0,2,0,1.0,0.04,0.96,0.9,1.0
fault_03,PairError-QTE,0.01,early,50,50,0,0,2,48,0.04,0.04,0.0,0.0,0.0
fault_04,PairError-QTE,0.01,early,50,50,48,0,2,0,1.0,0.04,0.96,0.9,1.0
fault_05,PairError-QTE,0.01,early,50,50,48,0,2,0,1.0,0.04,0.96,0.9,1.0
fault_06,PairError-QTE,0.01,early,50,50,48,0,2,0,1.0,0.04,0.96,0.9,1.0
fault_07,PairError-QTE,0.01,early,50,50,48,0,2,0,1.0,0.04,0.96,0.9,1.0
fault_08,PairError-QTE,0.01,early,50,50,48,0,2,0,1.0,0.04,0.96,0.9,1.0
fault_09,PairError-QTE,0.01,early,50,50,9,0,2,39,0.22,0.04,0.18,0.08,0.28
fault_10,PairError-QTE,0.01,early,50,50,47,0,2,1,0.98,0.04,0.94,0.86,1.0
fault_11,PairError-QTE,0.01,early,50,50,48,0,2,0,1.0,0.04,0.96,0.9,1.0
fault_12,PairError-QTE,0.01,early,50,50,48,0,2,0,1.0,0.04,0.96,0.9,1.0
fault_13,PairError-QTE,0.01,early,50,50,47,0,2,1,0.98,0.04,0.94,0.88,1.0
fault_14,PairError-QTE,0.01,early,50,50,48,0,2,0,1.0,0.04,0.96,0.9,1.0
fault_15,PairError-QTE,0.01,early,50,50,0,0,2,48,0.04,0.04,0.0,0.0,0.0
fault_16,PairError-QTE,0.01,early,50,50,48,0,2,0,1.0,0.04,0.96,0.9,1.0
fault_17,PairError-QTE,0.01,early,50,50,48,0,2,0,1.0,0.04,0.96,0.9,1.0
fault_18,PairError-QTE,0.01,early,50,50,43,0,2,5,0.9,0.04,0.86,0.76,0.94
fault_19,PairError-QTE,0.01,early,50,50,48,0,2,0,1.0,0.04,0.96,0.9,1.0
fault_20,PairError-QTE,0.01,early,50,50,48,0,2,0,1.0,0.04,0.96,0.9,1.0
all,PCA-SPE,0.01,early,1000,50,769,0,80,151,0.849,0.08,0.769,0.70195,0.82305
panel_A,PCA-SPE,0.01,early,500,25,368,0,60,72,0.856,0.12,0.736,0.628,0.836
panel_B,PCA-SPE,0.01,early,500,25,401,0,20,79,0.842,0.04,0.802,0.726,0.844
fault_01,PCA-SPE,0.01,early,50,50,46,0,4,0,1.0,0.08,0.92,0.84,0.98
fault_02,PCA-SPE,0.01,early,50,50,46,0,4,0,1.0,0.08,0.92,0.84,0.98
fault_03,PCA-SPE,0.01,early,50,50,1,0,4,45,0.1,0.08,0.02,0.0,0.06
fault_04,PCA-SPE,0.01,early,50,50,46,0,4,0,1.0,0.08,0.92,0.84,0.98
fault_05,PCA-SPE,0.01,early,50,50,46,0,4,0,1.0,0.08,0.92,0.84,0.98
fault_06,PCA-SPE,0.01,early,50,50,46,0,4,0,1.0,0.08,0.92,0.84,0.98
fault_07,PCA-SPE,0.01,early,50,50,46,0,4,0,1.0,0.08,0.92,0.84,0.98
fault_08,PCA-SPE,0.01,early,50,50,46,0,4,0,1.0,0.08,0.92,0.84,0.98
fault_09,PCA-SPE,0.01,early,50,50,0,0,4,46,0.08,0.08,0.0,0.0,0.0
fault_10,PCA-SPE,0.01,early,50,50,42,0,4,4,0.92,0.08,0.84,0.74,0.94
fault_11,PCA-SPE,0.01,early,50,50,46,0,4,0,1.0,0.08,0.92,0.84,0.98
fault_12,PCA-SPE,0.01,early,50,50,46,0,4,0,1.0,0.08,0.92,0.84,0.98
fault_13,PCA-SPE,0.01,early,50,50,44,0,4,2,0.96,0.08,0.88,0.78,0.96
fault_14,PCA-SPE,0.01,early,50,50,46,0,4,0,1.0,0.08,0.92,0.84,0.98
fault_15,PCA-SPE,0.01,early,50,50,0,0,4,46,0.08,0.08,0.0,0.0,0.0
fault_16,PCA-SPE,0.01,early,50,50,45,0,4,1,0.98,0.08,0.9,0.8190000000000001,0.98
fault_17,PCA-SPE,0.01,early,50,50,46,0,4,0,1.0,0.08,0.92,0.84,0.98
fault_18,PCA-SPE,0.01,early,50,50,40,0,4,6,0.88,0.08,0.8,0.68,0.9
fault_19,PCA-SPE,0.01,early,50,50,46,0,4,0,1.0,0.08,0.92,0.84,0.98
fault_20,PCA-SPE,0.01,early,50,50,45,0,4,1,0.98,0.08,0.9,0.82,0.98
all,S_QTE,0.02,full,1000,50,574,1,339,86,0.913,0.34,0.573,0.45975000000000005,0.678
panel_A,S_QTE,0.02,full,500,25,260,0,200,40,0.92,0.4,0.52,0.344,0.6920999999999998
panel_B,S_QTE,0.02,full,500,25,314,1,139,46,0.906,0.28,0.626,0.48,0.77
fault_01,S_QTE,0.02,full,50,50,33,0,17,0,1.0,0.34,0.66,0.5390000000000001,0.78
fault_02,S_QTE,0.02,full,50,50,33,0,17,0,1.0,0.34,0.66,0.5390000000000001,0.78
fault_03,S_QTE,0.02,full,50,50,0,0,17,33,0.34,0.34,0.0,0.0,0.0
fault_04,S_QTE,0.02,full,50,50,33,0,17,0,1.0,0.34,0.66,0.5390000000000001,0.78
fault_05,S_QTE,0.02,full,50,50,33,0,17,0,1.0,0.34,0.66,0.5390000000000001,0.78
fault_06,S_QTE,0.02,full,50,50,33,0,17,0,1.0,0.34,0.66,0.5390000000000001,0.78
fault_07,S_QTE,0.02,full,50,50,33,0,17,0,1.0,0.34,0.66,0.5390000000000001,0.78
fault_08,S_QTE,0.02,full,50,50,33,0,17,0,1.0,0.34,0.66,0.5390000000000001,0.78
fault_09,S_QTE,0.02,full,50,50,2,0,17,31,0.38,0.34,0.04,0.0,0.1
fault_10,S_QTE,0.02,full,50,50,33,0,17,0,1.0,0.34,0.66,0.5390000000000001,0.78
fault_11,S_QTE,0.02,full,50,50,33,0,17,0,1.0,0.34,0.66,0.5390000000000001,0.78
fault_12,S_QTE,0.02,full,50,50,33,0,17,0,1.0,0.34,0.66,0.5390000000000001,0.78
fault_13,S_QTE,0.02,full,50,50,33,0,17,0,1.0,0.34,0.66,0.5390000000000001,0.78
fault_14,S_QTE,0.02,full,50,50,33,0,17,0,1.0,0.34,0.66,0.5390000000000001,0.78
fault_15,S_QTE,0.02,full,50,50,11,1,16,22,0.54,0.34,0.2,0.08,0.32
fault_16,S_QTE,0.02,full,50,50,33,0,17,0,1.0,0.34,0.66,0.5390000000000001,0.78
fault_17,S_QTE,0.02,full,50,50,33,0,17,0,1.0,0.34,0.66,0.5390000000000001,0.78
fault_18,S_QTE,0.02,full,50,50,33,0,17,0,1.0,0.34,0.66,0.5390000000000001,0.78
fault_19,S_QTE,0.02,full,50,50,33,0,17,0,1.0,0.34,0.66,0.5390000000000001,0.78
fault_20,S_QTE,0.02,full,50,50,33,0,17,0,1.0,0.34,0.66,0.5390000000000001,0.78
all,Jr_QTE,0.02,full,1000,50,742,0,220,38,0.962,0.22,0.742,0.627,0.837
panel_A,Jr_QTE,0.02,full,500,25,304,0,180,16,0.968,0.36,0.608,0.418,0.76
panel_B,Jr_QTE,0.02,full,500,25,438,0,40,22,0.956,0.08,0.876,0.762,0.954
fault_01,Jr_QTE,0.02,full,50,50,39,0,11,0,1.0,0.22,0.78,0.66,0.88
fault_02,Jr_QTE,0.02,full,50,50,39,0,11,0,1.0,0.22,0.78,0.66,0.88
fault_03,Jr_QTE,0.02,full,50,50,39,0,11,0,1.0,0.22,0.78,0.66,0.88
fault_04,Jr_QTE,0.02,full,50,50,39,0,11,0,1.0,0.22,0.78,0.66,0.88
fault_05,Jr_QTE,0.02,full,50,50,39,0,11,0,1.0,0.22,0.78,0.66,0.88
fault_06,Jr_QTE,0.02,full,50,50,39,0,11,0,1.0,0.22,0.78,0.66,0.88
fault_07,Jr_QTE,0.02,full,50,50,39,0,11,0,1.0,0.22,0.78,0.66,0.88
fault_08,Jr_QTE,0.02,full,50,50,39,0,11,0,1.0,0.22,0.78,0.66,0.88
fault_09,Jr_QTE,0.02,full,50,50,39,0,11,0,1.0,0.22,0.78,0.66,0.88
fault_10,Jr_QTE,0.02,full,50,50,39,0,11,0,1.0,0.22,0.78,0.66,0.88
fault_11,Jr_QTE,0.02,full,50,50,39,0,11,0,1.0,0.22,0.78,0.66,0.88
fault_12,Jr_QTE,0.02,full,50,50,39,0,11,0,1.0,0.22,0.78,0.66,0.88
fault_13,Jr_QTE,0.02,full,50,50,39,0,11,0,1.0,0.22,0.78,0.66,0.88
fault_14,Jr_QTE,0.02,full,50,50,39,0,11,0,1.0,0.22,0.78,0.66,0.88
fault_15,Jr_QTE,0.02,full,50,50,1,0,11,38,0.24,0.22,0.02,0.0,0.06
fault_16,Jr_QTE,0.02,full,50,50,39,0,11,0,1.0,0.22,0.78,0.66,0.88
fault_17,Jr_QTE,0.02,full,50,50,39,0,11,0,1.0,0.22,0.78,0.66,0.88
fault_18,Jr_QTE,0.02,full,50,50,39,0,11,0,1.0,0.22,0.78,0.66,0.88
fault_19,Jr_QTE,0.02,full,50,50,39,0,11,0,1.0,0.22,0.78,0.66,0.88
fault_20,Jr_QTE,0.02,full,50,50,39,0,11,0,1.0,0.22,0.78,0.66,0.88
all,Dr_QTE,0.02,full,1000,50,247,5,735,13,0.982,0.74,0.242,0.12495,0.357
panel_A,Dr_QTE,0.02,full,500,25,150,2,338,10,0.976,0.68,0.296,0.142,0.484
panel_B,Dr_QTE,0.02,full,500,25,97,3,397,3,0.988,0.8,0.188,0.0359,0.346
fault_01,Dr_QTE,0.02,full,50,50,13,0,37,0,1.0,0.74,0.26,0.14,0.38
fault_02,Dr_QTE,0.02,full,50,50,13,0,37,0,1.0,0.74,0.26,0.14,0.38
fault_03,Dr_QTE,0.02,full,50,50,10,0,37,3,0.94,0.74,0.2,0.1,0.32
fault_04,Dr_QTE,0.02,full,50,50,13,0,37,0,1.0,0.74,0.26,0.14,0.38
fault_05,Dr_QTE,0.02,full,50,50,13,0,37,0,1.0,0.74,0.26,0.14,0.38
fault_06,Dr_QTE,0.02,full,50,50,13,1,36,0,0.98,0.74,0.24,0.1,0.36
fault_07,Dr_QTE,0.02,full,50,50,13,1,36,0,0.98,0.74,0.24,0.1,0.36
fault_08,Dr_QTE,0.02,full,50,50,13,0,37,0,1.0,0.74,0.26,0.14,0.38
fault_09,Dr_QTE,0.02,full,50,50,13,0,37,0,1.0,0.74,0.26,0.14,0.38
fault_10,Dr_QTE,0.02,full,50,50,13,0,37,0,1.0,0.74,0.26,0.14,0.38
fault_11,Dr_QTE,0.02,full,50,50,13,0,37,0,1.0,0.74,0.26,0.14,0.38
fault_12,Dr_QTE,0.02,full,50,50,13,0,37,0,1.0,0.74,0.26,0.14,0.38
fault_13,Dr_QTE,0.02,full,50,50,13,0,37,0,1.0,0.74,0.26,0.14,0.38
fault_14,Dr_QTE,0.02,full,50,50,13,0,37,0,1.0,0.74,0.26,0.14,0.38
fault_15,Dr_QTE,0.02,full,50,50,3,3,34,10,0.74,0.74,0.0,-0.1,0.1
fault_16,Dr_QTE,0.02,full,50,50,13,0,37,0,1.0,0.74,0.26,0.14,0.38
fault_17,Dr_QTE,0.02,full,50,50,13,0,37,0,1.0,0.74,0.26,0.14,0.38
fault_18,Dr_QTE,0.02,full,50,50,13,0,37,0,1.0,0.74,0.26,0.14,0.38
fault_19,Dr_QTE,0.02,full,50,50,13,0,37,0,1.0,0.74,0.26,0.14,0.38
fault_20,Dr_QTE,0.02,full,50,50,13,0,37,0,1.0,0.74,0.26,0.14,0.38
all,PairError-QTE,0.02,full,1000,50,740,1,219,40,0.959,0.22,0.739,0.624,0.835
panel_A,PairError-QTE,0.02,full,500,25,303,1,179,17,0.964,0.36,0.604,0.416,0.76
panel_B,PairError-QTE,0.02,full,500,25,437,0,40,23,0.954,0.08,0.874,0.76,0.95
fault_01,PairError-QTE,0.02,full,50,50,39,0,11,0,1.0,0.22,0.78,0.66,0.88
fault_02,PairError-QTE,0.02,full,50,50,39,0,11,0,1.0,0.22,0.78,0.66,0.88
fault_03,PairError-QTE,0.02,full,50,50,38,0,11,1,0.98,0.22,0.76,0.64,0.86
fault_04,PairError-QTE,0.02,full,50,50,39,0,11,0,1.0,0.22,0.78,0.66,0.88
fault_05,PairError-QTE,0.02,full,50,50,39,0,11,0,1.0,0.22,0.78,0.66,0.88
fault_06,PairError-QTE,0.02,full,50,50,39,0,11,0,1.0,0.22,0.78,0.66,0.88
fault_07,PairError-QTE,0.02,full,50,50,39,0,11,0,1.0,0.22,0.78,0.66,0.88
fault_08,PairError-QTE,0.02,full,50,50,39,0,11,0,1.0,0.22,0.78,0.66,0.88
fault_09,PairError-QTE,0.02,full,50,50,39,0,11,0,1.0,0.22,0.78,0.66,0.88
fault_10,PairError-QTE,0.02,full,50,50,39,0,11,0,1.0,0.22,0.78,0.66,0.88
fault_11,PairError-QTE,0.02,full,50,50,39,0,11,0,1.0,0.22,0.78,0.66,0.88
fault_12,PairError-QTE,0.02,full,50,50,39,0,11,0,1.0,0.22,0.78,0.66,0.88
fault_13,PairError-QTE,0.02,full,50,50,39,0,11,0,1.0,0.22,0.78,0.66,0.88
fault_14,PairError-QTE,0.02,full,50,50,39,0,11,0,1.0,0.22,0.78,0.66,0.88
fault_15,PairError-QTE,0.02,full,50,50,0,1,10,39,0.2,0.22,-0.02,-0.06,0.0
fault_16,PairError-QTE,0.02,full,50,50,39,0,11,0,1.0,0.22,0.78,0.66,0.88
fault_17,PairError-QTE,0.02,full,50,50,39,0,11,0,1.0,0.22,0.78,0.66,0.88
fault_18,PairError-QTE,0.02,full,50,50,39,0,11,0,1.0,0.22,0.78,0.66,0.88
fault_19,PairError-QTE,0.02,full,50,50,39,0,11,0,1.0,0.22,0.78,0.66,0.88
fault_20,PairError-QTE,0.02,full,50,50,39,0,11,0,1.0,0.22,0.78,0.66,0.88
all,PCA-SPE,0.02,full,1000,50,350,0,600,50,0.95,0.6,0.35,0.226,0.473
panel_A,PCA-SPE,0.02,full,500,25,192,0,280,28,0.944,0.56,0.384,0.208,0.558
panel_B,PCA-SPE,0.02,full,500,25,158,0,320,22,0.956,0.64,0.316,0.144,0.4880999999999999
fault_01,PCA-SPE,0.02,full,50,50,20,0,30,0,1.0,0.6,0.4,0.26,0.54
fault_02,PCA-SPE,0.02,full,50,50,20,0,30,0,1.0,0.6,0.4,0.26,0.54
fault_03,PCA-SPE,0.02,full,50,50,2,0,30,18,0.64,0.6,0.04,0.0,0.1
fault_04,PCA-SPE,0.02,full,50,50,20,0,30,0,1.0,0.6,0.4,0.26,0.54
fault_05,PCA-SPE,0.02,full,50,50,20,0,30,0,1.0,0.6,0.4,0.26,0.54
fault_06,PCA-SPE,0.02,full,50,50,20,0,30,0,1.0,0.6,0.4,0.26,0.54
fault_07,PCA-SPE,0.02,full,50,50,20,0,30,0,1.0,0.6,0.4,0.26,0.54
fault_08,PCA-SPE,0.02,full,50,50,20,0,30,0,1.0,0.6,0.4,0.26,0.54
fault_09,PCA-SPE,0.02,full,50,50,3,0,30,17,0.66,0.6,0.06,0.0,0.12
fault_10,PCA-SPE,0.02,full,50,50,20,0,30,0,1.0,0.6,0.4,0.26,0.54
fault_11,PCA-SPE,0.02,full,50,50,20,0,30,0,1.0,0.6,0.4,0.26,0.54
fault_12,PCA-SPE,0.02,full,50,50,20,0,30,0,1.0,0.6,0.4,0.26,0.54
fault_13,PCA-SPE,0.02,full,50,50,20,0,30,0,1.0,0.6,0.4,0.26,0.54
fault_14,PCA-SPE,0.02,full,50,50,20,0,30,0,1.0,0.6,0.4,0.26,0.54
fault_15,PCA-SPE,0.02,full,50,50,5,0,30,15,0.7,0.6,0.1,0.02,0.18
fault_16,PCA-SPE,0.02,full,50,50,20,0,30,0,1.0,0.6,0.4,0.26,0.54
fault_17,PCA-SPE,0.02,full,50,50,20,0,30,0,1.0,0.6,0.4,0.26,0.54
fault_18,PCA-SPE,0.02,full,50,50,20,0,30,0,1.0,0.6,0.4,0.26,0.54
fault_19,PCA-SPE,0.02,full,50,50,20,0,30,0,1.0,0.6,0.4,0.26,0.54
fault_20,PCA-SPE,0.02,full,50,50,20,0,30,0,1.0,0.6,0.4,0.26,0.54
all,S_QTE,0.02,early,1000,50,757,1,79,163,0.836,0.08,0.756,0.689,0.811
panel_A,S_QTE,0.02,early,500,25,360,1,59,80,0.838,0.12,0.718,0.6099,0.816
panel_B,S_QTE,0.02,early,500,25,397,0,20,83,0.834,0.04,0.794,0.7199,0.838
fault_01,S_QTE,0.02,early,50,50,46,0,4,0,1.0,0.08,0.92,0.84,0.98
fault_02,S_QTE,0.02,early,50,50,46,0,4,0,1.0,0.08,0.92,0.84,0.98
fault_03,S_QTE,0.02,early,50,50,0,0,4,46,0.08,0.08,0.0,0.0,0.0
fault_04,S_QTE,0.02,early,50,50,46,0,4,0,1.0,0.08,0.92,0.84,0.98
fault_05,S_QTE,0.02,early,50,50,46,0,4,0,1.0,0.08,0.92,0.84,0.98
fault_06,S_QTE,0.02,early,50,50,46,0,4,0,1.0,0.08,0.92,0.84,0.98
fault_07,S_QTE,0.02,early,50,50,46,0,4,0,1.0,0.08,0.92,0.84,0.98
fault_08,S_QTE,0.02,early,50,50,46,0,4,0,1.0,0.08,0.92,0.84,0.98
fault_09,S_QTE,0.02,early,50,50,0,1,3,46,0.06,0.08,-0.02,-0.06,0.0
fault_10,S_QTE,0.02,early,50,50,28,0,4,18,0.64,0.08,0.56,0.42,0.7
fault_11,S_QTE,0.02,early,50,50,46,0,4,0,1.0,0.08,0.92,0.84,0.98
fault_12,S_QTE,0.02,early,50,50,46,0,4,0,1.0,0.08,0.92,0.84,0.98
fault_13,S_QTE,0.02,early,50,50,44,0,4,2,0.96,0.08,0.88,0.8,0.96
fault_14,S_QTE,0.02,early,50,50,46,0,4,0,1.0,0.08,0.92,0.84,0.98
fault_15,S_QTE,0.02,early,50,50,2,0,4,44,0.12,0.08,0.04,0.0,0.1
fault_16,S_QTE,0.02,early,50,50,46,0,4,0,1.0,0.08,0.92,0.84,0.98
fault_17,S_QTE,0.02,early,50,50,46,0,4,0,1.0,0.08,0.92,0.84,0.98
fault_18,S_QTE,0.02,early,50,50,40,0,4,6,0.88,0.08,0.8,0.68,0.9
fault_19,S_QTE,0.02,early,50,50,46,0,4,0,1.0,0.08,0.92,0.84,0.98
fault_20,S_QTE,0.02,early,50,50,45,0,4,1,0.98,0.08,0.9,0.8190000000000001,0.98
all,Jr_QTE,0.02,early,1000,50,835,0,40,125,0.875,0.04,0.835,0.77895,0.875
panel_A,Jr_QTE,0.02,early,500,25,423,0,20,57,0.886,0.04,0.846,0.76,0.896
panel_B,Jr_QTE,0.02,early,500,25,412,0,20,68,0.864,0.04,0.824,0.748,0.8680999999999999
fault_01,Jr_QTE,0.02,early,50,50,48,0,2,0,1.0,0.04,0.96,0.9,1.0
fault_02,Jr_QTE,0.02,early,50,50,48,0,2,0,1.0,0.04,0.96,0.9,1.0
fault_03,Jr_QTE,0.02,early,50,50,7,0,2,41,0.18,0.04,0.14,0.06,0.24
fault_04,Jr_QTE,0.02,early,50,50,48,0,2,0,1.0,0.04,0.96,0.9,1.0
fault_05,Jr_QTE,0.02,early,50,50,48,0,2,0,1.0,0.04,0.96,0.9,1.0
fault_06,Jr_QTE,0.02,early,50,50,48,0,2,0,1.0,0.04,0.96,0.9,1.0
fault_07,Jr_QTE,0.02,early,50,50,48,0,2,0,1.0,0.04,0.96,0.9,1.0
fault_08,Jr_QTE,0.02,early,50,50,48,0,2,0,1.0,0.04,0.96,0.9,1.0
fault_09,Jr_QTE,0.02,early,50,50,22,0,2,26,0.48,0.04,0.44,0.3,0.56
fault_10,Jr_QTE,0.02,early,50,50,44,0,2,4,0.92,0.04,0.88,0.78,0.96
fault_11,Jr_QTE,0.02,early,50,50,48,0,2,0,1.0,0.04,0.96,0.9,1.0
fault_12,Jr_QTE,0.02,early,50,50,48,0,2,0,1.0,0.04,0.96,0.9,1.0
fault_13,Jr_QTE,0.02,early,50,50,47,0,2,1,0.98,0.04,0.94,0.88,1.0
fault_14,Jr_QTE,0.02,early,50,50,48,0,2,0,1.0,0.04,0.96,0.9,1.0
fault_15,Jr_QTE,0.02,early,50,50,0,0,2,48,0.04,0.04,0.0,0.0,0.0
fault_16,Jr_QTE,0.02,early,50,50,48,0,2,0,1.0,0.04,0.96,0.9,1.0
fault_17,Jr_QTE,0.02,early,50,50,48,0,2,0,1.0,0.04,0.96,0.9,1.0
fault_18,Jr_QTE,0.02,early,50,50,43,0,2,5,0.9,0.04,0.86,0.76,0.94
fault_19,Jr_QTE,0.02,early,50,50,48,0,2,0,1.0,0.04,0.96,0.9,1.0
fault_20,Jr_QTE,0.02,early,50,50,48,0,2,0,1.0,0.04,0.96,0.9,1.0
all,Dr_QTE,0.02,early,1000,50,716,1,159,124,0.875,0.16,0.715,0.62395,0.79605
panel_A,Dr_QTE,0.02,early,500,25,341,0,100,59,0.882,0.2,0.682,0.54,0.8061999999999999
panel_B,Dr_QTE,0.02,early,500,25,375,1,59,65,0.868,0.12,0.748,0.614,0.85
fault_01,Dr_QTE,0.02,early,50,50,42,0,8,0,1.0,0.16,0.84,0.74,0.94
fault_02,Dr_QTE,0.02,early,50,50,42,0,8,0,1.0,0.16,0.84,0.74,0.94
fault_03,Dr_QTE,0.02,early,50,50,4,1,7,38,0.22,0.16,0.06,-0.02,0.16
fault_04,Dr_QTE,0.02,early,50,50,42,0,8,0,1.0,0.16,0.84,0.74,0.94
fault_05,Dr_QTE,0.02,early,50,50,42,0,8,0,1.0,0.16,0.84,0.74,0.94
fault_06,Dr_QTE,0.02,early,50,50,41,0,8,1,0.98,0.16,0.82,0.7,0.92
fault_07,Dr_QTE,0.02,early,50,50,41,0,8,1,0.98,0.16,0.82,0.7,0.92
fault_08,Dr_QTE,0.02,early,50,50,42,0,8,0,1.0,0.16,0.84,0.74,0.94
fault_09,Dr_QTE,0.02,early,50,50,8,0,8,34,0.32,0.16,0.16,0.06,0.26
fault_10,Dr_QTE,0.02,early,50,50,41,0,8,1,0.98,0.16,0.82,0.7190000000000001,0.92
fault_11,Dr_QTE,0.02,early,50,50,42,0,8,0,1.0,0.16,0.84,0.74,0.94
fault_12,Dr_QTE,0.02,early,50,50,42,0,8,0,1.0,0.16,0.84,0.74,0.94
fault_13,Dr_QTE,0.02,early,50,50,41,0,8,1,0.98,0.16,0.82,0.7,0.92
fault_14,Dr_QTE,0.02,early,50,50,42,0,8,0,1.0,0.16,0.84,0.74,0.94
fault_15,Dr_QTE,0.02,early,50,50,0,0,8,42,0.16,0.16,0.0,0.0,0.0
fault_16,Dr_QTE,0.02,early,50,50,42,0,8,0,1.0,0.16,0.84,0.74,0.94
fault_17,Dr_QTE,0.02,early,50,50,42,0,8,0,1.0,0.16,0.84,0.74,0.94
fault_18,Dr_QTE,0.02,early,50,50,37,0,8,5,0.9,0.16,0.74,0.62,0.86
fault_19,Dr_QTE,0.02,early,50,50,42,0,8,0,1.0,0.16,0.84,0.74,0.94
fault_20,Dr_QTE,0.02,early,50,50,41,0,8,1,0.98,0.16,0.82,0.72,0.92
all,PairError-QTE,0.02,early,1000,50,839,0,40,121,0.879,0.04,0.839,0.783,0.87805
panel_A,PairError-QTE,0.02,early,500,25,424,0,20,56,0.888,0.04,0.848,0.7659,0.896
panel_B,PairError-QTE,0.02,early,500,25,415,0,20,65,0.87,0.04,0.83,0.754,0.874
fault_01,PairError-QTE,0.02,early,50,50,48,0,2,0,1.0,0.04,0.96,0.9,1.0
fault_02,PairError-QTE,0.02,early,50,50,48,0,2,0,1.0,0.04,0.96,0.9,1.0
fault_03,PairError-QTE,0.02,early,50,50,9,0,2,39,0.22,0.04,0.18,0.08,0.28
fault_04,PairError-QTE,0.02,early,50,50,48,0,2,0,1.0,0.04,0.96,0.9,1.0
fault_05,PairError-QTE,0.02,early,50,50,48,0,2,0,1.0,0.04,0.96,0.9,1.0
fault_06,PairError-QTE,0.02,early,50,50,48,0,2,0,1.0,0.04,0.96,0.9,1.0
fault_07,PairError-QTE,0.02,early,50,50,48,0,2,0,1.0,0.04,0.96,0.9,1.0
fault_08,PairError-QTE,0.02,early,50,50,48,0,2,0,1.0,0.04,0.96,0.9,1.0
fault_09,PairError-QTE,0.02,early,50,50,21,0,2,27,0.46,0.04,0.42,0.28,0.54
fault_10,PairError-QTE,0.02,early,50,50,47,0,2,1,0.98,0.04,0.94,0.86,1.0
fault_11,PairError-QTE,0.02,early,50,50,48,0,2,0,1.0,0.04,0.96,0.9,1.0
fault_12,PairError-QTE,0.02,early,50,50,48,0,2,0,1.0,0.04,0.96,0.9,1.0
fault_13,PairError-QTE,0.02,early,50,50,47,0,2,1,0.98,0.04,0.94,0.88,1.0
fault_14,PairError-QTE,0.02,early,50,50,48,0,2,0,1.0,0.04,0.96,0.9,1.0
fault_15,PairError-QTE,0.02,early,50,50,0,0,2,48,0.04,0.04,0.0,0.0,0.0
fault_16,PairError-QTE,0.02,early,50,50,48,0,2,0,1.0,0.04,0.96,0.9,1.0
fault_17,PairError-QTE,0.02,early,50,50,48,0,2,0,1.0,0.04,0.96,0.9,1.0
fault_18,PairError-QTE,0.02,early,50,50,43,0,2,5,0.9,0.04,0.86,0.76,0.94
fault_19,PairError-QTE,0.02,early,50,50,48,0,2,0,1.0,0.04,0.96,0.9,1.0
fault_20,PairError-QTE,0.02,early,50,50,48,0,2,0,1.0,0.04,0.96,0.9,1.0
all,PCA-SPE,0.02,early,1000,50,742,0,120,138,0.862,0.12,0.742,0.655,0.811
panel_A,PCA-SPE,0.02,early,500,25,334,0,100,66,0.868,0.2,0.668,0.5319,0.7921999999999999
panel_B,PCA-SPE,0.02,early,500,25,408,0,20,72,0.856,0.04,0.816,0.7419,0.862
fault_01,PCA-SPE,0.02,early,50,50,44,0,6,0,1.0,0.12,0.88,0.78,0.96
fault_02,PCA-SPE,0.02,early,50,50,44,0,6,0,1.0,0.12,0.88,0.78,0.96
fault_03,PCA-SPE,0.02,early,50,50,1,0,6,43,0.14,0.12,0.02,0.0,0.06
fault_04,PCA-SPE,0.02,early,50,50,44,0,6,0,1.0,0.12,0.88,0.78,0.96
fault_05,PCA-SPE,0.02,early,50,50,44,0,6,0,1.0,0.12,0.88,0.78,0.96
fault_06,PCA-SPE,0.02,early,50,50,44,0,6,0,1.0,0.12,0.88,0.78,0.96
fault_07,PCA-SPE,0.02,early,50,50,44,0,6,0,1.0,0.12,0.88,0.78,0.96
fault_08,PCA-SPE,0.02,early,50,50,44,0,6,0,1.0,0.12,0.88,0.78,0.96
fault_09,PCA-SPE,0.02,early,50,50,1,0,6,43,0.14,0.12,0.02,0.0,0.06
fault_10,PCA-SPE,0.02,early,50,50,40,0,6,4,0.92,0.12,0.8,0.68,0.9009999999999991
fault_11,PCA-SPE,0.02,early,50,50,44,0,6,0,1.0,0.12,0.88,0.78,0.96
fault_12,PCA-SPE,0.02,early,50,50,44,0,6,0,1.0,0.12,0.88,0.78,0.96
fault_13,PCA-SPE,0.02,early,50,50,44,0,6,0,1.0,0.12,0.88,0.78,0.96
fault_14,PCA-SPE,0.02,early,50,50,44,0,6,0,1.0,0.12,0.88,0.78,0.96
fault_15,PCA-SPE,0.02,early,50,50,2,0,6,42,0.16,0.12,0.04,0.0,0.1
fault_16,PCA-SPE,0.02,early,50,50,44,0,6,0,1.0,0.12,0.88,0.78,0.96
fault_17,PCA-SPE,0.02,early,50,50,44,0,6,0,1.0,0.12,0.88,0.78,0.96
fault_18,PCA-SPE,0.02,early,50,50,38,0,6,6,0.88,0.12,0.76,0.64,0.86
fault_19,PCA-SPE,0.02,early,50,50,44,0,6,0,1.0,0.12,0.88,0.78,0.96
fault_20,PCA-SPE,0.02,early,50,50,44,0,6,0,1.0,0.12,0.88,0.78,0.96
