group,method,alpha,metric,estimate,low,high,units,replicates,seed
audit_all,S_QTE,0.005,mean_FPR,0.0025853242320819114,0.0013812571103526737,0.0038395904436860067,400,999,20260930
audit_all,S_QTE,0.005,full_pseudo_event,0.045,0.025,0.0675,400,999,20260930
audit_all,S_QTE,0.005,early_pseudo_event,0.0025,0.0,0.0075,400,999,20260930
audit_all,S_QTE,0.01,mean_FPR,0.01063424345847554,0.008120164960182027,0.013530005688282137,400,999,20260930
audit_all,S_QTE,0.01,full_pseudo_event,0.1825,0.1475,0.22,400,999,20260930
audit_all,S_QTE,0.01,early_pseudo_event,0.02,0.0075,0.035,400,999,20260930
audit_all,S_QTE,0.02,mean_FPR,0.021626848691695108,0.0177886803185438,0.025985921501706484,400,999,20260930
audit_all,S_QTE,0.02,full_pseudo_event,0.3775,0.33,0.425,400,999,20260930
audit_all,S_QTE,0.02,early_pseudo_event,0.0575,0.035,0.08,400,999,20260930
audit_all,Jr_QTE,0.005,mean_FPR,0.004226393629124005,0.0026106370875995447,0.006046928327645051,400,999,20260930
audit_all,Jr_QTE,0.005,full_pseudo_event,0.0675,0.045,0.095,400,999,20260930
audit_all,Jr_QTE,0.005,early_pseudo_event,0.0125,0.0025,0.025,400,999,20260930
audit_all,Jr_QTE,0.01,mean_FPR,0.008415813424345848,0.006020620022753129,0.01123734357224118,400,999,20260930
audit_all,Jr_QTE,0.01,full_pseudo_event,0.12,0.0875,0.155,400,999,20260930
audit_all,Jr_QTE,0.01,early_pseudo_event,0.015,0.005,0.0275,400,999,20260930
audit_all,Jr_QTE,0.02,mean_FPR,0.019564846416382252,0.015715017064846418,0.02374047212741752,400,999,20260930
audit_all,Jr_QTE,0.02,full_pseudo_event,0.265,0.2225,0.305,400,999,20260930
audit_all,Jr_QTE,0.02,early_pseudo_event,0.0325,0.0175,0.05,400,999,20260930
audit_all,Dr_QTE,0.005,mean_FPR,0.002380546075085324,0.0016009670079635949,0.0032480091012514222,400,999,20260930
audit_all,Dr_QTE,0.005,full_pseudo_event,0.1525,0.1175,0.19,400,999,20260930
audit_all,Dr_QTE,0.005,early_pseudo_event,0.0125,0.0025,0.0225,400,999,20260930
audit_all,Dr_QTE,0.01,mean_FPR,0.006120591581342435,0.0049562002275312855,0.007426194539249146,400,999,20260930
audit_all,Dr_QTE,0.01,full_pseudo_event,0.3975,0.35,0.4476249999999999,400,999,20260930
audit_all,Dr_QTE,0.01,early_pseudo_event,0.035,0.0175,0.0525,400,999,20260930
audit_all,Dr_QTE,0.02,mean_FPR,0.01783845278725825,0.015745022753128557,0.019835750853242323,400,999,20260930
audit_all,Dr_QTE,0.02,full_pseudo_event,0.7425,0.7,0.785,400,999,20260930
audit_all,Dr_QTE,0.02,early_pseudo_event,0.135,0.1025,0.17,400,999,20260930
audit_all,PairError-QTE,0.005,mean_FPR,0.004251990898748578,0.0026496018202502845,0.006090585893060294,400,999,20260930
audit_all,PairError-QTE,0.005,full_pseudo_event,0.0675,0.045,0.095,400,999,20260930
audit_all,PairError-QTE,0.005,early_pseudo_event,0.0125,0.0025,0.025,400,999,20260930
audit_all,PairError-QTE,0.01,mean_FPR,0.007892491467576791,0.005530432309442547,0.010657707622298064,400,999,20260930
audit_all,PairError-QTE,0.01,full_pseudo_event,0.1125,0.0825,0.14512499999999987,400,999,20260930
audit_all,PairError-QTE,0.01,early_pseudo_event,0.015,0.005,0.0275,400,999,20260930
audit_all,PairError-QTE,0.02,mean_FPR,0.017901023890784983,0.014273748577929464,0.02199132536973834,400,999,20260930
audit_all,PairError-QTE,0.02,full_pseudo_event,0.255,0.215,0.2975,400,999,20260930
audit_all,PairError-QTE,0.02,early_pseudo_event,0.0375,0.02,0.055,400,999,20260930
audit_all,PCA-SPE,0.005,mean_FPR,0.005472067039106145,0.004038687150837989,0.006907262569832401,400,999,20260930
audit_all,PCA-SPE,0.005,full_pseudo_event,0.2275,0.1875,0.2675,400,999,20260930
audit_all,PCA-SPE,0.005,early_pseudo_event,0.015,0.005,0.0275,400,999,20260930
audit_all,PCA-SPE,0.01,mean_FPR,0.013312849162011173,0.011060055865921788,0.015537430167597763,400,999,20260930
audit_all,PCA-SPE,0.01,full_pseudo_event,0.4,0.354875,0.4501249999999999,400,999,20260930
audit_all,PCA-SPE,0.01,early_pseudo_event,0.04,0.0225,0.06,400,999,20260930
audit_all,PCA-SPE,0.02,mean_FPR,0.024916201117318435,0.021767877094972066,0.028074720670391056,400,999,20260930
audit_all,PCA-SPE,0.02,full_pseudo_event,0.6125,0.5675,0.66,400,999,20260930
audit_all,PCA-SPE,0.02,early_pseudo_event,0.0725,0.04987500000000001,0.1,400,999,20260930
