group,method,alpha,support,runs,pooled_fpr,mean_fpr,median_fpr,p90_fpr,p95_fpr,max_fpr,fraction_fpr_gt_1pct,fraction_fpr_gt_2pct,fraction_fpr_gt_5pct,any_alarm_run_fraction,episodes,episodes_per_hour,max_alarm_minutes,full_pseudo_event,early_pseudo_event
cal_A,S_QTE,0.005,native,50,0.00020477815699658703,0.00020477815699658703,0.0,0.0,0.0,0.010238907849829351,0.02,0.0,0.0,0.02,1,0.0004550625711035267,27,0.02,0.0
cal_A,S_QTE,0.005,common,50,0.00020477815699658703,0.00020477815699658703,0.0,0.0,0.0,0.010238907849829351,0.02,0.0,0.0,0.02,1,0.0004550625711035267,27,0.02,0.0
cal_A,S_QTE,0.01,native,50,0.009397042093287827,0.009397042093287828,0.0,0.044596131968145644,0.06837315130830489,0.10693970420932879,0.14,0.14,0.1,0.18,11,0.005005688282138794,207,0.18,0.02
cal_A,S_QTE,0.01,common,50,0.009397042093287827,0.009397042093287828,0.0,0.044596131968145644,0.06837315130830489,0.10693970420932879,0.14,0.14,0.1,0.18,11,0.005005688282138794,207,0.18,0.02
cal_A,S_QTE,0.02,native,50,0.019977246871444823,0.019977246871444823,0.0,0.07747440273037544,0.09812286689419791,0.1342434584755404,0.3,0.28,0.18,0.38,28,0.01274175199089875,279,0.36,0.06
cal_A,S_QTE,0.02,common,50,0.019977246871444823,0.019977246871444823,0.0,0.07747440273037544,0.09812286689419791,0.1342434584755404,0.3,0.28,0.18,0.38,28,0.01274175199089875,279,0.36,0.06
cal_A,Jr_QTE,0.005,native,50,0.0012059158134243458,0.0012059158134243458,0.0,0.0,0.0,0.04778156996587031,0.04,0.02,0.0,0.04,3,0.0013651877133105802,111,0.04,0.0
cal_A,Jr_QTE,0.005,common,50,0.0012059158134243458,0.0012059158134243458,0.0,0.0,0.0,0.04778156996587031,0.04,0.02,0.0,0.04,3,0.0013651877133105802,111,0.04,0.0
cal_A,Jr_QTE,0.01,native,50,0.0046871444823663256,0.0046871444823663256,0.0,0.0,0.03174061433447087,0.10693970420932879,0.06,0.06,0.06,0.08,4,0.0018202502844141069,282,0.08,0.02
cal_A,Jr_QTE,0.01,common,50,0.0046871444823663256,0.0046871444823663256,0.0,0.0,0.03174061433447087,0.10693970420932879,0.06,0.06,0.06,0.08,4,0.0018202502844141069,282,0.08,0.02
cal_A,Jr_QTE,0.02,native,50,0.015563139931740614,0.015563139931740612,0.0,0.058020477815699675,0.08924914675767912,0.11376564277588168,0.24,0.24,0.14,0.24,14,0.006370875995449375,300,0.24,0.02
cal_A,Jr_QTE,0.02,common,50,0.015563139931740614,0.015563139931740612,0.0,0.058020477815699675,0.08924914675767912,0.11376564277588168,0.24,0.24,0.14,0.24,14,0.006370875995449375,300,0.24,0.02
cal_A,Dr_QTE,0.005,native,50,0.0026848691695108076,0.002684869169510807,0.0,0.010352673492605234,0.017406143344709878,0.030716723549488054,0.14,0.06,0.0,0.2,12,0.005460750853242321,69,0.16,0.0
cal_A,Dr_QTE,0.005,common,50,0.0026848691695108076,0.002684869169510807,0.0,0.010352673492605234,0.017406143344709878,0.030716723549488054,0.14,0.06,0.0,0.2,12,0.005460750853242321,69,0.16,0.0
cal_A,Dr_QTE,0.01,native,50,0.005938566552901024,0.005938566552901024,0.0,0.022753128555176336,0.025654152445961316,0.05005688282138794,0.22,0.14,0.02,0.34,29,0.013196814562002276,111,0.3,0.0
cal_A,Dr_QTE,0.01,common,50,0.005938566552901024,0.005938566552901024,0.0,0.022753128555176336,0.025654152445961316,0.05005688282138794,0.22,0.14,0.02,0.34,29,0.013196814562002276,111,0.3,0.0
cal_A,Dr_QTE,0.02,native,50,0.016473265073947668,0.016473265073947668,0.007963594994311717,0.04459613196814562,0.0539249146757679,0.07963594994311718,0.42,0.32,0.06,0.84,93,0.042320819112627986,129,0.78,0.14
cal_A,Dr_QTE,0.02,common,50,0.016473265073947668,0.016473265073947668,0.007963594994311717,0.04459613196814562,0.0539249146757679,0.07963594994311718,0.42,0.32,0.06,0.84,93,0.042320819112627986,129,0.78,0.14
cal_A,PairError-QTE,0.005,native,50,0.0008646188850967008,0.0008646188850967007,0.0,0.0,0.0,0.03185437997724687,0.04,0.02,0.0,0.04,4,0.0018202502844141069,75,0.04,0.0
cal_A,PairError-QTE,0.005,common,50,0.0008646188850967008,0.0008646188850967007,0.0,0.0,0.0,0.03185437997724687,0.04,0.02,0.0,0.04,4,0.0018202502844141069,75,0.04,0.0
cal_A,PairError-QTE,0.01,native,50,0.0044141069397042095,0.004414106939704209,0.0,0.0,0.028555176336746164,0.10238907849829351,0.06,0.06,0.06,0.08,4,0.0018202502844141069,270,0.08,0.02
cal_A,PairError-QTE,0.01,common,50,0.0044141069397042095,0.004414106939704209,0.0,0.0,0.028555176336746164,0.10238907849829351,0.06,0.06,0.06,0.08,4,0.0018202502844141069,270,0.08,0.02
cal_A,PairError-QTE,0.02,native,50,0.013287827076222981,0.01328782707622298,0.0,0.055745164960182024,0.08799772468714442,0.11262798634812286,0.22,0.2,0.12,0.22,13,0.005915813424345847,297,0.22,0.02
cal_A,PairError-QTE,0.02,common,50,0.013287827076222981,0.01328782707622298,0.0,0.055745164960182024,0.08799772468714442,0.11262798634812286,0.22,0.2,0.12,0.22,13,0.005915813424345847,297,0.22,0.02
cal_A,PCA-SPE,0.005,native,50,0.0012960893854748604,0.00129608938547486,0.0,0.0014525139664804516,0.007932960893854741,0.02905027932960894,0.04,0.02,0.0,0.14,9,0.004022346368715084,36,0.14,0.0
cal_A,PCA-SPE,0.005,common,50,0.0013196814562002276,0.0013196814562002274,0.0,0.0014789533560864666,0.008077360637087593,0.02957906712172924,0.04,0.02,0.0,0.14,9,0.004095563139931741,36,0.14,0.0
cal_A,PCA-SPE,0.01,native,50,0.007195530726256983,0.007195530726256982,0.0,0.023240223463687166,0.04798882681564243,0.07709497206703911,0.18,0.12,0.06,0.4,36,0.016089385474860336,114,0.4,0.04
cal_A,PCA-SPE,0.01,common,50,0.00732650739476678,0.00732650739476678,0.0,0.023663253697383403,0.04886234357224116,0.07849829351535836,0.18,0.12,0.06,0.4,36,0.016382252559726963,114,0.4,0.04
cal_A,PCA-SPE,0.02,native,50,0.01698324022346369,0.01698324022346369,0.008938547486033519,0.05296089385474863,0.07748603351955302,0.17094972067039105,0.48,0.2,0.12,0.6,73,0.032625698324022345,180,0.56,0.1
cal_A,PCA-SPE,0.02,common,50,0.017292377701934016,0.017292377701934016,0.009101251422070534,0.05392491467576794,0.0788964732650739,0.17406143344709898,0.48,0.2,0.12,0.6,73,0.03321956769055745,180,0.56,0.1
cal_B,S_QTE,0.005,native,50,0.004960182025028442,0.004960182025028442,0.0,0.0028441410693970824,0.043799772468714415,0.07053469852104664,0.1,0.1,0.04,0.1,5,0.0022753128555176336,186,0.1,0.04
cal_B,S_QTE,0.005,common,50,0.004960182025028442,0.004960182025028442,0.0,0.0028441410693970824,0.043799772468714415,0.07053469852104664,0.1,0.1,0.04,0.1,5,0.0022753128555176336,186,0.1,0.04
cal_B,S_QTE,0.01,native,50,0.009965870307167236,0.009965870307167234,0.0,0.03333333333333339,0.07821387940841865,0.11604095563139932,0.16,0.14,0.1,0.18,11,0.005005688282138794,306,0.18,0.04
cal_B,S_QTE,0.01,common,50,0.009965870307167236,0.009965870307167234,0.0,0.03333333333333339,0.07821387940841865,0.11604095563139932,0.16,0.14,0.1,0.18,11,0.005005688282138794,306,0.18,0.04
cal_B,S_QTE,0.02,native,50,0.017861205915813423,0.01786120591581342,0.0,0.061660978384527894,0.08577929465301476,0.1217292377701934,0.36,0.28,0.18,0.4,26,0.011831626848691695,321,0.4,0.06
cal_B,S_QTE,0.02,common,50,0.017861205915813423,0.01786120591581342,0.0,0.061660978384527894,0.08577929465301476,0.1217292377701934,0.36,0.28,0.18,0.4,26,0.011831626848691695,321,0.4,0.06
cal_B,Jr_QTE,0.005,native,50,0.004960182025028442,0.004960182025028442,0.0,0.00011376564277588329,0.05762229806598406,0.07053469852104664,0.08,0.08,0.08,0.1,6,0.0027303754266211604,186,0.1,0.02
cal_B,Jr_QTE,0.005,common,50,0.004960182025028442,0.004960182025028442,0.0,0.00011376564277588329,0.05762229806598406,0.07053469852104664,0.08,0.08,0.08,0.1,6,0.0027303754266211604,186,0.1,0.02
cal_B,Jr_QTE,0.01,native,50,0.009965870307167236,0.009965870307167234,0.0,0.055745164960182024,0.06888509670079636,0.11035267349260523,0.14,0.14,0.14,0.16,11,0.005005688282138794,246,0.16,0.04
cal_B,Jr_QTE,0.01,common,50,0.009965870307167236,0.009965870307167234,0.0,0.055745164960182024,0.06888509670079636,0.11035267349260523,0.14,0.14,0.14,0.16,11,0.005005688282138794,246,0.16,0.04
cal_B,Jr_QTE,0.02,native,50,0.019931740614334472,0.01993174061433447,0.0,0.07178612059158135,0.07935153583617746,0.1353811149032992,0.32,0.3,0.2,0.34,25,0.011376564277588168,357,0.34,0.06
cal_B,Jr_QTE,0.02,common,50,0.019931740614334472,0.01993174061433447,0.0,0.07178612059158135,0.07935153583617746,0.1353811149032992,0.32,0.3,0.2,0.34,25,0.011376564277588168,357,0.34,0.06
cal_B,Dr_QTE,0.005,native,50,0.004960182025028442,0.004960182025028442,0.0,0.01979522184300342,0.0321956769055745,0.04436860068259386,0.16,0.1,0.0,0.32,24,0.010921501706484642,111,0.32,0.06
cal_B,Dr_QTE,0.005,common,50,0.004960182025028442,0.004960182025028442,0.0,0.01979522184300342,0.0321956769055745,0.04436860068259386,0.16,0.1,0.0,0.32,24,0.010921501706484642,111,0.32,0.06
cal_B,Dr_QTE,0.01,native,50,0.009943117178612059,0.009943117178612059,0.0,0.028327645051194554,0.04192263936291238,0.05688282138794084,0.32,0.2,0.04,0.48,43,0.01956769055745165,147,0.48,0.1
cal_B,Dr_QTE,0.01,common,50,0.009943117178612059,0.009943117178612059,0.0,0.028327645051194554,0.04192263936291238,0.05688282138794084,0.32,0.2,0.04,0.48,43,0.01956769055745165,147,0.48,0.1
cal_B,Dr_QTE,0.02,native,50,0.019977246871444823,0.019977246871444823,0.012514220705346985,0.05938566552901024,0.06205915813424345,0.06939704209328783,0.54,0.38,0.12,0.86,100,0.04550625711035267,171,0.86,0.16
cal_B,Dr_QTE,0.02,common,50,0.019977246871444823,0.019977246871444823,0.012514220705346985,0.05938566552901024,0.06205915813424345,0.06939704209328783,0.54,0.38,0.12,0.86,100,0.04550625711035267,171,0.86,0.16
cal_B,PairError-QTE,0.005,native,50,0.004937428896473265,0.004937428896473265,0.0,0.00011376564277588329,0.055233219567690554,0.07053469852104664,0.08,0.08,0.08,0.1,6,0.0027303754266211604,186,0.1,0.02
cal_B,PairError-QTE,0.005,common,50,0.004937428896473265,0.004937428896473265,0.0,0.00011376564277588329,0.055233219567690554,0.07053469852104664,0.08,0.08,0.08,0.1,6,0.0027303754266211604,186,0.1,0.02
cal_B,PairError-QTE,0.01,native,50,0.009965870307167236,0.009965870307167236,0.0,0.047781569965870324,0.07127417519908986,0.12627986348122866,0.14,0.14,0.1,0.16,12,0.005460750853242321,333,0.16,0.04
cal_B,PairError-QTE,0.01,common,50,0.009965870307167236,0.009965870307167236,0.0,0.047781569965870324,0.07127417519908986,0.12627986348122866,0.14,0.14,0.1,0.16,12,0.005460750853242321,333,0.16,0.04
cal_B,PairError-QTE,0.02,native,50,0.019977246871444823,0.019977246871444823,0.0,0.07030716723549489,0.08139931740614334,0.13651877133105803,0.34,0.28,0.22,0.36,21,0.00955631399317406,360,0.36,0.06
cal_B,PairError-QTE,0.02,common,50,0.019977246871444823,0.019977246871444823,0.0,0.07030716723549489,0.08139931740614334,0.13651877133105803,0.34,0.28,0.22,0.36,21,0.00955631399317406,360,0.36,0.06
cal_B,PCA-SPE,0.005,native,50,0.00493854748603352,0.00493854748603352,0.0,0.012737430167597772,0.023687150837988814,0.09608938547486033,0.16,0.08,0.04,0.18,12,0.005363128491620112,255,0.18,0.04
cal_B,PCA-SPE,0.005,common,50,0.005028441410693971,0.00502844141069397,0.0,0.012969283276450519,0.024118316268486904,0.09783845278725825,0.16,0.08,0.04,0.18,12,0.005460750853242321,255,0.18,0.04
cal_B,PCA-SPE,0.01,native,50,0.009944134078212291,0.009944134078212291,0.0,0.031284916201117334,0.050949720670391024,0.10726256983240223,0.22,0.18,0.06,0.4,36,0.016089385474860336,288,0.4,0.08
cal_B,PCA-SPE,0.01,common,50,0.01012514220705347,0.01012514220705347,0.0,0.03185437997724689,0.05187713310580201,0.10921501706484642,0.22,0.18,0.06,0.4,36,0.016382252559726963,288,0.4,0.08
cal_B,PCA-SPE,0.02,native,50,0.019955307262569832,0.019955307262569832,0.00782122905027933,0.06044692737430168,0.07681564245810055,0.12625698324022347,0.44,0.32,0.12,0.6,73,0.032625698324022345,312,0.58,0.14
cal_B,PCA-SPE,0.02,common,50,0.02031854379977247,0.020318543799772465,0.007963594994311717,0.06154721274175199,0.07821387940841865,0.1285551763367463,0.44,0.32,0.12,0.6,73,0.03321956769055745,312,0.58,0.14
audit_A,S_QTE,0.005,native,200,0.0032593856655290104,0.0032593856655290104,0.0,0.0,0.020648464163822468,0.1012514220705347,0.06,0.055,0.035,0.065,15,0.0017064846416382253,204,0.06,0.0
audit_A,S_QTE,0.005,common,200,0.0032593856655290104,0.0032593856655290104,0.0,0.0,0.020648464163822468,0.1012514220705347,0.06,0.055,0.035,0.065,15,0.0017064846416382253,204,0.06,0.0
audit_A,S_QTE,0.01,native,200,0.014072810011376564,0.014072810011376564,0.0,0.06279863481228667,0.08998862343572238,0.18543799772468714,0.215,0.185,0.13,0.24,74,0.008418657565415245,438,0.23,0.005
audit_A,S_QTE,0.01,common,200,0.014072810011376564,0.014072810011376564,0.0,0.06279863481228667,0.08998862343572238,0.18543799772468714,0.215,0.185,0.13,0.24,74,0.008418657565415245,438,0.23,0.005
audit_A,S_QTE,0.02,native,200,0.026222980659840727,0.026222980659840727,0.0,0.08555176336746302,0.127758816837315,0.23890784982935154,0.335,0.295,0.23,0.405,147,0.016723549488054608,447,0.395,0.065
audit_A,S_QTE,0.02,common,200,0.026222980659840727,0.026222980659840727,0.0,0.08555176336746302,0.127758816837315,0.23890784982935154,0.335,0.295,0.23,0.405,147,0.016723549488054608,447,0.395,0.065
audit_A,Jr_QTE,0.005,native,200,0.00512514220705347,0.00512514220705347,0.0,0.0,0.05693970420932876,0.1217292377701934,0.09,0.075,0.055,0.09,21,0.002389078498293515,225,0.085,0.005
audit_A,Jr_QTE,0.005,common,200,0.00512514220705347,0.00512514220705347,0.0,0.0,0.05693970420932876,0.1217292377701934,0.09,0.075,0.055,0.09,21,0.002389078498293515,225,0.085,0.005
audit_A,Jr_QTE,0.01,native,200,0.010750853242320819,0.010750853242320819,0.0,0.05813424345847554,0.0709328782707621,0.17064846416382254,0.15,0.145,0.12,0.155,42,0.00477815699658703,336,0.145,0.005
audit_A,Jr_QTE,0.01,common,200,0.010750853242320819,0.010750853242320819,0.0,0.05813424345847554,0.0709328782707621,0.17064846416382254,0.15,0.145,0.12,0.155,42,0.00477815699658703,336,0.145,0.005
audit_A,Jr_QTE,0.02,native,200,0.02267349260523322,0.022673492605233225,0.0,0.08532423208191127,0.12212741751990885,0.22639362912400454,0.275,0.265,0.195,0.31,96,0.010921501706484642,456,0.295,0.02
audit_A,Jr_QTE,0.02,common,200,0.02267349260523322,0.022673492605233225,0.0,0.08532423208191127,0.12212741751990885,0.22639362912400454,0.275,0.265,0.195,0.31,96,0.010921501706484642,456,0.295,0.02
audit_A,Dr_QTE,0.005,native,200,0.0030716723549488053,0.0030716723549488053,0.0,0.006825938566552901,0.022923777019340102,0.07394766780432309,0.075,0.06,0.01,0.19,57,0.006484641638225256,174,0.18,0.015
audit_A,Dr_QTE,0.005,common,200,0.0030716723549488053,0.0030716723549488053,0.0,0.006825938566552901,0.022923777019340102,0.07394766780432309,0.075,0.06,0.01,0.19,57,0.006484641638225256,174,0.18,0.015
audit_A,Dr_QTE,0.01,native,200,0.006757679180887372,0.006757679180887373,0.0,0.020477815699658702,0.03646188850967006,0.11149032992036405,0.22,0.11,0.02,0.445,143,0.01626848691695108,174,0.405,0.035
audit_A,Dr_QTE,0.01,common,200,0.006757679180887372,0.006757679180887373,0.0,0.020477815699658702,0.03646188850967006,0.11149032992036405,0.22,0.11,0.02,0.445,143,0.01626848691695108,174,0.405,0.035
audit_A,Dr_QTE,0.02,native,200,0.017599544937428897,0.017599544937428897,0.011376564277588168,0.04334470989761092,0.0513083048919226,0.13765642775881684,0.545,0.345,0.07,0.76,372,0.042320819112627986,177,0.725,0.12
audit_A,Dr_QTE,0.02,common,200,0.017599544937428897,0.017599544937428897,0.011376564277588168,0.04334470989761092,0.0513083048919226,0.13765642775881684,0.545,0.345,0.07,0.76,372,0.042320819112627986,177,0.725,0.12
audit_A,PairError-QTE,0.005,native,200,0.005153583617747441,0.005153583617747441,0.0,0.0,0.058077360637087586,0.11262798634812286,0.09,0.08,0.055,0.09,21,0.002389078498293515,225,0.085,0.005
audit_A,PairError-QTE,0.005,common,200,0.005153583617747441,0.005153583617747441,0.0,0.0,0.058077360637087586,0.11262798634812286,0.09,0.08,0.055,0.09,21,0.002389078498293515,225,0.085,0.005
audit_A,PairError-QTE,0.01,native,200,0.010011376564277589,0.010011376564277587,0.0,0.055972696245733776,0.0707053469852104,0.17861205915813425,0.145,0.13,0.115,0.145,40,0.004550625711035267,336,0.135,0.005
audit_A,PairError-QTE,0.01,common,200,0.010011376564277589,0.010011376564277587,0.0,0.055972696245733776,0.0707053469852104,0.17861205915813425,0.145,0.13,0.115,0.145,40,0.004550625711035267,336,0.135,0.005
audit_A,PairError-QTE,0.02,native,200,0.021114903299203642,0.021114903299203642,0.0,0.07963594994311718,0.11882821387940824,0.23321956769055746,0.27,0.235,0.195,0.29,93,0.010580204778156996,459,0.275,0.01
audit_A,PairError-QTE,0.02,common,200,0.021114903299203642,0.021114903299203642,0.0,0.07963594994311718,0.11882821387940824,0.23321956769055746,0.27,0.235,0.195,0.29,93,0.010580204778156996,459,0.275,0.01
audit_A,PCA-SPE,0.005,native,200,0.006100558659217877,0.006100558659217877,0.0,0.022011173184357496,0.04692737430167598,0.10949720670391061,0.135,0.105,0.035,0.235,67,0.007486033519553073,243,0.23,0.015
audit_A,PCA-SPE,0.005,common,200,0.00618316268486917,0.006183162684869169,0.0,0.022411831626848646,0.04778156996587031,0.11149032992036405,0.13,0.105,0.04,0.235,66,0.007508532423208191,243,0.23,0.015
audit_A,PCA-SPE,0.01,native,200,0.013212290502793296,0.013212290502793296,0.0,0.049162011173184354,0.06821229050279327,0.12625698324022347,0.3,0.235,0.095,0.39,142,0.015865921787709496,300,0.37,0.045
audit_A,PCA-SPE,0.01,common,200,0.013395904436860069,0.013395904436860069,0.0,0.05005688282138794,0.06945392491467575,0.1285551763367463,0.3,0.235,0.105,0.39,139,0.015813424345847555,300,0.37,0.045
audit_A,PCA-SPE,0.02,native,200,0.02354189944134078,0.023541899441340785,0.004469273743016759,0.07385474860335195,0.09743016759776528,0.1441340782122905,0.435,0.365,0.195,0.595,269,0.03005586592178771,318,0.575,0.085
audit_A,PCA-SPE,0.02,common,200,0.023725824800910126,0.023725824800910122,0.004550625711035267,0.07303754266211603,0.09920364050056875,0.14675767918088736,0.43,0.36,0.205,0.59,262,0.029806598407281,318,0.575,0.085
audit_B,S_QTE,0.005,native,200,0.0019112627986348123,0.0019112627986348123,0.0,0.0,0.0,0.08873720136518772,0.035,0.03,0.02,0.035,9,0.0010238907849829352,228,0.03,0.005
audit_B,S_QTE,0.005,common,200,0.0019112627986348123,0.0019112627986348123,0.0,0.0,0.0,0.08873720136518772,0.035,0.03,0.02,0.035,9,0.0010238907849829352,228,0.03,0.005
audit_B,S_QTE,0.01,native,200,0.007195676905574516,0.007195676905574517,0.0,0.03083048919226393,0.06149032992036403,0.15017064846416384,0.12,0.11,0.065,0.14,32,0.0036405005688282138,396,0.135,0.035
audit_B,S_QTE,0.01,common,200,0.007195676905574516,0.007195676905574517,0.0,0.03083048919226393,0.06149032992036403,0.15017064846416384,0.12,0.11,0.065,0.14,32,0.0036405005688282138,396,0.135,0.035
audit_B,S_QTE,0.02,native,200,0.01703071672354949,0.017030716723549486,0.0,0.06257110352673492,0.0796928327645051,0.20022753128555176,0.295,0.24,0.155,0.395,118,0.013424345847554038,528,0.36,0.05
audit_B,S_QTE,0.02,common,200,0.01703071672354949,0.017030716723549486,0.0,0.06257110352673492,0.0796928327645051,0.20022753128555176,0.295,0.24,0.155,0.395,118,0.013424345847554038,528,0.36,0.05
audit_B,Jr_QTE,0.005,native,200,0.0033276450511945392,0.003327645051194539,0.0,0.0,0.0007963594994309001,0.14789533560864618,0.05,0.045,0.04,0.05,11,0.0012514220705346986,228,0.05,0.02
audit_B,Jr_QTE,0.005,common,200,0.0033276450511945392,0.003327645051194539,0.0,0.0,0.0007963594994309001,0.14789533560864618,0.05,0.045,0.04,0.05,11,0.0012514220705346986,228,0.05,0.02
audit_B,Jr_QTE,0.01,native,200,0.006080773606370876,0.0060807736063708765,0.0,0.00045506257110350086,0.05944254835039808,0.16837315130830488,0.095,0.09,0.07,0.1,22,0.002502844141069397,252,0.095,0.025
audit_B,Jr_QTE,0.01,common,200,0.006080773606370876,0.0060807736063708765,0.0,0.00045506257110350086,0.05944254835039808,0.16837315130830488,0.095,0.09,0.07,0.1,22,0.002502844141069397,252,0.095,0.025
audit_B,Jr_QTE,0.02,native,200,0.016456200227531286,0.016456200227531283,0.0,0.06939704209328783,0.08998862343572238,0.1820250284414107,0.235,0.23,0.155,0.25,79,0.008987485779294653,471,0.235,0.045
audit_B,Jr_QTE,0.02,common,200,0.016456200227531286,0.016456200227531283,0.0,0.06939704209328783,0.08998862343572238,0.1820250284414107,0.235,0.23,0.155,0.25,79,0.008987485779294653,471,0.235,0.045
audit_B,Dr_QTE,0.005,native,200,0.001689419795221843,0.001689419795221843,0.0,0.0022753128555176336,0.012571103526734906,0.03981797497155859,0.055,0.03,0.0,0.125,32,0.0036405005688282138,99,0.125,0.01
audit_B,Dr_QTE,0.005,common,200,0.001689419795221843,0.001689419795221843,0.0,0.0022753128555176336,0.012571103526734906,0.03981797497155859,0.055,0.03,0.0,0.125,32,0.0036405005688282138,99,0.125,0.01
audit_B,Dr_QTE,0.01,native,200,0.005483503981797497,0.005483503981797497,0.0,0.017064846416382253,0.027360637087599525,0.055745164960182024,0.2,0.075,0.015,0.42,136,0.01547212741751991,132,0.39,0.035
audit_B,Dr_QTE,0.01,common,200,0.005483503981797497,0.005483503981797497,0.0,0.017064846416382253,0.027360637087599525,0.055745164960182024,0.2,0.075,0.015,0.42,136,0.01547212741751991,132,0.39,0.035
audit_B,Dr_QTE,0.02,native,200,0.0180773606370876,0.0180773606370876,0.011376564277588168,0.04436860068259386,0.06376564277588166,0.12286689419795221,0.535,0.355,0.08,0.795,401,0.045620022753128556,156,0.76,0.15
audit_B,Dr_QTE,0.02,common,200,0.0180773606370876,0.0180773606370876,0.011376564277588168,0.04436860068259386,0.06376564277588166,0.12286689419795221,0.535,0.355,0.08,0.795,401,0.045620022753128556,156,0.76,0.15
audit_B,PairError-QTE,0.005,native,200,0.0033503981797497156,0.0033503981797497156,0.0,0.0,0.0008532423208188216,0.14789533560864618,0.05,0.045,0.04,0.05,11,0.0012514220705346986,225,0.05,0.02
audit_B,PairError-QTE,0.005,common,200,0.0033503981797497156,0.0033503981797497156,0.0,0.0,0.0008532423208188216,0.14789533560864618,0.05,0.045,0.04,0.05,11,0.0012514220705346986,225,0.05,0.02
audit_B,PairError-QTE,0.01,native,200,0.005773606370875995,0.005773606370875995,0.0,0.0,0.05932878270762224,0.16723549488054607,0.09,0.075,0.065,0.095,21,0.002389078498293515,366,0.09,0.025
audit_B,PairError-QTE,0.01,common,200,0.005773606370875995,0.005773606370875995,0.0,0.0,0.05932878270762224,0.16723549488054607,0.09,0.075,0.065,0.095,21,0.002389078498293515,366,0.09,0.025
audit_B,PairError-QTE,0.02,native,200,0.014687144482366325,0.014687144482366325,0.0,0.06734926052332195,0.08088737201365184,0.18543799772468714,0.23,0.21,0.145,0.24,77,0.008759954493742889,489,0.235,0.065
audit_B,PairError-QTE,0.02,common,200,0.014687144482366325,0.014687144482366325,0.0,0.06734926052332195,0.08088737201365184,0.18543799772468714,0.23,0.21,0.145,0.24,77,0.008759954493742889,489,0.235,0.065
audit_B,PCA-SPE,0.005,native,200,0.004843575418994413,0.004843575418994414,0.0,0.015865921787709486,0.03150837988826808,0.07486033519553073,0.145,0.085,0.02,0.23,74,0.008268156424581006,201,0.225,0.015
audit_B,PCA-SPE,0.005,common,200,0.004931740614334471,0.004931740614334471,0.0,0.016154721274175186,0.03208191126279855,0.07622298065984073,0.145,0.085,0.025,0.23,74,0.008418657565415245,201,0.225,0.015
audit_B,PCA-SPE,0.01,native,200,0.01341340782122905,0.01341340782122905,0.0,0.04826815642458099,0.06268156424581002,0.1106145251396648,0.325,0.255,0.1,0.44,164,0.018324022346368714,231,0.43,0.035
audit_B,PCA-SPE,0.01,common,200,0.013657565415244596,0.013657565415244594,0.0,0.04914675767918088,0.06382252559726959,0.11262798634812286,0.325,0.255,0.1,0.44,164,0.018657565415244597,231,0.43,0.035
audit_B,PCA-SPE,0.02,native,200,0.02629050279329609,0.026290502793296085,0.0111731843575419,0.07709497206703911,0.08720670391061451,0.18100558659217877,0.525,0.42,0.22,0.67,303,0.033854748603351956,249,0.65,0.06
audit_B,PCA-SPE,0.02,common,200,0.02676905574516496,0.02676905574516496,0.011376564277588168,0.07849829351535836,0.08879408418657564,0.18430034129692832,0.525,0.42,0.23,0.67,303,0.03447098976109215,249,0.65,0.06
audit_all,S_QTE,0.005,native,400,0.0025853242320819114,0.0025853242320819114,0.0,0.0,0.00028441410693944556,0.1012514220705347,0.0475,0.0425,0.0275,0.05,24,0.0013651877133105802,228,0.045,0.0025
audit_all,S_QTE,0.005,common,400,0.0025853242320819114,0.0025853242320819114,0.0,0.0,0.00028441410693944556,0.1012514220705347,0.0475,0.0425,0.0275,0.05,24,0.0013651877133105802,228,0.045,0.0025
audit_all,S_QTE,0.01,native,400,0.01063424345847554,0.01063424345847554,0.0,0.04789533560864622,0.0751990898748577,0.18543799772468714,0.1675,0.1475,0.0975,0.19,106,0.006029579067121729,438,0.1825,0.02
audit_all,S_QTE,0.01,common,400,0.01063424345847554,0.01063424345847554,0.0,0.04789533560864622,0.0751990898748577,0.18543799772468714,0.1675,0.1475,0.0975,0.19,106,0.006029579067121729,438,0.1825,0.02
audit_all,S_QTE,0.02,native,400,0.021626848691695108,0.021626848691695108,0.0,0.0730375426621161,0.1229237770193401,0.23890784982935154,0.315,0.2675,0.1925,0.4,265,0.015073947667804323,528,0.3775,0.0575
audit_all,S_QTE,0.02,common,400,0.021626848691695108,0.021626848691695108,0.0,0.0730375426621161,0.1229237770193401,0.23890784982935154,0.315,0.2675,0.1925,0.4,265,0.015073947667804323,528,0.3775,0.0575
audit_all,Jr_QTE,0.005,native,400,0.004226393629124005,0.004226393629124005,0.0,0.0,0.040955631399317405,0.14789533560864618,0.07,0.06,0.0475,0.07,32,0.0018202502844141069,228,0.0675,0.0125
audit_all,Jr_QTE,0.005,common,400,0.004226393629124005,0.004226393629124005,0.0,0.0,0.040955631399317405,0.14789533560864618,0.07,0.06,0.0475,0.07,32,0.0018202502844141069,228,0.0675,0.0125
audit_all,Jr_QTE,0.01,native,400,0.008415813424345848,0.008415813424345848,0.0,0.04254835039817985,0.0683162684869169,0.17064846416382254,0.1225,0.1175,0.095,0.1275,64,0.0036405005688282138,336,0.12,0.015
audit_all,Jr_QTE,0.01,common,400,0.008415813424345848,0.008415813424345848,0.0,0.04254835039817985,0.0683162684869169,0.17064846416382254,0.1225,0.1175,0.095,0.1275,64,0.0036405005688282138,336,0.12,0.015
audit_all,Jr_QTE,0.02,native,400,0.019564846416382252,0.019564846416382252,0.0,0.07519908987485782,0.11154721274175193,0.22639362912400454,0.255,0.2475,0.175,0.28,175,0.009954493742889647,471,0.265,0.0325
audit_all,Jr_QTE,0.02,common,400,0.019564846416382252,0.019564846416382252,0.0,0.07519908987485782,0.11154721274175193,0.22639362912400454,0.255,0.2475,0.175,0.28,175,0.009954493742889647,471,0.265,0.0325
audit_all,Dr_QTE,0.005,native,400,0.002380546075085324,0.002380546075085324,0.0,0.004550625711035267,0.014903299203640398,0.07394766780432309,0.065,0.045,0.005,0.1575,89,0.005062571103526735,174,0.1525,0.0125
audit_all,Dr_QTE,0.005,common,400,0.002380546075085324,0.002380546075085324,0.0,0.004550625711035267,0.014903299203640398,0.07394766780432309,0.065,0.045,0.005,0.1575,89,0.005062571103526735,174,0.1525,0.0125
audit_all,Dr_QTE,0.01,native,400,0.006120591581342435,0.006120591581342435,0.0,0.018316268486916976,0.029692832764505017,0.11149032992036405,0.21,0.0925,0.0175,0.4325,279,0.015870307167235496,174,0.3975,0.035
audit_all,Dr_QTE,0.01,common,400,0.006120591581342435,0.006120591581342435,0.0,0.018316268486916976,0.029692832764505017,0.11149032992036405,0.21,0.0925,0.0175,0.4325,279,0.015870307167235496,174,0.3975,0.035
audit_all,Dr_QTE,0.02,native,400,0.01783845278725825,0.01783845278725825,0.011376564277588168,0.04436860068259386,0.05693970420932873,0.13765642775881684,0.54,0.35,0.075,0.7775,773,0.04397042093287827,177,0.7425,0.135
audit_all,Dr_QTE,0.02,common,400,0.01783845278725825,0.01783845278725825,0.011376564277588168,0.04436860068259386,0.05693970420932873,0.13765642775881684,0.54,0.35,0.075,0.7775,773,0.04397042093287827,177,0.7425,0.135
audit_all,PairError-QTE,0.005,native,400,0.004251990898748578,0.004251990898748578,0.0,0.0,0.040955631399317405,0.14789533560864618,0.07,0.0625,0.0475,0.07,32,0.0018202502844141069,225,0.0675,0.0125
audit_all,PairError-QTE,0.005,common,400,0.004251990898748578,0.004251990898748578,0.0,0.0,0.040955631399317405,0.14789533560864618,0.07,0.0625,0.0475,0.07,32,0.0018202502844141069,225,0.0675,0.0125
audit_all,PairError-QTE,0.01,native,400,0.007892491467576791,0.007892491467576791,0.0,0.023094425483504058,0.06717861205915808,0.17861205915813425,0.1175,0.1025,0.09,0.12,61,0.0034698521046643916,366,0.1125,0.015
audit_all,PairError-QTE,0.01,common,400,0.007892491467576791,0.007892491467576791,0.0,0.023094425483504058,0.06717861205915808,0.17861205915813425,0.1175,0.1025,0.09,0.12,61,0.0034698521046643916,366,0.1125,0.015
audit_all,PairError-QTE,0.02,native,400,0.017901023890784983,0.017901023890784983,0.0,0.07406143344709899,0.10130830489192258,0.23321956769055746,0.25,0.2225,0.17,0.265,170,0.009670079635949944,489,0.255,0.0375
audit_all,PairError-QTE,0.02,common,400,0.017901023890784983,0.017901023890784983,0.0,0.07406143344709899,0.10130830489192258,0.23321956769055746,0.25,0.2225,0.17,0.265,170,0.009670079635949944,489,0.255,0.0375
audit_all,PCA-SPE,0.005,native,400,0.005472067039106145,0.005472067039106145,0.0,0.01899441340782123,0.039162011173184304,0.10949720670391061,0.14,0.095,0.0275,0.2325,141,0.007877094972067039,243,0.2275,0.015
audit_all,PCA-SPE,0.005,common,400,0.00555745164960182,0.00555745164960182,0.0,0.019340159271899887,0.03987485779294648,0.11149032992036405,0.1375,0.095,0.0325,0.2325,140,0.007963594994311717,243,0.2275,0.015
audit_all,PCA-SPE,0.01,native,400,0.013312849162011173,0.013312849162011173,0.0,0.049162011173184354,0.06497206703910599,0.12625698324022347,0.3125,0.245,0.0975,0.415,306,0.017094972067039107,300,0.4,0.04
audit_all,PCA-SPE,0.01,common,400,0.013526734926052332,0.013526734926052332,0.0,0.05005688282138794,0.06615472127417504,0.1285551763367463,0.3125,0.245,0.1025,0.415,303,0.017235494880546074,300,0.4,0.04
audit_all,PCA-SPE,0.02,native,400,0.024916201117318435,0.024916201117318435,0.00782122905027933,0.07608938547486037,0.0893854748603352,0.18100558659217877,0.48,0.3925,0.2075,0.6325,572,0.03195530726256983,318,0.6125,0.0725
audit_all,PCA-SPE,0.02,common,400,0.025247440273037543,0.02524744027303754,0.007963594994311717,0.07747440273037545,0.09101251422070535,0.18430034129692832,0.4775,0.39,0.2175,0.63,565,0.03213879408418657,318,0.6125,0.0725
audit_matched50,S_QTE,0.005,native,50,0.0037542662116040954,0.003754266211604096,0.0,0.0,0.022354948805460743,0.07736063708759955,0.08,0.08,0.04,0.08,4,0.0018202502844141069,204,0.08,0.0
audit_matched50,S_QTE,0.005,common,50,0.0037542662116040954,0.003754266211604096,0.0,0.0,0.022354948805460743,0.07736063708759955,0.08,0.08,0.04,0.08,4,0.0018202502844141069,204,0.08,0.0
audit_matched50,S_QTE,0.01,native,50,0.011217292377701934,0.011217292377701936,0.0,0.06496018202502844,0.07832764505119451,0.10693970420932879,0.16,0.14,0.14,0.16,13,0.005915813424345847,282,0.16,0.04
audit_matched50,S_QTE,0.01,common,50,0.011217292377701934,0.011217292377701936,0.0,0.06496018202502844,0.07832764505119451,0.10693970420932879,0.16,0.14,0.14,0.16,13,0.005915813424345847,282,0.16,0.04
audit_matched50,S_QTE,0.02,native,50,0.020887372013651876,0.020887372013651883,0.0,0.07508532423208192,0.104721274175199,0.15244596131968147,0.3,0.26,0.18,0.36,27,0.012286689419795221,318,0.34,0.08
audit_matched50,S_QTE,0.02,common,50,0.020887372013651876,0.020887372013651883,0.0,0.07508532423208192,0.104721274175199,0.15244596131968147,0.3,0.26,0.18,0.36,27,0.012286689419795221,318,0.34,0.08
audit_matched50,Jr_QTE,0.005,native,50,0.0055972696245733785,0.0055972696245733785,0.0,0.019112627986348135,0.04670079635949939,0.07736063708759955,0.12,0.1,0.06,0.12,6,0.0027303754266211604,204,0.12,0.04
audit_matched50,Jr_QTE,0.005,common,50,0.0055972696245733785,0.0055972696245733785,0.0,0.019112627986348135,0.04670079635949939,0.07736063708759955,0.12,0.1,0.06,0.12,6,0.0027303754266211604,204,0.12,0.04
audit_matched50,Jr_QTE,0.01,native,50,0.011422070534698521,0.011422070534698521,0.0,0.06609783845278727,0.07002275312855517,0.10580204778156997,0.16,0.16,0.16,0.16,9,0.004095563139931741,213,0.16,0.04
audit_matched50,Jr_QTE,0.01,common,50,0.011422070534698521,0.011422070534698521,0.0,0.06609783845278727,0.07002275312855517,0.10580204778156997,0.16,0.16,0.16,0.16,9,0.004095563139931741,213,0.16,0.04
audit_matched50,Jr_QTE,0.02,native,50,0.020204778156996585,0.020204778156996585,0.0,0.07736063708759956,0.09891922639362909,0.16723549488054607,0.22,0.22,0.22,0.22,15,0.006825938566552901,285,0.22,0.04
audit_matched50,Jr_QTE,0.02,common,50,0.020204778156996585,0.020204778156996585,0.0,0.07736063708759956,0.09891922639362909,0.16723549488054607,0.22,0.22,0.22,0.22,15,0.006825938566552901,285,0.22,0.04
audit_matched50,Dr_QTE,0.005,native,50,0.002571103526734926,0.002571103526734926,0.0,0.00466439135381115,0.007451649601820247,0.06598407281001138,0.04,0.04,0.02,0.18,12,0.005460750853242321,174,0.18,0.0
audit_matched50,Dr_QTE,0.005,common,50,0.002571103526734926,0.002571103526734926,0.0,0.00466439135381115,0.007451649601820247,0.06598407281001138,0.04,0.04,0.02,0.18,12,0.005460750853242321,174,0.18,0.0
audit_matched50,Dr_QTE,0.01,native,50,0.006279863481228669,0.006279863481228669,0.0,0.017064846416382253,0.029806598407280987,0.06598407281001138,0.2,0.08,0.02,0.44,35,0.015927189988623434,174,0.4,0.06
audit_matched50,Dr_QTE,0.01,common,50,0.006279863481228669,0.006279863481228669,0.0,0.017064846416382253,0.029806598407280987,0.06598407281001138,0.2,0.08,0.02,0.44,35,0.015927189988623434,174,0.4,0.06
audit_matched50,Dr_QTE,0.02,native,50,0.016609783845278725,0.01660978384527872,0.010238907849829351,0.04209328782707622,0.048919226393629126,0.09783845278725825,0.52,0.3,0.04,0.78,94,0.04277588168373151,177,0.74,0.16
audit_matched50,Dr_QTE,0.02,common,50,0.016609783845278725,0.01660978384527872,0.010238907849829351,0.04209328782707622,0.048919226393629126,0.09783845278725825,0.52,0.3,0.04,0.78,94,0.04277588168373151,177,0.74,0.16
audit_matched50,PairError-QTE,0.005,native,50,0.005756541524459613,0.005756541524459613,0.0,0.023208191126279868,0.047838452787258214,0.07849829351535836,0.12,0.12,0.06,0.12,6,0.0027303754266211604,207,0.12,0.04
audit_matched50,PairError-QTE,0.005,common,50,0.005756541524459613,0.005756541524459613,0.0,0.023208191126279868,0.047838452787258214,0.07849829351535836,0.12,0.12,0.06,0.12,6,0.0027303754266211604,207,0.12,0.04
audit_matched50,PairError-QTE,0.01,native,50,0.011353811149032993,0.011353811149032993,0.0,0.06598407281001138,0.07002275312855517,0.09897610921501707,0.16,0.16,0.16,0.16,10,0.004550625711035267,216,0.16,0.04
audit_matched50,PairError-QTE,0.01,common,50,0.011353811149032993,0.011353811149032993,0.0,0.06598407281001138,0.07002275312855517,0.09897610921501707,0.16,0.16,0.16,0.16,10,0.004550625711035267,216,0.16,0.04
audit_matched50,PairError-QTE,0.02,native,50,0.01877133105802048,0.018771331058020476,0.0,0.07531285551763368,0.08612059158134239,0.14334470989761092,0.22,0.22,0.2,0.22,19,0.008646188850967008,285,0.22,0.04
audit_matched50,PairError-QTE,0.02,common,50,0.01877133105802048,0.018771331058020476,0.0,0.07531285551763368,0.08612059158134239,0.14334470989761092,0.22,0.22,0.2,0.22,19,0.008646188850967008,285,0.22,0.04
audit_matched50,PCA-SPE,0.005,native,50,0.008916201117318437,0.008916201117318437,0.0,0.035754189944134075,0.04983240223463683,0.10949720670391061,0.2,0.16,0.06,0.3,22,0.009832402234636871,156,0.3,0.02
audit_matched50,PCA-SPE,0.005,common,50,0.009078498293515359,0.009078498293515359,0.0,0.03640500568828214,0.05073947667804319,0.11149032992036405,0.2,0.16,0.06,0.3,22,0.010011376564277589,156,0.3,0.02
audit_matched50,PCA-SPE,0.01,native,50,0.017564245810055865,0.017564245810055865,0.0,0.06480446927374302,0.06999999999999999,0.12625698324022347,0.36,0.34,0.14,0.4,38,0.01698324022346369,192,0.4,0.08
audit_matched50,PCA-SPE,0.01,common,50,0.0178839590443686,0.0178839590443686,0.0,0.06598407281001138,0.07127417519908986,0.1285551763367463,0.36,0.34,0.16,0.4,38,0.017292377701934016,192,0.4,0.08
audit_matched50,PCA-SPE,0.02,native,50,0.02768715083798883,0.02768715083798883,0.0111731843575419,0.08167597765363128,0.08737430167597764,0.1329608938547486,0.54,0.42,0.24,0.6,65,0.02905027932960894,219,0.6,0.12
audit_matched50,PCA-SPE,0.02,common,50,0.02819112627986348,0.028191126279863483,0.011376564277588168,0.08316268486916951,0.08896473265073947,0.1353811149032992,0.54,0.42,0.26,0.6,65,0.02957906712172924,219,0.6,0.12
