stage,role,target,channel,qualified,runs,pooled_relative_gain,mean_run_relative_gain,min_run_relative_gain,p05_run_relative_gain,median_run_relative_gain,positive_gain_run_fraction,original_threshold_run_fraction
cross,fit_A,0,xmeas_1,True,250,0.9708502004184498,0.9706804956018709,0.9530146201953666,0.9648828634512712,0.9709307109150991,1.0,1.0
cross,fit_A,1,xmeas_2,True,250,0.5162068559094937,0.5151645740855675,0.4097739400148641,0.4672496355239832,0.5158006325823616,1.0,1.0
cross,fit_A,2,xmeas_3,True,250,0.4728730505425679,0.47235145378288157,0.3867221957208951,0.4260722087758838,0.47180228010252173,1.0,1.0
cross,fit_A,3,xmeas_4,True,250,0.2789122048265353,0.27646198858520427,0.14487505654972288,0.19617672628400223,0.2786754594757714,1.0,1.0
cross,fit_A,4,xmeas_5,True,250,0.31142290729529326,0.31070834753439786,0.20539034021141983,0.2536949817707413,0.3128689417190641,1.0,1.0
cross,fit_A,5,xmeas_6,False,250,0.024313607066578966,0.023919004441884106,-0.053243343618538996,-0.02904551515316236,0.026857112814133555,0.78,0.204
cross,fit_A,6,xmeas_7,True,250,0.7492785723704447,0.7539823612118546,0.5515514699106481,0.6609760150658763,0.763371826810713,1.0,1.0
cross,fit_A,7,xmeas_8,True,250,0.07357133169367656,0.07224944790540822,-0.0341336453911579,0.004916236036030991,0.0752970077993739,0.956,0.64
cross,fit_A,8,xmeas_9,True,250,0.5215220190409243,0.519893836824147,0.40331030744247526,0.4589083040023873,0.5229210864818368,1.0,1.0
cross,fit_A,9,xmeas_10,True,250,0.8651027234528975,0.8638755603742516,0.8259569303722238,0.8376167340281611,0.8643626868297185,1.0,1.0
cross,fit_A,10,xmeas_11,True,250,0.8931370239749282,0.8930660511813833,0.8398981846190235,0.869579255473677,0.8943232279326443,1.0,1.0
cross,fit_A,11,xmeas_12,True,250,0.9841929020862452,0.9841192772864279,0.9799844560330154,0.9819966769811981,0.9841915067249296,1.0,1.0
cross,fit_A,12,xmeas_13,True,250,0.6974722767553398,0.6971350743577972,0.613885008750903,0.665632166980439,0.6984873555701261,1.0,1.0
cross,fit_A,13,xmeas_14,False,250,-0.01834277260539496,-0.018521689725863943,-0.09870690262070922,-0.058181133471376156,-0.016855336805891602,0.224,0.0
cross,fit_A,14,xmeas_15,True,250,0.9677985209180068,0.9676712619203124,0.9622886034042234,0.9643203617123535,0.9676633534763011,1.0,1.0
cross,fit_A,15,xmeas_16,True,250,0.4284058834596092,0.428040348318151,0.3314993275106746,0.3619087973476351,0.4259068672553988,1.0,1.0
cross,fit_A,16,xmeas_17,True,250,0.9910451752005304,0.9910120843678858,0.98900991578954,0.990111342532471,0.991021045230527,1.0,1.0
cross,fit_A,17,xmeas_18,True,250,0.31314023512744354,0.3355618254402868,0.08981036130329906,0.18333311210983552,0.3497438589825508,1.0,1.0
cross,fit_A,18,xmeas_19,True,250,0.1058680223716953,0.10543867334375444,0.011404797876085539,0.03554953250121354,0.10569972760829752,1.0,0.92
cross,fit_A,19,xmeas_20,True,250,0.46541790128802196,0.4648727862543563,0.3570057110063297,0.40278692284218326,0.4650349918317485,1.0,1.0
cross,fit_A,20,xmeas_21,True,250,0.8113006095130136,0.810564720935844,0.7576418603052564,0.7840544401037103,0.8113747752812803,1.0,1.0
cross,fit_A,21,xmeas_22,True,250,0.6089578367249376,0.607634034611531,0.516423516749167,0.5580051546915348,0.6085451171406651,1.0,1.0
cross,fit_A,22,xmeas_23,True,250,0.22212429960073166,0.2209911560446049,0.14183105821818917,0.1647867584716268,0.221381763431503,1.0,1.0
cross,fit_A,23,xmeas_24,False,250,-0.019409398404329477,-0.019913666792311473,-0.09633232633203342,-0.06792480035463361,-0.019278514337469632,0.252,0.004
cross,fit_A,24,xmeas_25,False,250,0.045762528674498856,0.04497003333687986,-0.03883218967600735,-0.009138556628847567,0.043940366656199506,0.9,0.42
cross,fit_A,25,xmeas_26,True,250,0.21928875587652394,0.21654223930762923,0.03397931057877133,0.13578485376866706,0.21871910205454287,1.0,0.996
cross,fit_A,26,xmeas_27,True,250,0.22510446422774988,0.22370793822073187,0.12505196568498703,0.16567011968021741,0.22638067965664158,1.0,1.0
cross,fit_A,27,xmeas_28,False,250,-0.03023107036307652,-0.03072488275520326,-0.11113631137838484,-0.07092002802802005,-0.030619466495485505,0.104,0.0
cross,fit_A,28,xmeas_29,True,250,0.0828066029341057,0.08177465243613512,-0.00797374882340274,0.030781593411695785,0.07852962531963056,0.996,0.856
cross,fit_A,29,xmeas_30,True,250,0.19319038793716406,0.19200955462917982,0.11313397842895971,0.13819289241098545,0.19255738779008338,1.0,1.0
cross,fit_A,30,xmeas_31,True,250,0.07697248666503775,0.07635783952862059,-0.07227540197680953,-0.006183355896762911,0.07380457119250625,0.932,0.656
cross,fit_A,31,xmeas_32,False,250,-0.02717403057652854,-0.027654696283220356,-0.10563005482822724,-0.0662818538823104,-0.028121973546852988,0.156,0.0
cross,fit_A,32,xmeas_33,True,250,0.07128344382824683,0.07056491110050547,-0.02372347416366619,0.024430458328481914,0.06928347725653836,0.996,0.768
cross,fit_A,33,xmeas_34,False,250,-0.008525851806122088,-0.009267659993632615,-0.10217504940933614,-0.06549480508324587,-0.009056182686215223,0.392,0.032
cross,fit_A,34,xmeas_35,True,250,0.11388744101093723,0.11301472649859667,-0.009428468532783073,0.03742186627295502,0.1125539183637009,0.996,0.892
cross,fit_A,35,xmeas_36,False,250,0.012327412361451653,0.011870633316348033,-0.07251021684402625,-0.030488165735377326,0.010638271391240534,0.664,0.06
cross,fit_A,36,xmeas_37,False,250,-0.04424953305701132,-0.04565929308418589,-0.11864822767903847,-0.09190402839470532,-0.04373500013930336,0.028,0.0
cross,fit_A,37,xmeas_38,True,250,0.053312993152613286,0.051140363628726884,-0.12428905181749071,-0.056897849868197244,0.0560634204268053,0.792,0.468
cross,fit_A,38,xmeas_39,False,250,-0.032571836227745926,-0.03382877833684665,-0.0865384593741046,-0.06918771758041815,-0.034330598975870284,0.072,0.0
cross,fit_A,39,xmeas_40,False,250,-0.048007335674246525,-0.04938746688651261,-0.13156409975232,-0.09968660836502742,-0.048356524571745337,0.028,0.0
cross,fit_A,40,xmeas_41,False,250,-0.030352761329279714,-0.031954487507171905,-0.11007994864045631,-0.07566695174446877,-0.031639863223966266,0.104,0.004
cross,fit_A,41,xmv_1,True,250,0.5311375143006586,0.5300300352721009,0.42652757837217536,0.47673665249382907,0.5329515323627929,1.0,1.0
cross,fit_A,42,xmv_2,True,250,0.4672126205362458,0.46672997822095885,0.34976742762677215,0.4143287038932213,0.4674070248769998,1.0,1.0
cross,fit_A,43,xmv_3,True,250,0.967981225495263,0.9679148847382166,0.9426865088805904,0.9600327126707012,0.9683054287689851,1.0,1.0
cross,fit_A,44,xmv_4,True,250,0.16068712662006318,0.1596019130605113,0.027600787855484223,0.08638523072403909,0.15962618762823122,1.0,0.992
cross,fit_A,45,xmv_5,True,250,0.6763744369047889,0.6751335905090731,0.6064163359272755,0.628559826642003,0.6782608687751057,1.0,1.0
cross,fit_A,46,xmv_6,True,250,0.8363082046869811,0.8346673536882098,0.7727050775592017,0.799424300714699,0.8343645010840117,1.0,1.0
cross,fit_A,47,xmv_7,True,250,0.9761186984659594,0.9760163283553615,0.9704298255123908,0.9733755918562563,0.9761021086313344,1.0,1.0
cross,fit_A,48,xmv_8,True,250,0.9897299455016151,0.9897009369611931,0.9885526915554506,0.9889256918961464,0.9896681999849282,1.0,1.0
cross,fit_A,49,xmv_9,True,250,0.14227795485632075,0.14041838641567778,0.02140091992481016,0.07195155889228681,0.14357826313544286,1.0,0.972
cross,fit_A,50,xmv_10,True,250,0.5195940662994405,0.5176390989266656,0.4212680608079614,0.4507611319995435,0.517353556784703,1.0,1.0
cross,fit_A,51,xmv_11,True,250,0.9967404309603601,0.996738626045083,0.9962555042924022,0.9964844097163698,0.9967445384031481,1.0,1.0
cross,fit_B,0,xmeas_1,True,250,0.9752275109796918,0.9750580573031992,0.9560326656576149,0.9701627934474929,0.975053705618945,1.0,1.0
cross,fit_B,1,xmeas_2,True,250,0.5130582629786596,0.5120964745120937,0.4345999423988657,0.46961724453035264,0.5141496690023727,1.0,1.0
cross,fit_B,2,xmeas_3,True,250,0.47410055915701105,0.4736582144771278,0.38501048539744126,0.42495939780926756,0.47379969568262925,1.0,1.0
cross,fit_B,3,xmeas_4,True,250,0.2774600985661786,0.2751252277376732,0.15960021974431893,0.19540441715640466,0.2758617435135606,1.0,1.0
cross,fit_B,4,xmeas_5,True,250,0.3144122128849421,0.3136401769314914,0.21954749166714238,0.25552529480309993,0.31828618843937356,1.0,1.0
cross,fit_B,5,xmeas_6,False,250,0.03134734175697381,0.031031431240718114,-0.039575551808303876,-0.014421234191084811,0.02919954701217562,0.888,0.244
cross,fit_B,6,xmeas_7,True,250,0.7559951535196316,0.7620828480420805,0.5153836443983872,0.6543852729671995,0.7769369247639706,1.0,1.0
cross,fit_B,7,xmeas_8,True,250,0.06943212849518207,0.06822240438074441,-0.023169454495048918,0.00800870240419674,0.0670206146120135,0.976,0.6
cross,fit_B,8,xmeas_9,True,250,0.5275185999947682,0.526104200178072,0.42127033084642934,0.464086507330474,0.5264280869203589,1.0,1.0
cross,fit_B,9,xmeas_10,True,250,0.8614571060018654,0.8602919259561607,0.8006723947769016,0.8360927459439295,0.8590077655844774,1.0,1.0
cross,fit_B,10,xmeas_11,True,250,0.8955884142179018,0.895464148340386,0.832940140039603,0.8722049465482756,0.8978363562701295,1.0,1.0
cross,fit_B,11,xmeas_12,True,250,0.9841244345971153,0.984061867162824,0.9802600104947323,0.9823901562061502,0.9840782800558865,1.0,1.0
cross,fit_B,12,xmeas_13,True,250,0.6921380681357,0.6916173626566525,0.5791418925688802,0.656617713223022,0.6934158952620466,1.0,1.0
cross,fit_B,13,xmeas_14,False,250,-0.019473752694624685,-0.019856714828049533,-0.07873297688019519,-0.061603912479850524,-0.018476307400255007,0.196,0.0
cross,fit_B,14,xmeas_15,True,250,0.9781920018443915,0.9780919574010386,0.9709185335643873,0.9755669604352151,0.9781544023594422,1.0,1.0
cross,fit_B,15,xmeas_16,True,250,0.4214089377652007,0.4209860252407997,0.3073800593890315,0.3625562560018802,0.42101959785020654,1.0,1.0
cross,fit_B,16,xmeas_17,True,250,0.9903006651284586,0.990265675589471,0.9885019566248775,0.9891066151049991,0.9903317864744315,1.0,1.0
cross,fit_B,17,xmeas_18,True,250,0.3075232410492667,0.3286918730645351,0.09896727461740765,0.20213015740101323,0.3358834988216821,1.0,1.0
cross,fit_B,18,xmeas_19,True,250,0.08870134975708445,0.08841926449042325,-0.0023054512567404805,0.01661564482047565,0.08909703460368301,0.992,0.836
cross,fit_B,19,xmeas_20,True,250,0.4546673296174371,0.4541013234547534,0.3278676275520488,0.38867550543402973,0.4558636750736139,1.0,1.0
cross,fit_B,20,xmeas_21,True,250,0.8111487050483077,0.8104213283990237,0.7645912019976967,0.7856487388556019,0.8111625763881989,1.0,1.0
cross,fit_B,21,xmeas_22,True,250,0.6118249214851239,0.6107024627722248,0.5429040221999728,0.5594202270056554,0.6123110937032168,1.0,1.0
cross,fit_B,22,xmeas_23,True,250,0.2333728849823534,0.2321104059445171,0.143004167592001,0.1746212420828511,0.23334096827475226,1.0,1.0
cross,fit_B,23,xmeas_24,False,250,-0.02049953538909625,-0.021040155433778723,-0.10911529209576865,-0.062100996761482875,-0.01899728952025772,0.2,0.008
cross,fit_B,24,xmeas_25,False,250,0.050893087111756295,0.05017573330112148,-0.04189812594580311,-0.0027317461455758983,0.047828133196563406,0.944,0.44
cross,fit_B,25,xmeas_26,True,250,0.19539274697597386,0.19335292545348773,0.042259029797667526,0.1131886948291023,0.19263561417319652,1.0,0.992
cross,fit_B,26,xmeas_27,True,250,0.22310484287877896,0.22173816802596438,0.12823814068628442,0.16842896629002274,0.22423218572575124,1.0,1.0
cross,fit_B,27,xmeas_28,False,250,-0.025629577286824697,-0.02611443288142496,-0.09786198857944813,-0.06714718821198663,-0.02493589832004181,0.14,0.0
cross,fit_B,28,xmeas_29,True,250,0.07587985498556285,0.07476083161632027,-0.01652568774273526,0.013254555108460249,0.07328769109693149,0.988,0.748
cross,fit_B,29,xmeas_30,True,250,0.18896194136357533,0.18765885116187228,0.09004139182026435,0.12832839530008877,0.18913943745287762,1.0,1.0
cross,fit_B,30,xmeas_31,True,250,0.05798741826202476,0.057343076516720284,-0.09125483340096678,-0.02657660024318376,0.058005326276294324,0.896,0.488
cross,fit_B,31,xmeas_32,False,250,-0.028798995622277397,-0.029376874470043668,-0.09973928485186785,-0.06990508583978171,-0.029619100999894656,0.14,0.0
cross,fit_B,32,xmeas_33,True,250,0.06648960994849819,0.06577040281007035,-0.009714054060329314,0.01842298743406393,0.06480314670747643,0.976,0.704
cross,fit_B,33,xmeas_34,False,250,-0.008313575297258466,-0.008680364692569187,-0.06884488290540391,-0.04766996040634123,-0.009007671158339163,0.38,0.016
cross,fit_B,34,xmeas_35,True,250,0.11138356872527337,0.10959472136406219,-0.006305038772044496,0.04552377099341243,0.10810668297076051,0.992,0.896
cross,fit_B,35,xmeas_36,False,250,0.013702368670075765,0.012743644943635968,-0.07491323340355935,-0.04333465831371022,0.014881469829603073,0.664,0.116
cross,fit_B,36,xmeas_37,False,250,-0.0357309571643642,-0.036758326118994177,-0.10890154759326438,-0.07594876161090422,-0.0357606618113099,0.056,0.0
cross,fit_B,37,xmeas_38,True,250,0.07969029302549065,0.07737122674548515,-0.06980385087903641,-0.022657620034148437,0.08379359046158458,0.916,0.656
cross,fit_B,38,xmeas_39,False,250,-0.03972775109488552,-0.041607838527210415,-0.13890903215474718,-0.08850019386650275,-0.041208220669640146,0.032,0.0
cross,fit_B,39,xmeas_40,False,250,-0.040753940661433605,-0.042166883642299126,-0.1387947982714003,-0.0831849712902986,-0.04027842576891633,0.02,0.0
cross,fit_B,40,xmeas_41,False,250,-0.028566020257005338,-0.030205890722347573,-0.1252181934417239,-0.08375760530165442,-0.027399312616660843,0.16,0.0
cross,fit_B,41,xmv_1,True,250,0.5294353014420546,0.5286705871610197,0.4153719133356426,0.48080981562117336,0.5294253106932976,1.0,1.0
cross,fit_B,42,xmv_2,True,250,0.45349171126526555,0.45314434183414853,0.3427701578465341,0.409339992687791,0.4539990621659703,1.0,1.0
cross,fit_B,43,xmv_3,True,250,0.9634094542737228,0.9632506071657698,0.9423848885405569,0.9564378149124869,0.9629441195309325,1.0,1.0
cross,fit_B,44,xmv_4,True,250,0.1536600442026034,0.15258146409706988,0.026804908384609465,0.07938430036964313,0.1524414437970092,1.0,0.992
cross,fit_B,45,xmv_5,True,250,0.6795853974911372,0.6786684714296655,0.6037581299820319,0.6357913511874589,0.6788226236909822,1.0,1.0
cross,fit_B,46,xmv_6,True,250,0.8329165199321379,0.8317576453663091,0.7827564371179351,0.804723672453868,0.8321519637635323,1.0,1.0
cross,fit_B,47,xmv_7,True,250,0.9770309159831052,0.9769411803970124,0.9713188964012064,0.9746582165995956,0.9769753394953655,1.0,1.0
cross,fit_B,48,xmv_8,True,250,0.9833113060600981,0.9832458566106602,0.978822494601997,0.981602952410957,0.9832798557449293,1.0,1.0
cross,fit_B,49,xmv_9,True,250,0.14140648918014304,0.1398364238906306,-0.008113682460596346,0.07322506200092778,0.13855579679857424,0.996,0.976
cross,fit_B,50,xmv_10,True,250,0.521831881126011,0.5203474720350527,0.3915317974899476,0.4693779589290467,0.5195865469467948,1.0,1.0
cross,fit_B,51,xmv_11,True,250,0.9977865369115637,0.9977851300104235,0.997364192008761,0.9975514894879486,0.9977849523655392,1.0,1.0
pooled,audit_A,0,xmeas_1,True,200,0.9735768687447907,0.9735260264236714,0.962440427009642,0.9694690181380856,0.9737222557420424,1.0,1.0
pooled,audit_A,1,xmeas_2,True,200,0.5167086977919135,0.5163359777154222,0.4572824456937279,0.4867682263128647,0.5173598779992444,1.0,1.0
pooled,audit_A,2,xmeas_3,True,200,0.4848358808967375,0.48442450754340927,0.43386391627989135,0.4543133970451251,0.48324317039292297,1.0,1.0
pooled,audit_A,3,xmeas_4,True,200,0.30009631053860053,0.29835736688529624,0.19978477898866254,0.23821596345449578,0.2959993165141165,1.0,1.0
pooled,audit_A,4,xmeas_5,True,200,0.3333387701746724,0.3330660407141397,0.2735969186747419,0.2975623940137406,0.33395266964892467,1.0,1.0
pooled,audit_A,6,xmeas_7,True,200,0.7515960479353593,0.7562253764797515,0.5617332131104932,0.6629358233550082,0.7695413064345149,1.0,1.0
pooled,audit_A,7,xmeas_8,True,200,0.08867729665274458,0.08798750792459112,0.025052255510191645,0.04219152529589604,0.08424165163916275,1.0,0.895
pooled,audit_A,8,xmeas_9,True,200,0.5310994459639737,0.5303762852375863,0.4706522229724865,0.4853778613574812,0.5328406299006607,1.0,1.0
pooled,audit_A,9,xmeas_10,True,200,0.866119203046183,0.8656698138784529,0.8402032798960013,0.8491758176889885,0.8654408116550374,1.0,1.0
pooled,audit_A,10,xmeas_11,True,200,0.8977763497272848,0.8977452309348167,0.858253217230682,0.8786928302472661,0.8989595095512576,1.0,1.0
pooled,audit_A,11,xmeas_12,True,200,0.9842557511976854,0.9842209498167752,0.9820216537821468,0.9828755645539458,0.9841955623792473,1.0,1.0
pooled,audit_A,12,xmeas_13,True,200,0.6941673633975489,0.6940373890433851,0.6411604640525153,0.6664399741227829,0.6934216607726313,1.0,1.0
pooled,audit_A,14,xmeas_15,True,200,0.9732154544143212,0.9731608997475862,0.9696620904844176,0.9711036831398601,0.9732293578701523,1.0,1.0
pooled,audit_A,15,xmeas_16,True,200,0.42423914322301104,0.4240913425572211,0.35168864630041385,0.3782740710142924,0.4212757867581582,1.0,1.0
pooled,audit_A,16,xmeas_17,True,200,0.9911231436339059,0.9911069305683636,0.9901241283770055,0.9904737825633914,0.9911477916416601,1.0,1.0
pooled,audit_A,17,xmeas_18,True,200,0.3081237679737912,0.32294762921250786,0.12452381256901136,0.2094722967781734,0.3324995836195507,1.0,1.0
pooled,audit_A,18,xmeas_19,True,200,0.09394334021979604,0.09377324589545942,0.028912356483165588,0.0445461235918267,0.09569912147971472,1.0,0.905
pooled,audit_A,19,xmeas_20,True,200,0.4703121868168836,0.47057585332870455,0.3733806323255777,0.4249658602565331,0.47267888659097257,1.0,1.0
pooled,audit_A,20,xmeas_21,True,200,0.8152416957963459,0.8148398145763852,0.789263260927527,0.7971196759131695,0.8142741375120184,1.0,1.0
pooled,audit_A,21,xmeas_22,True,200,0.6178695361041168,0.6172012020865264,0.5603795593376529,0.5780159727769666,0.6170815807460683,1.0,1.0
pooled,audit_A,22,xmeas_23,True,200,0.24636991491318663,0.24569238966760135,0.18480455675712418,0.2089532759739428,0.24557047909614116,1.0,1.0
pooled,audit_A,25,xmeas_26,True,200,0.21864406946937442,0.21783585740276237,0.11714462171575851,0.16199304593984093,0.2161126943446267,1.0,1.0
pooled,audit_A,26,xmeas_27,True,200,0.24758644817089273,0.24707227344248156,0.1962727500703836,0.21224463632662413,0.24797326855258517,1.0,1.0
pooled,audit_A,28,xmeas_29,True,200,0.09490661807846729,0.0943964356478614,0.04079539061592551,0.056922234209135926,0.09347755753366424,1.0,0.985
pooled,audit_A,29,xmeas_30,True,200,0.2068497023315399,0.20645033492214615,0.12806662690339313,0.1738525739593533,0.20624807397760858,1.0,1.0
pooled,audit_A,30,xmeas_31,True,200,0.08256446264005433,0.08210516395272087,0.0025347253113588695,0.02652482099236782,0.08243537022552033,1.0,0.81
pooled,audit_A,32,xmeas_33,True,200,0.08944296070893724,0.0888661040423526,0.041339174013988525,0.05764795768125804,0.08763465836864048,1.0,0.975
pooled,audit_A,34,xmeas_35,True,200,0.13447528691039684,0.13367354420704275,0.052549308915301525,0.08410795991644257,0.1322856160086489,1.0,1.0
pooled,audit_A,37,xmeas_38,True,200,0.08553465017712647,0.08421493123326781,-0.04083034040452192,0.009553640458045031,0.08294571977468448,0.97,0.79
pooled,audit_A,41,xmv_1,True,200,0.5399458422961323,0.5394603808235913,0.44933725674974817,0.5088351549107325,0.5396498022986234,1.0,1.0
pooled,audit_A,42,xmv_2,True,200,0.4728435690633405,0.4725671209699567,0.42418664671656986,0.4392112778535764,0.47216445021518666,1.0,1.0
pooled,audit_A,43,xmv_3,True,200,0.9661627164135204,0.9661411147218402,0.9484742498881205,0.960117405943487,0.9664769910250898,1.0,1.0
pooled,audit_A,44,xmv_4,True,200,0.178188956712167,0.17737746564681536,0.10316573870985932,0.1334821798193894,0.17595545027947315,1.0,1.0
pooled,audit_A,45,xmv_5,True,200,0.6814170431686968,0.6809035892869258,0.6269595139455978,0.6525757508279736,0.6812228302880379,1.0,1.0
pooled,audit_A,46,xmv_6,True,200,0.8364740153921472,0.8359357297718533,0.8060984024694905,0.817545480969925,0.8355764201815091,1.0,1.0
pooled,audit_A,47,xmv_7,True,200,0.9767525052378461,0.9767046475058414,0.9735231245398259,0.9750309673166877,0.9766488802054523,1.0,1.0
pooled,audit_A,48,xmv_8,True,200,0.9868081839155421,0.9867879500159862,0.985538177553576,0.9859498249146607,0.9868240722641263,1.0,1.0
pooled,audit_A,49,xmv_9,True,200,0.14133981348262334,0.14028006347734007,0.05745607211410231,0.09295603448220911,0.13887801825652182,1.0,1.0
pooled,audit_A,50,xmv_10,True,200,0.5263007261843556,0.5253734619590653,0.4669432366100358,0.487140006667845,0.5248341879368327,1.0,1.0
pooled,audit_A,51,xmv_11,True,200,0.997794225440213,0.9977937220679857,0.9975898672669357,0.9976968519274807,0.9977932213834672,1.0,1.0
pooled,audit_B,0,xmeas_1,True,200,0.973546251735156,0.9734891918383465,0.9619824144436336,0.9691626293895045,0.9736149167119779,1.0,1.0
pooled,audit_B,1,xmeas_2,True,200,0.5204359191362996,0.5200740592775094,0.46805317675941327,0.48916535329307054,0.5205128740827542,1.0,1.0
pooled,audit_B,2,xmeas_3,True,200,0.4834276203836408,0.4832323101931887,0.42948911028986825,0.4506826501829816,0.4847214789092319,1.0,1.0
pooled,audit_B,3,xmeas_4,True,200,0.2962480871823924,0.2951125383785537,0.1941003859678134,0.23698963662617925,0.2938482680586525,1.0,1.0
pooled,audit_B,4,xmeas_5,True,200,0.33216318812830603,0.3318204078579386,0.27234792376427125,0.29423855028956125,0.3328281503599468,1.0,1.0
pooled,audit_B,6,xmeas_7,True,200,0.7598665072990287,0.762904346393014,0.5444308279642645,0.6884644492985126,0.7701211846077431,1.0,1.0
pooled,audit_B,7,xmeas_8,True,200,0.08772967440713962,0.08718603473271162,0.018487062059854224,0.04447039472536314,0.08894301285678177,1.0,0.915
pooled,audit_B,8,xmeas_9,True,200,0.5325515858844875,0.5317669646619073,0.461254998410121,0.4880975370794159,0.5324786242667272,1.0,1.0
pooled,audit_B,9,xmeas_10,True,200,0.8660223562521021,0.8655194044912673,0.8364906244097791,0.8498326633156502,0.8655902089109684,1.0,1.0
pooled,audit_B,10,xmeas_11,True,200,0.8985759730947083,0.8984965276217958,0.8551157819089273,0.8801183321519299,0.9001232556771406,1.0,1.0
pooled,audit_B,11,xmeas_12,True,200,0.9842397960508156,0.9842078691516387,0.9820462624632961,0.9830357765834252,0.9841900088201823,1.0,1.0
pooled,audit_B,12,xmeas_13,True,200,0.6952326577261695,0.6949497295668402,0.656388172422239,0.6726720511111401,0.6949938917308043,1.0,1.0
pooled,audit_B,14,xmeas_15,True,200,0.973335627981102,0.9732872640201172,0.9696721263052348,0.971072208059247,0.9733535763066126,1.0,1.0
pooled,audit_B,15,xmeas_16,True,200,0.42736035046765425,0.42711282011000945,0.3471400869543032,0.3892269534631008,0.4266751746007268,1.0,1.0
pooled,audit_B,16,xmeas_17,True,200,0.9910888883387909,0.9910702773166546,0.9900820500941361,0.9904521498490686,0.9910388649572737,1.0,1.0
pooled,audit_B,17,xmeas_18,True,200,0.3127781142752594,0.3228726809389629,0.18429652547306105,0.22270069081733562,0.3282569186800478,1.0,1.0
pooled,audit_B,18,xmeas_19,True,200,0.09676123920230738,0.09637031532784646,0.029860292017855943,0.055705592008765153,0.09569018884639824,1.0,0.96
pooled,audit_B,19,xmeas_20,True,200,0.4655481026232416,0.4659314992404866,0.31379520230606545,0.41869271320012597,0.46710932901030944,1.0,1.0
pooled,audit_B,20,xmeas_21,True,200,0.8148807842317277,0.8144673469402128,0.7855021003455418,0.7963851211698075,0.8151730348074773,1.0,1.0
pooled,audit_B,21,xmeas_22,True,200,0.6185774530410482,0.6179706902053177,0.5604699191189564,0.5864688943803988,0.6184932663271622,1.0,1.0
pooled,audit_B,22,xmeas_23,True,200,0.24616566150939992,0.24597714416924135,0.18142184942790762,0.2115429826656976,0.2445370964361026,1.0,1.0
pooled,audit_B,25,xmeas_26,True,200,0.21810279857056455,0.21707728182116784,0.12830237604535652,0.16448752935512484,0.21582056566864294,1.0,1.0
pooled,audit_B,26,xmeas_27,True,200,0.2450620080570515,0.2444472410462077,0.1768345908283698,0.20432227730188426,0.24568010189529085,1.0,1.0
pooled,audit_B,28,xmeas_29,True,200,0.09594627292407297,0.09542592825709512,0.04182148682487449,0.06143899595804952,0.09560028146304142,1.0,0.97
pooled,audit_B,29,xmeas_30,True,200,0.20815795128354955,0.2074815640245324,0.13247846457469933,0.17341172615405134,0.207574012814618,1.0,1.0
pooled,audit_B,30,xmeas_31,True,200,0.07865368109915806,0.07825026720487928,-0.010739653708125494,0.0216416775181452,0.08182378970619375,0.995,0.8
pooled,audit_B,32,xmeas_33,True,200,0.08861012346540478,0.08829785652829168,0.04076265710286553,0.059155582445550595,0.0895901697243667,1.0,0.96
pooled,audit_B,34,xmeas_35,True,200,0.13131347907942906,0.1303728090096343,0.04727393404675479,0.08079558728592318,0.1310898657266947,1.0,0.995
pooled,audit_B,37,xmeas_38,True,200,0.08477879374688436,0.08358427314197715,-0.03251093299385702,0.0142036127017126,0.085903466842158,0.975,0.795
pooled,audit_B,41,xmv_1,True,200,0.543256021802504,0.5427645446458171,0.47717058316031197,0.5102190920301248,0.5421773106842906,1.0,1.0
pooled,audit_B,42,xmv_2,True,200,0.47077097080438596,0.47057926530022426,0.41349046296252495,0.42992674484412324,0.4715929905977151,1.0,1.0
pooled,audit_B,43,xmv_3,True,200,0.9659723123183928,0.9659448963626787,0.9474901856665181,0.9610895749189091,0.9662806959895566,1.0,1.0
pooled,audit_B,44,xmv_4,True,200,0.17956243734883442,0.17885892967080955,0.10563230427456488,0.13469089197821696,0.17940848942410653,1.0,1.0
pooled,audit_B,45,xmv_5,True,200,0.6811193344440932,0.6806806242475498,0.6271582428043727,0.6492205254336875,0.683281136680324,1.0,1.0
pooled,audit_B,46,xmv_6,True,200,0.8371821070852912,0.8366384188361079,0.799250726478955,0.8191931236187296,0.8368850493564504,1.0,1.0
pooled,audit_B,47,xmv_7,True,200,0.976689716707049,0.9766441238039346,0.9740031256925779,0.9749889089550616,0.9765811615779254,1.0,1.0
pooled,audit_B,48,xmv_8,True,200,0.9868675954703333,0.9868485786153803,0.9855472585471902,0.9859153293624354,0.9868810221319626,1.0,1.0
pooled,audit_B,49,xmv_9,True,200,0.14301645518132802,0.1418433604341331,0.0417522387391402,0.09384238578806105,0.1403694791289202,1.0,0.995
pooled,audit_B,50,xmv_10,True,200,0.5302073311389724,0.5292772669779339,0.4537003221506702,0.4811272681351769,0.5304111521743278,1.0,1.0
pooled,audit_B,51,xmv_11,True,200,0.9977924512178694,0.9977916878852636,0.9976388620969863,0.9976921140034769,0.9977954360221393,1.0,1.0
pooled,audit_all,0,xmeas_1,True,400,0.9735615737149114,0.9735076091310089,0.9619824144436336,0.9693711559680341,0.9736466826667128,1.0,1.0
pooled,audit_all,1,xmeas_2,True,400,0.5185726269406444,0.5182050184964657,0.4572824456937279,0.48837466468337054,0.5185516294551719,1.0,1.0
pooled,audit_all,2,xmeas_3,True,400,0.48413148551703933,0.483828408868299,0.42948911028986825,0.451302629927674,0.4840422730910608,1.0,1.0
pooled,audit_all,3,xmeas_4,True,400,0.29818001139864614,0.29673495263192495,0.1941003859678134,0.23718383867451354,0.29434489012978804,1.0,1.0
pooled,audit_all,4,xmeas_5,True,400,0.33275190773835345,0.3324432242860392,0.27234792376427125,0.2952670069661711,0.33352023786031837,1.0,1.0
pooled,audit_all,6,xmeas_7,True,400,0.7556868609418328,0.7595648614363827,0.5444308279642645,0.6781074678892093,0.7698833973325839,1.0,1.0
pooled,audit_all,7,xmeas_8,True,400,0.08820504336378603,0.08758677132865138,0.018487062059854224,0.04321474686376311,0.08597536858220936,1.0,0.905
pooled,audit_all,8,xmeas_9,True,400,0.5318254652703727,0.5310716249497468,0.461254998410121,0.4869580200220368,0.5327030707005092,1.0,1.0
pooled,audit_all,9,xmeas_10,True,400,0.8660706298928023,0.8655946091848601,0.8364906244097791,0.8494856113616319,0.8655902089109684,1.0,1.0
pooled,audit_all,10,xmeas_11,True,400,0.898174982224931,0.8981208792783062,0.8551157819089273,0.8787169390395864,0.8997218179759097,1.0,1.0
pooled,audit_all,11,xmeas_12,True,400,0.9842477859301237,0.9842144094842069,0.9820216537821468,0.9829575242705539,0.9841900088201823,1.0,1.0
pooled,audit_all,12,xmeas_13,True,400,0.6947002642503666,0.6944935593051127,0.6411604640525153,0.6708994083000921,0.6942125808094494,1.0,1.0
pooled,audit_all,14,xmeas_15,True,400,0.973275616606326,0.9732240818838517,0.9696620904844176,0.9710764582215605,0.9732939040861176,1.0,1.0
pooled,audit_all,15,xmeas_16,True,400,0.42580075088701286,0.42560208133361527,0.3471400869543032,0.38357329061056983,0.42423229953177927,1.0,1.0
pooled,audit_all,16,xmeas_17,True,400,0.9911060499558447,0.9910886039425091,0.9900820500941361,0.9904641048855528,0.9911042851943168,1.0,1.0
pooled,audit_all,17,xmeas_18,True,400,0.31042689123391676,0.32291015507573534,0.12452381256901136,0.21684897911008158,0.32844556182770657,1.0,1.0
pooled,audit_all,18,xmeas_19,True,400,0.09534927675041766,0.09507178061165295,0.028912356483165588,0.04721733202870986,0.09569018884639824,1.0,0.9325
pooled,audit_all,19,xmeas_20,True,400,0.46794058236228137,0.4682536762845956,0.31379520230606545,0.4191999264945901,0.4702314735377832,1.0,1.0
pooled,audit_all,20,xmeas_21,True,400,0.8150620209438927,0.814653580758299,0.7855021003455418,0.7966799407921639,0.8148275642277061,1.0,1.0
pooled,audit_all,21,xmeas_22,True,400,0.618223836165634,0.6175859461459221,0.5603795593376529,0.581487048243767,0.6178683418423871,1.0,1.0
pooled,audit_all,22,xmeas_23,True,400,0.24626782381305523,0.24583476691842138,0.18142184942790762,0.21123710231847642,0.24525827300722164,1.0,1.0
pooled,audit_all,25,xmeas_26,True,400,0.2183734723142511,0.2174565696119651,0.11714462171575851,0.16201083597959215,0.2161126943446267,1.0,1.0
pooled,audit_all,26,xmeas_27,True,400,0.24632319113848056,0.24575975724434465,0.1768345908283698,0.20706824311187363,0.24687051580983685,1.0,1.0
pooled,audit_all,28,xmeas_29,True,400,0.09542419537684155,0.09491118195247825,0.04079539061592551,0.060218662479394794,0.09543532925730061,1.0,0.9775
pooled,audit_all,29,xmeas_30,True,400,0.20750487550435395,0.20696594947333927,0.12806662690339313,0.17370132790442128,0.2070598129906182,1.0,1.0
pooled,audit_all,30,xmeas_31,True,400,0.08061559756265574,0.08017771557880007,-0.010739653708125494,0.023757063121685185,0.08231537727295526,0.9975,0.805
pooled,audit_all,32,xmeas_33,True,400,0.08902569468545235,0.08858198028532215,0.04076265710286553,0.058673858705422,0.08859494755119009,1.0,0.9675
pooled,audit_all,34,xmeas_35,True,400,0.13289758860423354,0.1320231766083385,0.04727393404675479,0.08261770735119627,0.1314911238959071,1.0,0.9975
pooled,audit_all,37,xmeas_38,True,400,0.0851548184252212,0.08389960218762248,-0.04083034040452192,0.010387798438286137,0.08465575071850168,0.9725,0.7925
pooled,audit_all,41,xmv_1,True,400,0.5416010741043222,0.5411124627347043,0.44933725674974817,0.5088442796434206,0.5406734250849645,1.0,1.0
pooled,audit_all,42,xmv_2,True,400,0.4718052775806126,0.4715731931350905,0.41349046296252495,0.4335957581694474,0.4718288772256132,1.0,1.0
pooled,audit_all,43,xmv_3,True,400,0.9660676338533843,0.9660430055422594,0.9474901856665181,0.9604402632191743,0.9664113413766462,1.0,1.0
pooled,audit_all,44,xmv_4,True,400,0.17887384475080936,0.17811819765881245,0.10316573870985932,0.1335689143266147,0.17699752698058624,1.0,1.0
pooled,audit_all,45,xmv_5,True,400,0.6812686433766325,0.6807921067672379,0.6269595139455978,0.6506557417610518,0.6821506908265782,1.0,1.0
pooled,audit_all,46,xmv_6,True,400,0.8368282749082312,0.8362870743039806,0.799250726478955,0.8177440911950438,0.8364730788617284,1.0,1.0
pooled,audit_all,47,xmv_7,True,400,0.9767211521813345,0.976674385654888,0.9735231245398259,0.9749932147157412,0.9766040774408926,1.0,1.0
pooled,audit_all,48,xmv_8,True,400,0.9868379699534364,0.9868182643156832,0.985538177553576,0.9859308606951203,0.9868454744845863,1.0,1.0
pooled,audit_all,49,xmv_9,True,400,0.14217460159689768,0.14106171195573658,0.0417522387391402,0.0930512487706125,0.13948236603581704,1.0,0.9975
pooled,audit_all,50,xmv_10,True,400,0.5282525137949099,0.5273253644684995,0.4537003221506702,0.484010720925496,0.5287568246440655,1.0,1.0
pooled,audit_all,51,xmv_11,True,400,0.9977933398042945,0.9977927049766246,0.9975898672669357,0.9976958576730608,0.9977936701557051,1.0,1.0
pooled,cal_A,0,xmeas_1,True,50,0.9734570322579676,0.9733821097499255,0.9659914844233295,0.9688685301781661,0.9733418085072277,1.0,1.0
pooled,cal_A,1,xmeas_2,True,50,0.5142703080942901,0.5137927372568083,0.465908908713522,0.4906135943294594,0.5128604762957538,1.0,1.0
pooled,cal_A,2,xmeas_3,True,50,0.4881746095349334,0.4877662066838211,0.4428274668693629,0.45759916481325974,0.48659748968710215,1.0,1.0
pooled,cal_A,3,xmeas_4,True,50,0.29850392758498884,0.29709229530492265,0.22133146550982255,0.2488520908883136,0.2964745903847539,1.0,1.0
pooled,cal_A,4,xmeas_5,True,50,0.3335458201980209,0.33339843871510944,0.28358512785793577,0.3046493311575158,0.33298647736972653,1.0,1.0
pooled,cal_A,6,xmeas_7,True,50,0.760195384923118,0.7618372962635047,0.6681031003618713,0.7045682112814441,0.768346864251674,1.0,1.0
pooled,cal_A,7,xmeas_8,True,50,0.08662465526809948,0.0863358459937303,0.04672713050782199,0.05530071191114933,0.08675741105935784,1.0,0.98
pooled,cal_A,8,xmeas_9,True,50,0.5340822404344935,0.5334756939328004,0.46659344029792993,0.49460374317091554,0.5361638863079707,1.0,1.0
pooled,cal_A,9,xmeas_10,True,50,0.866903235959036,0.8663019683259909,0.8490580841474121,0.8527978917880811,0.8651393276318402,1.0,1.0
pooled,cal_A,10,xmeas_11,True,50,0.898326788056835,0.898308879053316,0.8787093285841502,0.8802714749443052,0.9005055584226628,1.0,1.0
pooled,cal_A,11,xmeas_12,True,50,0.9844046031755338,0.9843760464889211,0.9827538658479819,0.9832128615364011,0.9845236481309929,1.0,1.0
pooled,cal_A,12,xmeas_13,True,50,0.6961988067546608,0.6960222559835917,0.6585987322603246,0.6745531263827685,0.6969313094496733,1.0,1.0
pooled,cal_A,14,xmeas_15,True,50,0.972978015440818,0.9729062360392966,0.9689554436704579,0.970210672837729,0.9729976114454131,1.0,1.0
pooled,cal_A,15,xmeas_16,True,50,0.42829219596306245,0.4280284729816282,0.3601090887314808,0.3864312521004009,0.4316940211341299,1.0,1.0
pooled,cal_A,16,xmeas_17,True,50,0.9910376724052006,0.9910191376281579,0.989651737810992,0.9903076906752591,0.9910558245248018,1.0,1.0
pooled,cal_A,17,xmeas_18,True,50,0.3131235222525074,0.3257948545233934,0.16346097521251338,0.21615517555876226,0.32100733996358294,1.0,1.0
pooled,cal_A,18,xmeas_19,True,50,0.09783328141836065,0.09780667098082332,0.03452801067704832,0.052185298470029194,0.09440080270338456,1.0,0.94
pooled,cal_A,19,xmeas_20,True,50,0.47253944096364325,0.4721043920342969,0.41917645347427673,0.43543302321139954,0.4724161797919164,1.0,1.0
pooled,cal_A,20,xmeas_21,True,50,0.8126142975413808,0.8123361194912739,0.7896087298079464,0.7963206873047307,0.813126483242012,1.0,1.0
pooled,cal_A,21,xmeas_22,True,50,0.6193032852128959,0.6189094212021186,0.5759136834752433,0.5879320300927806,0.6218697387911294,1.0,1.0
pooled,cal_A,22,xmeas_23,True,50,0.24634770522094432,0.24589517494262578,0.1995680196688517,0.21614809496356727,0.24785248272446886,1.0,1.0
pooled,cal_A,25,xmeas_26,True,50,0.21331350385747205,0.2121462295408729,0.13032459249274952,0.150451593641399,0.21860936494162736,1.0,1.0
pooled,cal_A,26,xmeas_27,True,50,0.2462333924380248,0.24528919327357038,0.1951135106687695,0.20818496896427405,0.24336533922049777,1.0,1.0
pooled,cal_A,28,xmeas_29,True,50,0.08875273085511161,0.08832741671914336,0.03363587687179321,0.04817971220590698,0.09049857339627093,1.0,0.94
pooled,cal_A,29,xmeas_30,True,50,0.20515859412262744,0.2046545331967863,0.14429225584618052,0.16927213707245412,0.20427811488098635,1.0,1.0
pooled,cal_A,30,xmeas_31,True,50,0.08195176141669457,0.08142117058759611,-0.0032662788282179136,0.039966191666952644,0.08025361346317764,0.98,0.78
pooled,cal_A,32,xmeas_33,True,50,0.08613424562136246,0.08599320332278765,0.05506733189586284,0.062124484247333474,0.08654264131811812,1.0,1.0
pooled,cal_A,34,xmeas_35,True,50,0.13522064899535047,0.1339753782839153,0.0747782125755459,0.08464753009344916,0.13346012447612746,1.0,1.0
pooled,cal_A,37,xmeas_38,True,50,0.08040257993622141,0.07919428347113357,-0.004001885071153542,0.008929951749944424,0.07960040074067362,0.98,0.76
pooled,cal_A,41,xmv_1,True,50,0.5347750815108101,0.5344237469368737,0.4877302340903627,0.5050470757985696,0.5346582152084802,1.0,1.0
pooled,cal_A,42,xmv_2,True,50,0.4719737393316775,0.47182456384027704,0.43342971238380357,0.4413481477555213,0.4714196145692455,1.0,1.0
pooled,cal_A,43,xmv_3,True,50,0.9661512908442487,0.9660973861095676,0.9578858578792565,0.9609119194037228,0.9665930572284208,1.0,1.0
pooled,cal_A,44,xmv_4,True,50,0.1830569730269339,0.18261813896052775,0.10122069022994154,0.1347415510285383,0.1846330289132272,1.0,1.0
pooled,cal_A,45,xmv_5,True,50,0.6838993680695169,0.6833758250074203,0.6438099531762014,0.6538219656895711,0.6818507787122203,1.0,1.0
pooled,cal_A,46,xmv_6,True,50,0.8365670657853722,0.8358419176941664,0.8029547485760665,0.8115088113057527,0.8380846002434361,1.0,1.0
pooled,cal_A,47,xmv_7,True,50,0.976877783479166,0.9768345553717163,0.9745935221414297,0.9751482016047678,0.9770263325765783,1.0,1.0
pooled,cal_A,48,xmv_8,True,50,0.9867206140359575,0.9866936627212429,0.9851503039823333,0.9856612343251555,0.9867654936660888,1.0,1.0
pooled,cal_A,49,xmv_9,True,50,0.146958477843447,0.14591950625558417,0.08881366024487425,0.10361659894942093,0.1444754535216945,1.0,1.0
pooled,cal_A,50,xmv_10,True,50,0.5286867356813922,0.5278720771801826,0.46497188315284294,0.48726778574080876,0.5226605560225872,1.0,1.0
pooled,cal_A,51,xmv_11,True,50,0.9977880720878664,0.9977875030401335,0.9975854934051824,0.9976882783319987,0.9977966414433357,1.0,1.0
pooled,cal_B,0,xmeas_1,True,50,0.9734279043764855,0.9733564420656461,0.967338481856303,0.9689477683993396,0.9737136200893901,1.0,1.0
pooled,cal_B,1,xmeas_2,True,50,0.5200009518602146,0.5190810815582678,0.4665215872028627,0.4839899316159532,0.5173994129537328,1.0,1.0
pooled,cal_B,2,xmeas_3,True,50,0.48413963961082607,0.48381983979101656,0.4465630328492304,0.4509562921743425,0.4842984905642602,1.0,1.0
pooled,cal_B,3,xmeas_4,True,50,0.2948804181276773,0.2933166809787513,0.2344112600238971,0.24142041246162227,0.29076996612981565,1.0,1.0
pooled,cal_B,4,xmeas_5,True,50,0.33754393793221654,0.33709924831966503,0.2906421524840716,0.3064198565583878,0.3360180428437455,1.0,1.0
pooled,cal_B,6,xmeas_7,True,50,0.7647836948469209,0.7666088107087444,0.6562395536311374,0.7062809974521521,0.7744858726403334,1.0,1.0
pooled,cal_B,7,xmeas_8,True,50,0.09211338816993461,0.09149257856396234,0.04014568499946503,0.04803570419077135,0.08785969123549624,1.0,0.94
pooled,cal_B,8,xmeas_9,True,50,0.5337542054583323,0.5331920703530354,0.4761054406357681,0.4933831299069971,0.5333761458911708,1.0,1.0
pooled,cal_B,9,xmeas_10,True,50,0.8678785271107213,0.8672763386024499,0.8470673131463764,0.8515500612445881,0.8665886500989155,1.0,1.0
pooled,cal_B,10,xmeas_11,True,50,0.90002947836357,0.899969039671576,0.8726426299394593,0.8847610547011391,0.9008214578755496,1.0,1.0
pooled,cal_B,11,xmeas_12,True,50,0.9842283656335902,0.9841907221537136,0.9817830185406596,0.982438152593598,0.9843055989766245,1.0,1.0
pooled,cal_B,12,xmeas_13,True,50,0.6951892761942865,0.695050872033802,0.6515339324489513,0.6779157775430354,0.6944856547028158,1.0,1.0
pooled,cal_B,14,xmeas_15,True,50,0.9732372035690177,0.9731905643212043,0.9709048124243729,0.9712432076495535,0.9732187755802584,1.0,1.0
pooled,cal_B,15,xmeas_16,True,50,0.4305797124426491,0.4305153659294899,0.38214633807729903,0.40329672045995846,0.4298772856302924,1.0,1.0
pooled,cal_B,16,xmeas_17,True,50,0.9909787553511717,0.9909624797069517,0.9898591989068932,0.9903371764352159,0.9909626058886724,1.0,1.0
pooled,cal_B,17,xmeas_18,True,50,0.3059826578878473,0.3201809953555605,0.1455004838779673,0.20209085170214508,0.3395949792680978,1.0,1.0
pooled,cal_B,18,xmeas_19,True,50,0.09562013920232074,0.09588612123512577,0.041954389030915584,0.049609165657856835,0.09452818089777397,1.0,0.94
pooled,cal_B,19,xmeas_20,True,50,0.46994912702673886,0.46982247793981713,0.39216034970995955,0.42409812385455237,0.47020145727527907,1.0,1.0
pooled,cal_B,20,xmeas_21,True,50,0.8156116648528591,0.815360324071612,0.7880066014563216,0.7977465034211492,0.8151116261641147,1.0,1.0
pooled,cal_B,21,xmeas_22,True,50,0.6168404296984675,0.6164769317383333,0.5784568952119579,0.5876954812191598,0.615877349474832,1.0,1.0
pooled,cal_B,22,xmeas_23,True,50,0.24738076372022494,0.24674952011805143,0.16839868481919393,0.21803977242436068,0.2434652513805433,1.0,1.0
pooled,cal_B,25,xmeas_26,True,50,0.2157432924000835,0.21479157952653105,0.13322402687430662,0.16244002132471294,0.21357139786250504,1.0,1.0
pooled,cal_B,26,xmeas_27,True,50,0.245934665870253,0.24552971578857513,0.20425223473639967,0.2167737370921304,0.24801769602957555,1.0,1.0
pooled,cal_B,28,xmeas_29,True,50,0.09666746416093518,0.09622015305538706,0.05069586616100001,0.059757583681733825,0.09670501266001236,1.0,1.0
pooled,cal_B,29,xmeas_30,True,50,0.20898240379107008,0.20795785302524106,0.15683047428070587,0.17187647890743876,0.20859522221055382,1.0,1.0
pooled,cal_B,30,xmeas_31,True,50,0.081596089779103,0.08149322610934688,0.005194972009946245,0.03339544345010862,0.08509821800975248,1.0,0.78
pooled,cal_B,32,xmeas_33,True,50,0.08813243401768402,0.08796160454448186,0.04620475632704669,0.0574467287406464,0.08850755729295343,1.0,0.96
pooled,cal_B,34,xmeas_35,True,50,0.13711720673248834,0.13609162837756858,0.061065226786743296,0.07703679011552983,0.14100574720529957,1.0,1.0
pooled,cal_B,37,xmeas_38,True,50,0.07963327118752365,0.07839775445314709,0.00565061221568707,0.01900110355809648,0.070071834369516,1.0,0.68
pooled,cal_B,41,xmv_1,True,50,0.536927351440861,0.5367445377939593,0.49424944287336087,0.5043732383438184,0.5409005444891657,1.0,1.0
pooled,cal_B,42,xmv_2,True,50,0.46689614283539854,0.4666413580762193,0.42816236891682447,0.43685594693483615,0.4656830401022676,1.0,1.0
pooled,cal_B,43,xmv_3,True,50,0.9660997508050236,0.9660797655419365,0.957541693989163,0.9600222919884829,0.9666474399114673,1.0,1.0
pooled,cal_B,44,xmv_4,True,50,0.18033776233948332,0.1797803333237288,0.1261915983064167,0.13698200786177628,0.18036889133038259,1.0,1.0
pooled,cal_B,45,xmv_5,True,50,0.6843825030195323,0.6838082982803674,0.64188067633151,0.6552365948923317,0.6802076588531027,1.0,1.0
pooled,cal_B,46,xmv_6,True,50,0.839586796846789,0.8388857838848388,0.8066548627884322,0.8206067616708953,0.8401125247338431,1.0,1.0
pooled,cal_B,47,xmv_7,True,50,0.9766878582106991,0.9766364752994192,0.9735740146357745,0.9742916910746018,0.9767670770493221,1.0,1.0
pooled,cal_B,48,xmv_8,True,50,0.986836764183798,0.9868181707825114,0.9858170174802234,0.9861423462329495,0.9868383680228803,1.0,1.0
pooled,cal_B,49,xmv_9,True,50,0.1418473318910293,0.14171230072537805,0.06443909884597705,0.09117957247892713,0.14251292552432782,1.0,1.0
pooled,cal_B,50,xmv_10,True,50,0.5298975214918399,0.5290085045478158,0.46199956862458885,0.49067340213453653,0.5286551536464121,1.0,1.0
pooled,cal_B,51,xmv_11,True,50,0.9977911126818412,0.9977904261331507,0.9976065173765287,0.9976973154298561,0.997794165015327,1.0,1.0
pooled,fit_A,0,xmeas_1,True,250,0.9738164392886749,0.9736843790426015,0.95537601590229,0.9686023109491293,0.9739202123139772,1.0,1.0
pooled,fit_A,1,xmeas_2,True,250,0.5237102803462199,0.5227495652566617,0.4240505284432067,0.4750716288001004,0.523868432475651,1.0,1.0
pooled,fit_A,2,xmeas_3,True,250,0.4825981796026265,0.4821525448461232,0.39804570618849183,0.43441120809646294,0.48163287643156383,1.0,1.0
pooled,fit_A,3,xmeas_4,True,250,0.29632852154586753,0.29397096093284064,0.1755564848930628,0.22189723666251424,0.29530851241740186,1.0,1.0
pooled,fit_A,4,xmeas_5,True,250,0.33207847131465024,0.3314851913431147,0.2394040588494714,0.2766324149768903,0.33184110160107794,1.0,1.0
pooled,fit_A,5,xmeas_6,False,250,0.04827086765266634,0.04795285000535425,-0.020250517566090594,0.008049015877527342,0.04750660343533143,0.968,0.46
pooled,fit_A,6,xmeas_7,True,250,0.7559430291631064,0.760925604341777,0.5473552522975011,0.6672343277077655,0.768910887953442,1.0,1.0
pooled,fit_A,7,xmeas_8,True,250,0.088074059846222,0.08687385472974433,-0.0012909568933216198,0.028701887892748957,0.08648554443110981,0.996,0.824
pooled,fit_A,8,xmeas_9,True,250,0.5308548874068685,0.5292834613846219,0.4075151290517688,0.47273499905572286,0.5307875519368597,1.0,1.0
pooled,fit_A,9,xmeas_10,True,250,0.8663883423475852,0.8651628594505769,0.8252933795697142,0.8387859863699495,0.8657976210141367,1.0,1.0
pooled,fit_A,10,xmeas_11,True,250,0.89689460627082,0.8967882914930533,0.8439602216039991,0.8747115866150903,0.8981408331053349,1.0,1.0
pooled,fit_A,11,xmeas_12,True,250,0.9842669568019872,0.9841966515534811,0.9803056325879181,0.9821445936318748,0.9842674822159049,1.0,1.0
pooled,fit_A,12,xmeas_13,True,250,0.6965508087596705,0.6961921684825484,0.6115084291763125,0.6657354699839447,0.6973181470186318,1.0,1.0
pooled,fit_A,13,xmeas_14,False,250,0.00458012071832235,0.0045247211918135,-0.05554895410501521,-0.026864320682591238,0.005447597425921324,0.628,0.0
pooled,fit_A,14,xmeas_15,True,250,0.9733646024417925,0.9732597295873104,0.968962351785105,0.9704602075504385,0.9732939209475352,1.0,1.0
pooled,fit_A,15,xmeas_16,True,250,0.4254367232543832,0.4250861466777591,0.33228888183739064,0.36216279003073804,0.4220718487585805,1.0,1.0
pooled,fit_A,16,xmeas_17,True,250,0.9910385668979169,0.9910057574732091,0.9894797286332077,0.9901422999699132,0.9910539079771314,1.0,1.0
pooled,fit_A,17,xmeas_18,True,250,0.3194722501581694,0.3415079897428577,0.10810706695595959,0.18836684225429126,0.35411668225029536,1.0,1.0
pooled,fit_A,18,xmeas_19,True,250,0.10329273803442206,0.10293604892861664,0.006123427737441483,0.03421046456806393,0.10417659958482474,1.0,0.908
pooled,fit_A,19,xmeas_20,True,250,0.4710651920169333,0.4705513848793811,0.3746926339299869,0.40593655122369554,0.4709069765892686,1.0,1.0
pooled,fit_A,20,xmeas_21,True,250,0.8148619658390394,0.8141813999493249,0.7620244988110362,0.7892132028796454,0.8151766335646069,1.0,1.0
pooled,fit_A,21,xmeas_22,True,250,0.6199772025834696,0.6187287165774232,0.5340570789058775,0.5715941385924699,0.6189966782164782,1.0,1.0
pooled,fit_A,22,xmeas_23,True,250,0.24409744050668702,0.24315756168669259,0.16218030273078893,0.19337220666539043,0.24243090223419567,1.0,1.0
pooled,fit_A,23,xmeas_24,False,250,0.002636680531151305,0.002243309168115927,-0.05111742142298698,-0.030624764487001934,0.0035375687278520413,0.536,0.004
pooled,fit_A,24,xmeas_25,False,250,0.06747403615852915,0.06705144008157968,0.0002976666190781404,0.022008019265009705,0.06484136624811676,1.0,0.724
pooled,fit_A,25,xmeas_26,True,250,0.22878032795014933,0.22623162351992052,0.037903406101736044,0.15370587291891658,0.22463026736050043,1.0,0.996
pooled,fit_A,26,xmeas_27,True,250,0.24383201650625536,0.2426724343198511,0.13186488302021102,0.19025667164672913,0.24544808313872396,1.0,1.0
pooled,fit_A,27,xmeas_28,False,250,-0.00388888013210309,-0.004115547427217871,-0.06010028800480237,-0.03494244688088094,-0.004544251988863433,0.404,0.0
pooled,fit_A,28,xmeas_29,True,250,0.09554913444980084,0.09464396547706166,0.012630093220625912,0.04620807259327317,0.09197572081677483,1.0,0.92
pooled,fit_A,29,xmeas_30,True,250,0.21099904189494317,0.2099876916561366,0.13449622138920367,0.15995886280319088,0.21265131143994304,1.0,1.0
pooled,fit_A,30,xmeas_31,True,250,0.08497678385444389,0.08438412282073958,-0.05593349803659362,0.010316802897341179,0.08639475196287894,0.952,0.732
pooled,fit_A,31,xmeas_32,False,250,-0.007191455337555962,-0.007609826293360381,-0.05974317917853809,-0.04259848545630653,-0.008276756256362414,0.36,0.0
pooled,fit_A,32,xmeas_33,True,250,0.08738902494872042,0.0867363416731653,0.014323859809835911,0.04266734255564825,0.08714751195841502,1.0,0.916
pooled,fit_A,33,xmeas_34,False,250,0.015020687420764841,0.014510847206930137,-0.06063399037573131,-0.025940447860218818,0.01319292886564232,0.716,0.084
pooled,fit_A,34,xmeas_35,True,250,0.1314660996728084,0.1305061990036615,0.009069032151187784,0.06350593981247225,0.1301456834208572,1.0,0.944
pooled,fit_A,35,xmeas_36,False,250,0.03416156891246971,0.03378877713010536,-0.040297468707753525,-0.008932669519892657,0.03444954552338633,0.896,0.26
pooled,fit_A,36,xmeas_37,False,250,-0.016496915274977875,-0.017163880116057854,-0.07885218509563398,-0.04213625690234524,-0.015878858865678518,0.144,0.0
pooled,fit_A,37,xmeas_38,True,250,0.08340014834947242,0.08176714969248541,-0.09124705225572241,-0.015863381512664424,0.08177500826557788,0.916,0.688
pooled,fit_A,38,xmeas_39,False,250,-0.014780474050571878,-0.01549588689093406,-0.06700705186596739,-0.04609218040114129,-0.015578728126365253,0.2,0.0
pooled,fit_A,39,xmeas_40,False,250,-0.020528073072423166,-0.021255904113937397,-0.07666865524023757,-0.05522745618245096,-0.0196788845257986,0.136,0.0
pooled,fit_A,40,xmeas_41,False,250,-0.011922710658261136,-0.012825781490797218,-0.06705302632301843,-0.0497860408265656,-0.010937787380951212,0.26,0.004
pooled,fit_A,41,xmv_1,True,250,0.5430414185063869,0.5420244402797225,0.44029732065878546,0.4888797912424996,0.5435441201822417,1.0,1.0
pooled,fit_A,42,xmv_2,True,250,0.47273709060326957,0.472316711170115,0.358522409332997,0.4220599426856003,0.4727861744755809,1.0,1.0
pooled,fit_A,43,xmv_3,True,250,0.9662510358764721,0.9661743715068908,0.9417847431490106,0.9585409658689978,0.9667935080943894,1.0,1.0
pooled,fit_A,44,xmv_4,True,250,0.17936373654995408,0.17832080573741227,0.06499402517181455,0.11428072062300311,0.17887976912298253,1.0,0.996
pooled,fit_A,45,xmv_5,True,250,0.6814493048602226,0.6802494218684186,0.6105490229589722,0.6370519779357044,0.6841045486228423,1.0,1.0
pooled,fit_A,46,xmv_6,True,250,0.8374520079870196,0.835864024873141,0.7741539852140148,0.8019816870709694,0.8373670916276063,1.0,1.0
pooled,fit_A,47,xmv_7,True,250,0.9767814844791941,0.976682655621244,0.971340106396172,0.9740601098351657,0.9767598090488299,1.0,1.0
pooled,fit_A,48,xmv_8,True,250,0.9868746065565999,0.9868327391295628,0.9851046073461156,0.9857744924247926,0.9867951257818706,1.0,1.0
pooled,fit_A,49,xmv_9,True,250,0.14662420168761364,0.144848589659798,0.020215274693613876,0.08159060942021326,0.14691341314422057,1.0,0.984
pooled,fit_A,50,xmv_10,True,250,0.5276287535345165,0.5257343229831881,0.43842745830588664,0.46430808018415515,0.5237424717347099,1.0,1.0
pooled,fit_A,51,xmv_11,True,250,0.9977876495269857,0.9977857028719377,0.9975346802190124,0.9976342976157986,0.9977875512726455,1.0,1.0
pooled,fit_B,0,xmeas_1,True,250,0.9738413668339028,0.9736373120576275,0.9538701426935161,0.9682762578797927,0.9736611241608993,1.0,1.0
pooled,fit_B,1,xmeas_2,True,250,0.5188850166352542,0.5178972727153911,0.43998610747427475,0.47306197162574565,0.5203615195575912,1.0,1.0
pooled,fit_B,2,xmeas_3,True,250,0.4840279629895419,0.48361111064231516,0.40175883318712613,0.4343610405928613,0.4845879000621652,1.0,1.0
pooled,fit_B,3,xmeas_4,True,250,0.29664993823690977,0.2944246730935094,0.1790296517291099,0.21189869319511187,0.29778762287594485,1.0,1.0
pooled,fit_B,4,xmeas_5,True,250,0.332735819204291,0.3320898914601212,0.24128400309476486,0.2816743411650028,0.3330907313146732,1.0,1.0
pooled,fit_B,5,xmeas_6,False,250,0.049025798008916335,0.048726919804092717,-0.02802677940076255,0.006081187939885584,0.048017966332988604,0.968,0.484
pooled,fit_B,6,xmeas_7,True,250,0.7534511656672888,0.7593114232135005,0.5225758930956156,0.6527242727787916,0.7748417212137577,1.0,1.0
pooled,fit_B,7,xmeas_8,True,250,0.09330928986256687,0.09224524191695328,0.00795681940230504,0.03643647696547128,0.08809056305522284,1.0,0.888
pooled,fit_B,8,xmeas_9,True,250,0.5335393307630764,0.5321910698754719,0.4385116862557239,0.4747228176309677,0.5325983092967845,1.0,1.0
pooled,fit_B,9,xmeas_10,True,250,0.8653580141620346,0.864215771186369,0.8068798286177341,0.8380723213846538,0.8643467190547862,1.0,1.0
pooled,fit_B,10,xmeas_11,True,250,0.8981446235708774,0.8980660692106139,0.8334504645663607,0.8737607285375748,0.9001242506080729,1.0,1.0
pooled,fit_B,11,xmeas_12,True,250,0.984265760612386,0.9842002389675675,0.9801806818710719,0.9825237550976343,0.9842199321072316,1.0,1.0
pooled,fit_B,12,xmeas_13,True,250,0.6958372907920574,0.6953224141051438,0.5886835166421627,0.6615712677667546,0.6975536482926878,1.0,1.0
pooled,fit_B,13,xmeas_14,False,250,0.003421801560481889,0.0031013494096852248,-0.04680954310847206,-0.028160075356076807,0.0026727235644528526,0.564,0.004
pooled,fit_B,14,xmeas_15,True,250,0.9731867528117777,0.9730631595458682,0.9645240012221995,0.969871913869103,0.9731488132998847,1.0,1.0
pooled,fit_B,15,xmeas_16,True,250,0.4277177385975944,0.4272739844396593,0.3153786335685903,0.3665677888598761,0.42610526322017206,1.0,1.0
pooled,fit_B,16,xmeas_17,True,250,0.9910740904928317,0.9910407004550493,0.9894776169103491,0.9901349918591317,0.9910527906284154,1.0,1.0
pooled,fit_B,17,xmeas_18,True,250,0.30997729147130765,0.33201438716043913,0.10349587352377002,0.20125127703886062,0.33736878390224534,1.0,1.0
pooled,fit_B,18,xmeas_19,True,250,0.09466276451056699,0.0941657752592441,0.0020393073391568386,0.022728846787832872,0.09333507864108595,1.0,0.856
pooled,fit_B,19,xmeas_20,True,250,0.46978027942737055,0.46940873191717164,0.34272584027282144,0.4103608975571445,0.47083698870157764,1.0,1.0
pooled,fit_B,20,xmeas_21,True,250,0.8154988536023631,0.8147847183717974,0.7718585171032539,0.7887899770418432,0.8159630264408653,1.0,1.0
pooled,fit_B,21,xmeas_22,True,250,0.6194474790901221,0.6183091041706166,0.5509073256474885,0.570857046525311,0.6185174588541453,1.0,1.0
pooled,fit_B,22,xmeas_23,True,250,0.24760358757638135,0.24646474151520253,0.15037161092749585,0.19446808790196396,0.24834284100911483,1.0,1.0
pooled,fit_B,23,xmeas_24,False,250,0.004669993112770653,0.004311150862520804,-0.07541392643284989,-0.02919073132427285,0.005589052852983539,0.584,0.024
pooled,fit_B,24,xmeas_25,False,250,0.06734689510045662,0.06683403651385207,0.0009095785483506508,0.02512228265131157,0.06433511768620509,1.0,0.696
pooled,fit_B,25,xmeas_26,True,250,0.21375087268625462,0.211944645160251,0.08477434277106174,0.13658930373070285,0.21314550395883794,1.0,1.0
pooled,fit_B,26,xmeas_27,True,250,0.24325517176848466,0.24219506237545926,0.16210390383618167,0.19356250190039923,0.2421123467653865,1.0,1.0
pooled,fit_B,27,xmeas_28,False,250,-0.003292108259526086,-0.003665769436287531,-0.06513375767056213,-0.03424500650176587,-0.004374144211342048,0.396,0.004
pooled,fit_B,28,xmeas_29,True,250,0.09781692656921875,0.09687887063132374,0.02667958753835081,0.04425377207324846,0.09599140127162144,1.0,0.932
pooled,fit_B,29,xmeas_30,True,250,0.210106014236522,0.20895761995657205,0.11432589935998928,0.15227772496358163,0.2103927607191392,1.0,1.0
pooled,fit_B,30,xmeas_31,True,250,0.0793060673814748,0.07879453724406224,-0.06316144932968548,0.0017110132746998362,0.07792044729189081,0.952,0.676
pooled,fit_B,31,xmeas_32,False,250,-0.007901702647450498,-0.008175600447954044,-0.05899912991361306,-0.04112000577118582,-0.006785657038648258,0.336,0.004
pooled,fit_B,32,xmeas_33,True,250,0.0891685640096909,0.08883139497021612,0.00969240502265031,0.046466849707356844,0.08758028711925588,1.0,0.932
pooled,fit_B,33,xmeas_34,False,250,0.013743050019721221,0.01345255661291624,-0.04153305813595412,-0.020903789934209032,0.012411733343731746,0.708,0.064
pooled,fit_B,34,xmeas_35,True,250,0.13469006881000736,0.13319217500520353,0.02288423605366697,0.07418992642888954,0.13199479767397265,1.0,0.984
pooled,fit_B,35,xmeas_36,False,250,0.03735931434896095,0.03672619411483842,-0.054943660769329994,-0.004510061350271224,0.03659711621172833,0.916,0.324
pooled,fit_B,36,xmeas_37,False,250,-0.01530793190139523,-0.01574639837575484,-0.06168527509733482,-0.04049323028914303,-0.01524306675860077,0.14,0.0
pooled,fit_B,37,xmeas_38,True,250,0.08792359338855758,0.08560317673080309,-0.08065054280353917,-0.012306304935995344,0.09147785479672205,0.928,0.72
pooled,fit_B,38,xmeas_39,False,250,-0.0170266759682638,-0.017970694249468257,-0.08900767627334667,-0.04822242142817067,-0.01693781216655372,0.148,0.0
pooled,fit_B,39,xmeas_40,False,250,-0.018800381091824626,-0.019527851948827873,-0.08695206625837382,-0.05239965447322582,-0.015832006853526003,0.136,0.0
pooled,fit_B,40,xmeas_41,False,250,-0.011993754044523663,-0.013097334198428979,-0.07839929173021057,-0.05012806938394575,-0.010790394369714719,0.256,0.0
pooled,fit_B,41,xmv_1,True,250,0.5382507045085021,0.5375168754365813,0.4309256879030676,0.49073297058305065,0.5394618310062635,1.0,1.0
pooled,fit_B,42,xmv_2,True,250,0.4706599092241186,0.47028254898906335,0.3521043541980942,0.4295098594617653,0.47086190282409657,1.0,1.0
pooled,fit_B,43,xmv_3,True,250,0.9665952332309882,0.9664666017017562,0.9436456783302367,0.9592289411619759,0.96612997836074,1.0,1.0
pooled,fit_B,44,xmv_4,True,250,0.1779085975381591,0.17691774941783153,0.06412093409164298,0.10921699161789844,0.17663904152499044,1.0,1.0
pooled,fit_B,45,xmv_5,True,250,0.6839322717854369,0.68302084194144,0.6051294940859632,0.6421267171244087,0.6845883987651951,1.0,1.0
pooled,fit_B,46,xmv_6,True,250,0.8358938982579357,0.8347116922028309,0.7858692516137884,0.8078576400760893,0.8354251150438365,1.0,1.0
pooled,fit_B,47,xmv_7,True,250,0.9766537807705996,0.9765606724000545,0.9707479027786589,0.9742019865982671,0.9766133604697329,1.0,1.0
pooled,fit_B,48,xmv_8,True,250,0.9868086530753422,0.9867605073363399,0.9834197231996508,0.9855771010765972,0.986793681538896,1.0,1.0
pooled,fit_B,49,xmv_9,True,250,0.14341155796143348,0.14165798292626355,0.01035775272855525,0.07700005090022705,0.1424052213432937,1.0,0.976
pooled,fit_B,50,xmv_10,True,250,0.5318820927165858,0.5304449148965048,0.404165820982396,0.4781337222318601,0.5314989985006889,1.0,1.0
pooled,fit_B,51,xmv_11,True,250,0.9977827119874921,0.9977817376861671,0.9975009139283398,0.9976439936998222,0.9977790253121829,1.0,1.0
