target,channel,cross_A_es,cross_A_gain,cross_A_positive_blocks,pooled_A_es,pooled_A_gain,pooled_A_positive_blocks,cross_B_es,cross_B_gain,cross_B_positive_blocks,pooled_B_es,pooled_B_gain,pooled_B_positive_blocks,qualified,failure_reasons
0,xmeas_1,0.5223357096968275,0.9708502004184507,1.0,0.5223357096968275,0.9738164392886751,1.0,0.5263267857063915,0.9752275109796926,1.0,0.5263267857063915,0.9738413668339034,1.0,True,
1,xmeas_2,0.9062590554539147,0.5162068559094938,1.0,0.9062590554539147,0.5237102803462201,1.0,0.8925951009479427,0.5130582629786593,1.0,0.8925951009479427,0.5188850166352541,1.0,True,
2,xmeas_3,0.8068727542021126,0.47287305054256734,1.0,0.8068727542021126,0.48259817960262624,1.0,0.8005801496332793,0.474100559157011,1.0,0.8005801496332793,0.48402796298954176,1.0,True,
3,xmeas_4,0.8922985006303752,0.27891220482653517,0.9874545454545455,0.8922985006303752,0.2963285215458675,0.9958181818181818,0.8926627137749134,0.27746009856617887,0.988909090909091,0.8926627137749134,0.2966499382369099,0.9943636363636363,True,
4,xmeas_5,0.9998650680330865,0.31142290729529315,0.9992727272727273,0.9998650680330865,0.3320784713146503,0.9996363636363637,1.0065045412082403,0.3144122128849423,0.9990909090909091,1.0065045412082403,0.33273581920429113,0.9996363636363637,True,
5,xmeas_6,1.0037613320401642,0.024313607066578948,0.637090909090909,1.0037613320401642,0.0482708676526663,0.7789090909090909,1.003200414657854,0.031347341756973776,0.6838181818181818,1.003200414657854,0.04902579800891637,0.7792727272727272,False,cross_A:gain;pooled_A:gain;cross_B:gain;pooled_B:gain
6,xmeas_7,0.08101727239635088,0.7492785723704446,1.0,0.08101727239635088,0.7559430291631066,1.0,0.08063391987917594,0.755995153519632,1.0,0.08063391987917594,0.7534511656672891,1.0,True,
7,xmeas_8,1.046255497199192,0.07357133169367654,0.752,1.046255497199192,0.08807405984622202,0.818,1.0522007273837877,0.06943212849518207,0.7363636363636363,1.0522007273837877,0.09330928986256687,0.8314545454545454,True,
8,xmeas_9,0.9853610016625529,0.5215220190409245,0.9998181818181818,0.9853610016625529,0.5308548874068684,0.9998181818181818,0.9798865849473841,0.5275185999947681,1.0,0.9798865849473841,0.5335393307630766,1.0,True,
9,xmeas_10,0.6616846761880156,0.8651027234528968,1.0,0.6616846761880156,0.8663883423475847,1.0,0.6571653287918116,0.8614571060018664,1.0,0.6571653287918116,0.865358014162035,1.0,True,
10,xmeas_11,0.40161367798876185,0.893137023974929,1.0,0.40161367798876185,0.8968946062708197,1.0,0.40158042613040795,0.895588414217901,1.0,0.40158042613040795,0.8981446235708768,1.0,True,
11,xmeas_12,1.0165235114503788,0.9841929020862443,1.0,1.0165235114503788,0.9842669568019866,1.0,1.0099102187995233,0.984124434597116,1.0,1.0099102187995233,0.9842657606123858,1.0,True,
12,xmeas_13,0.0999518268526312,0.6974722767553401,1.0,0.0999518268526312,0.6965508087596705,1.0,0.10031074695745207,0.6921380681357016,1.0,0.10031074695745207,0.6958372907920584,1.0,True,
13,xmeas_14,1.0086399864497695,-0.01834277260539497,0.37945454545454543,1.0086399864497695,0.004580120718322355,0.5492727272727272,1.011545916762944,-0.01947375269462466,0.37581818181818183,1.011545916762944,0.003421801560481886,0.5278181818181819,False,cross_A:gain;cross_A:positive_blocks;pooled_A:gain;pooled_A:positive_blocks;cross_B:gain;cross_B:positive_blocks;pooled_B:gain;pooled_B:positive_blocks
14,xmeas_15,1.0245693738298156,0.9677985209180071,1.0,1.0245693738298156,0.9733646024417927,1.0,1.0202909708672414,0.9781920018443915,1.0,1.0202909708672414,0.9731867528117781,1.0,True,
15,xmeas_16,0.16226461923890947,0.4284058834596089,1.0,0.16226461923890947,0.425436723254383,1.0,0.16188734295580853,0.4214089377652006,1.0,0.16188734295580853,0.42771773859759443,1.0,True,
16,xmeas_17,1.0071753192027646,0.9910451752005303,1.0,1.0071753192027646,0.9910385668979168,1.0,1.0091396909790882,0.990300665128458,1.0,1.0091396909790882,0.9910740904928312,1.0,True,
17,xmeas_18,0.03568115577727828,0.3131402351274439,0.9958181818181818,0.03568115577727828,0.3194722501581693,0.9965454545454545,0.03681707082020892,0.3075232410492664,0.9952727272727273,0.03681707082020892,0.30997729147130737,0.9956363636363637,True,
18,xmeas_19,0.17122084779043445,0.10586802237169528,0.8518181818181818,0.17122084779043445,0.10329273803442209,0.8505454545454545,0.17246587476974573,0.08870134975708448,0.8129090909090909,0.17246587476974573,0.09466276451056702,0.8241818181818181,True,
19,xmeas_20,0.06062902419809261,0.4654179012880221,0.9998181818181818,0.06062902419809261,0.47106519201693353,1.0,0.061228173665823366,0.4546673296174372,0.9998181818181818,0.061228173665823366,0.4697802794273707,1.0,True,
20,xmeas_21,0.8458017806348028,0.8113006095130137,1.0,0.8458017806348028,0.8148619658390392,1.0,0.8475234813384802,0.8111487050483086,1.0,0.8475234813384802,0.8154988536023636,1.0,True,
21,xmeas_22,0.9659195339051422,0.6089578367249373,1.0,0.9659195339051422,0.6199772025834697,1.0,0.9650452851344151,0.6118249214851247,1.0,0.9650452851344151,0.6194474790901224,1.0,True,
22,xmeas_23,0.6156939548287222,0.22212429960073166,0.982909090909091,0.6156939548287222,0.24409744050668694,0.9961818181818182,0.6215864035114913,0.23337288498235345,0.9912727272727273,0.6215864035114913,0.2476035875763816,0.9945454545454545,True,
23,xmeas_24,0.7197003587964325,-0.019409398404329477,0.3769090909090909,0.7197003587964325,0.002636680531151305,0.5134545454545455,0.7184396811120222,-0.020499535389096244,0.3709090909090909,0.7184396811120222,0.004669993112770652,0.5296363636363637,False,cross_A:gain;cross_A:positive_blocks;pooled_A:gain;pooled_A:positive_blocks;cross_B:gain;cross_B:positive_blocks;pooled_B:gain;pooled_B:positive_blocks
24,xmeas_25,0.5289126403460297,0.04576252867449886,0.7085454545454546,0.5289126403460297,0.06747403615852915,0.8403636363636363,0.5296621939671188,0.05089308711175627,0.7310909090909091,0.5296621939671188,0.06734689510045667,0.8385454545454546,False,cross_A:gain
25,xmeas_26,0.7785720918724923,0.21928875587652405,0.9676363636363636,0.7785720918724923,0.2287803279501493,0.9781818181818182,0.7615978554266473,0.19539274697597395,0.9418181818181818,0.7615978554266473,0.2137508726862543,0.9669090909090909,True,
26,xmeas_27,0.6041288060936894,0.22510446422774988,0.9847272727272727,0.6041288060936894,0.24383201650625516,0.9914545454545455,0.6000937051292765,0.22310484287877927,0.9778181818181818,0.6000937051292765,0.24325517176848493,0.9921818181818182,True,
27,xmeas_28,0.768308276242177,-0.030231070363076554,0.31345454545454543,0.768308276242177,-0.00388888013210309,0.4612727272727273,0.7608016946500016,-0.025629577286824676,0.3410909090909091,0.7608016946500016,-0.003292108259526085,0.46236363636363637,False,cross_A:gain;cross_A:positive_blocks;pooled_A:gain;pooled_A:positive_blocks;cross_B:gain;cross_B:positive_blocks;pooled_B:gain;pooled_B:positive_blocks
28,xmeas_29,0.46877740135754514,0.08280660293410581,0.8516363636363636,0.46877740135754514,0.0955491344498008,0.8969090909090909,0.4662418529556784,0.07587985498556275,0.792,0.4662418529556784,0.0978169265692187,0.9009090909090909,True,
29,xmeas_30,0.6808183720447863,0.19319038793716406,0.9712727272727273,0.6808183720447863,0.21099904189494312,0.9865454545454545,0.6761581130960979,0.1889619413635754,0.9658181818181818,0.6761581130960979,0.21010601423652198,0.9850909090909091,True,
30,xmeas_31,0.47934003843184975,0.07697248666503775,0.6950909090909091,0.47934003843184975,0.08497678385444382,0.7185454545454546,0.48362792045724573,0.05798741826202478,0.6452727272727272,0.48362792045724573,0.07930606738147479,0.7105454545454546,True,
31,xmeas_32,0.7529435610417001,-0.027174030576528528,0.33236363636363636,0.7529435610417001,-0.007191455337555962,0.44,0.7519001386152139,-0.028798995622277397,0.31036363636363634,0.7519001386152139,-0.0079017026474505,0.42618181818181816,False,cross_A:gain;cross_A:positive_blocks;pooled_A:gain;pooled_A:positive_blocks;cross_B:gain;cross_B:positive_blocks;pooled_B:gain;pooled_B:positive_blocks
32,xmeas_33,0.4766750651625884,0.07128344382824685,0.8363636363636363,0.4766750651625884,0.08738902494872054,0.9103636363636364,0.4781120434155203,0.06648960994849813,0.8156363636363636,0.4781120434155203,0.08916856400969081,0.9183636363636364,True,
33,xmeas_34,0.7313620084504879,-0.008525851806122087,0.4505454545454545,0.7313620084504879,0.01502068742076484,0.5792727272727273,0.7391310885614587,-0.008313575297258475,0.4349090909090909,0.7391310885614587,0.013743050019721228,0.5789090909090909,False,cross_A:gain;cross_A:positive_blocks;pooled_A:gain;pooled_A:positive_blocks;cross_B:gain;cross_B:positive_blocks;pooled_B:gain;pooled_B:positive_blocks
34,xmeas_35,0.5944017539037447,0.11388744101093713,0.818,0.5944017539037447,0.13146609967280828,0.864,0.5865539623958264,0.11138356872527337,0.8043636363636364,0.5865539623958264,0.1346900688100073,0.8727272727272727,True,
35,xmeas_36,0.7156573129667123,0.012327412361451661,0.5627272727272727,0.7156573129667123,0.03416156891246973,0.6827272727272727,0.7196861389712231,0.013702368670075777,0.5516363636363636,0.7196861389712231,0.03735931434896093,0.7036363636363636,False,cross_A:gain;cross_A:positive_blocks;pooled_A:gain;cross_B:gain;cross_B:positive_blocks;pooled_B:gain
36,xmeas_37,0.35355788351638534,-0.044249533057011306,0.22418181818181818,0.35355788351638534,-0.016496915274977868,0.334,0.35301257367756667,-0.035730957164364203,0.25763636363636366,0.35301257367756667,-0.01530793190139524,0.3396363636363636,False,cross_A:gain;cross_A:positive_blocks;pooled_A:gain;pooled_A:positive_blocks;cross_B:gain;cross_B:positive_blocks;pooled_B:gain;pooled_B:positive_blocks
37,xmeas_38,0.20247229217518276,0.05331299315261321,0.626,0.20247229217518276,0.08340014834947236,0.7056363636363636,0.20311101768123122,0.07969029302549067,0.7014545454545454,0.20311101768123122,0.08792359338855767,0.7205454545454546,True,
38,xmeas_39,0.34595136372380225,-0.03257183622774592,0.24654545454545454,0.34595136372380225,-0.014780474050571856,0.3490909090909091,0.3488914889567279,-0.0397277510948855,0.23654545454545456,0.3488914889567279,-0.0170266759682638,0.32527272727272727,False,cross_A:gain;cross_A:positive_blocks;pooled_A:gain;pooled_A:positive_blocks;cross_B:gain;cross_B:positive_blocks;pooled_B:gain;pooled_B:positive_blocks
39,xmeas_40,0.34894952681225333,-0.048007335674246546,0.2270909090909091,0.34894952681225333,-0.02052807307242318,0.318,0.34467394693839093,-0.0407539406614336,0.226,0.34467394693839093,-0.01880038109182464,0.3310909090909091,False,cross_A:gain;cross_A:positive_blocks;pooled_A:gain;pooled_A:positive_blocks;cross_B:gain;cross_B:positive_blocks;pooled_B:gain;pooled_B:positive_blocks
40,xmeas_41,0.3932076662122443,-0.030352761329279707,0.30054545454545456,0.3932076662122443,-0.011922710658261152,0.3978181818181818,0.39371946898770155,-0.028566020257005335,0.33254545454545453,0.39371946898770155,-0.011993754044523667,0.39127272727272727,False,cross_A:gain;cross_A:positive_blocks;pooled_A:gain;pooled_A:positive_blocks;cross_B:gain;cross_B:positive_blocks;pooled_B:gain;pooled_B:positive_blocks
41,xmv_1,0.8611992944571114,0.5311375143006588,1.0,0.8611992944571114,0.5430414185063867,1.0,0.8501800490984077,0.5294353014420545,1.0,0.8501800490984077,0.5382507045085024,1.0,True,
42,xmv_2,0.8227030215346484,0.4672126205362458,1.0,0.8227030215346484,0.47273709060326935,1.0,0.8222054299000183,0.4534917112652658,1.0,0.8222054299000183,0.47065990922411877,1.0,True,
43,xmv_3,0.524658326896291,0.9679812254952628,1.0,0.524658326896291,0.9662510358764714,1.0,0.5286290380136104,0.9634094542737228,1.0,0.5286290380136104,0.9665952332309884,1.0,True,
44,xmv_4,0.9999529576519275,0.16068712662006324,0.9287272727272727,0.9999529576519275,0.17936373654995416,0.9610909090909091,1.0037648118192353,0.15366004420260343,0.9185454545454546,1.0037648118192353,0.1779085975381591,0.9563636363636364,True,
45,xmv_5,0.3041924786569819,0.6763744369047892,1.0,0.3041924786569819,0.681449304860223,1.0,0.3071599929334856,0.6795853974911372,1.0,0.3071599929334856,0.6839322717854376,1.0,True,
46,xmv_6,0.6657280339618021,0.8363082046869806,1.0,0.6657280339618021,0.8374520079870186,1.0,0.6587450707040724,0.8329165199321384,1.0,0.6587450707040724,0.8358938982579363,1.0,True,
47,xmv_7,1.0224155213636656,0.9761186984659599,1.0,1.0224155213636656,0.9767814844791949,1.0,1.0169638437616138,0.9770309159831042,1.0,1.0169638437616138,0.9766537807705982,1.0,True,
48,xmv_8,1.0186330633971126,0.9897299455016149,1.0,1.0186330633971126,0.9868746065566005,1.0,1.0131467360755824,0.9833113060600984,1.0,1.0131467360755824,0.9868086530753425,1.0,True,
49,xmv_9,0.026966992421130636,0.1422779548563207,0.9021818181818182,0.026966992421130636,0.14662420168761353,0.9229090909090909,0.027047923813623465,0.141406489180143,0.9185454545454546,0.027047923813623465,0.14341155796143343,0.9134545454545454,True,
50,xmv_10,0.9665408391300031,0.5195940662994403,1.0,0.9665408391300031,0.5276287535345165,1.0,0.9717918487701225,0.5218318811260109,0.9998181818181818,0.9717918487701225,0.5318820927165859,1.0,True,
51,xmv_11,0.9983156015702018,0.9967404309603595,1.0,0.9983156015702018,0.9977876495269842,1.0,1.0022761381380312,0.9977865369115635,1.0,1.0022761381380312,0.9977827119874915,1.0,True,
