file,alpha,reference,common_clean_points,d_fpr,b_fpr,d_only_alarm_seconds,b_only_alarm_seconds,shared_alarm_seconds
test1.csv,0.005,S_Q3,84867,0.0,0.0,0,0,0
test1.csv,0.005,Jr_Q3,84867,0.0,0.0,0,0,0
test1.csv,0.005,PairError-Q3,84867,0.0,0.0,0,0,0
test1.csv,0.005,PCA-SPE,84867,0.0,0.0,0,0,0
test1.csv,0.005,GCAD-prediction_s10,84867,0.0,0.0025098094665771146,0,213,0
test1.csv,0.005,GCAD-dependency_s10,84867,0.0,0.0016967725971225565,0,144,0
test1.csv,0.005,GCAD-prediction_s11,84867,0.0,0.0028868700437154607,0,245,0
test1.csv,0.005,GCAD-dependency_s11,84867,0.0,0.006881355532774813,0,584,0
test1.csv,0.005,GCAD-prediction_s12,84867,0.0,0.0021916646046166353,0,186,0
test1.csv,0.005,GCAD-dependency_s12,84867,0.0,0.0017321220262292763,0,147,0
test2.csv,0.005,S_Q3,78461,0.013012834401804719,0.0,1021,0,0
test2.csv,0.005,Jr_Q3,78461,0.013012834401804719,0.0,1021,0,0
test2.csv,0.005,PairError-Q3,78461,0.013012834401804719,0.0,1021,0,0
test2.csv,0.005,PCA-SPE,78461,0.013012834401804719,0.0,1021,0,0
test2.csv,0.005,GCAD-prediction_s10,78461,0.013012834401804719,0.005569646066198494,1021,437,0
test2.csv,0.005,GCAD-dependency_s10,78461,0.013012834401804719,0.00303335415046966,1021,238,0
test2.csv,0.005,GCAD-prediction_s11,78461,0.013012834401804719,0.001529422260741005,1021,120,0
test2.csv,0.005,GCAD-dependency_s11,78461,0.013012834401804719,0.005773569034297294,1021,453,0
test2.csv,0.005,GCAD-prediction_s12,78461,0.013012834401804719,0.004881406048865041,1021,383,0
test2.csv,0.005,GCAD-dependency_s12,78461,0.013012834401804719,0.0034539452721734365,1021,271,0
test3.csv,0.005,S_Q3,57668,0.0,0.0,0,0,0
test3.csv,0.005,Jr_Q3,57668,0.0,0.0,0,0,0
test3.csv,0.005,PairError-Q3,57668,0.0,0.0,0,0,0
test3.csv,0.005,PCA-SPE,57668,0.0,0.0,0,0,0
test3.csv,0.005,GCAD-prediction_s10,57668,0.0,0.003849621974058403,0,222,0
test3.csv,0.005,GCAD-dependency_s10,57668,0.0,0.002774502323645696,0,160,0
test3.csv,0.005,GCAD-prediction_s11,57668,0.0,0.003173337032669765,0,183,0
test3.csv,0.005,GCAD-dependency_s11,57668,0.0,0.0033294027883748354,0,192,0
test3.csv,0.005,GCAD-prediction_s12,57668,0.0,0.004352500520219186,0,251,0
test3.csv,0.005,GCAD-dependency_s12,57668,0.0,0.0022369424984393423,0,129,0
test4.csv,0.005,S_Q3,123152,0.0008282447706898792,0.0,102,0,0
test4.csv,0.005,Jr_Q3,123152,0.0008282447706898792,0.0,102,0,0
test4.csv,0.005,PairError-Q3,123152,0.0008282447706898792,0.0,102,0,0
test4.csv,0.005,PCA-SPE,123152,0.0008282447706898792,0.0,102,0,0
test4.csv,0.005,GCAD-prediction_s10,123152,0.0008282447706898792,0.0036783811874756397,102,453,0
test4.csv,0.005,GCAD-dependency_s10,123152,0.0008282447706898792,0.0012910874366636352,102,159,0
test4.csv,0.005,GCAD-prediction_s11,123152,0.0008282447706898792,0.0034266597375600884,102,422,0
test4.csv,0.005,GCAD-dependency_s11,123152,0.0008282447706898792,0.004246784461478498,102,523,0
test4.csv,0.005,GCAD-prediction_s12,123152,0.0008282447706898792,0.003507860205274782,102,432,0
test4.csv,0.005,GCAD-dependency_s12,123152,0.0008282447706898792,0.0021030921138105755,102,259,0
train2.csv,0.005,S_Q3,201519,0.0,0.3056287496464353,0,61590,0
train2.csv,0.005,Jr_Q3,201519,0.0,0.4615445689984567,0,93010,0
train2.csv,0.005,PairError-Q3,201519,0.0,0.4583190666885008,0,92360,0
train2.csv,0.005,PCA-SPE,201519,0.0,0.07284176678129606,0,14679,0
train2.csv,0.005,GCAD-prediction_s10,201519,0.0,0.006267399103806589,0,1263,0
train2.csv,0.005,GCAD-dependency_s10,201519,0.0,0.0033842962698306363,0,682,0
train2.csv,0.005,GCAD-prediction_s11,201519,0.0,0.004644723326336474,0,936,0
train2.csv,0.005,GCAD-dependency_s11,201519,0.0,0.005140954450945072,0,1036,0
train2.csv,0.005,GCAD-prediction_s12,201519,0.0,0.0056719217542762716,0,1143,0
train2.csv,0.005,GCAD-dependency_s12,201519,0.0,0.0038011304145018584,0,766,0
train6.csv,0.005,S_Q3,259119,0.0,0.0,0,0,0
train6.csv,0.005,Jr_Q3,259119,0.0,0.0,0,0,0
train6.csv,0.005,PairError-Q3,259119,0.0,0.0,0,0,0
train6.csv,0.005,PCA-SPE,259119,0.0,0.028021874119612995,0,7261,0
train6.csv,0.005,GCAD-prediction_s10,259119,0.0,0.006282827581149973,0,1628,0
train6.csv,0.005,GCAD-dependency_s10,259119,0.0,0.004596343764833918,0,1191,0
train6.csv,0.005,GCAD-prediction_s11,259119,0.0,0.0036006622439882833,0,933,0
train6.csv,0.005,GCAD-dependency_s11,259119,0.0,0.0070623921827422925,0,1830,0
train6.csv,0.005,GCAD-prediction_s12,259119,0.0,0.006788386802974695,0,1759,0
train6.csv,0.005,GCAD-dependency_s12,259119,0.0,0.004719839147264385,0,1223,0
test1.csv,0.01,S_Q3,84867,0.0,0.0,0,0,0
test1.csv,0.01,Jr_Q3,84867,0.0,0.0,0,0,0
test1.csv,0.01,PairError-Q3,84867,0.0,0.0,0,0,0
test1.csv,0.01,PCA-SPE,84867,0.0,0.0,0,0,0
test1.csv,0.01,GCAD-prediction_s10,84867,0.0,0.0076826092591937975,0,652,0
test1.csv,0.01,GCAD-dependency_s10,84867,0.0,0.0032285811917470864,0,274,0
test1.csv,0.01,GCAD-prediction_s11,84867,0.0,0.013409216774482426,0,1138,0
test1.csv,0.01,GCAD-dependency_s11,84867,0.0,0.007847573261691825,0,666,0
test1.csv,0.01,GCAD-prediction_s12,84867,0.0,0.0023919780362213817,0,203,0
test1.csv,0.01,GCAD-dependency_s12,84867,0.0,0.002474460037470395,0,210,0
test2.csv,0.01,S_Q3,78461,0.029441378519264347,0.0,2310,0,0
test2.csv,0.01,Jr_Q3,78461,0.029441378519264347,0.0,2310,0,0
test2.csv,0.01,PairError-Q3,78461,0.029441378519264347,0.0,2310,0,0
test2.csv,0.01,PCA-SPE,78461,0.029441378519264347,0.0,2310,0,0
test2.csv,0.01,GCAD-prediction_s10,78461,0.029441378519264347,0.009202023935458381,2310,722,0
test2.csv,0.01,GCAD-dependency_s10,78461,0.029441378519264347,0.007749072787754426,2310,608,0
test2.csv,0.01,GCAD-prediction_s11,78461,0.029441378519264347,0.009138298007927505,2310,717,0
test2.csv,0.01,GCAD-dependency_s11,78461,0.029441378519264347,0.008717706886223728,2305,679,5
test2.csv,0.01,GCAD-prediction_s12,78461,0.029441378519264347,0.007252010553013599,2310,569,0
test2.csv,0.01,GCAD-dependency_s12,78461,0.029441378519264347,0.006831419431309823,2301,527,9
test3.csv,0.01,S_Q3,57668,0.0001213844766594992,0.0,7,0,0
test3.csv,0.01,Jr_Q3,57668,0.0001213844766594992,0.0,7,0,0
test3.csv,0.01,PairError-Q3,57668,0.0001213844766594992,0.0,7,0,0
test3.csv,0.01,PCA-SPE,57668,0.0001213844766594992,0.0,7,0,0
test3.csv,0.01,GCAD-prediction_s10,57668,0.0001213844766594992,0.006034542553929389,7,348,0
test3.csv,0.01,GCAD-dependency_s10,57668,0.0001213844766594992,0.00489006034542554,7,282,0
test3.csv,0.01,GCAD-prediction_s11,57668,0.0001213844766594992,0.01154886592217521,7,666,0
test3.csv,0.01,GCAD-dependency_s11,57668,0.0001213844766594992,0.00898245127280294,7,518,0
test3.csv,0.01,GCAD-prediction_s12,57668,0.0001213844766594992,0.005566345286814178,7,321,0
test3.csv,0.01,GCAD-dependency_s12,57668,0.0001213844766594992,0.004179094124991329,7,241,0
test4.csv,0.01,S_Q3,123152,0.004133103806677927,0.0,509,0,0
test4.csv,0.01,Jr_Q3,123152,0.004133103806677927,0.0,509,0,0
test4.csv,0.01,PairError-Q3,123152,0.004133103806677927,0.0,509,0,0
test4.csv,0.01,PCA-SPE,123152,0.004133103806677927,0.0,509,0,0
test4.csv,0.01,GCAD-prediction_s10,123152,0.004133103806677927,0.009013251916331039,486,1087,23
test4.csv,0.01,GCAD-dependency_s10,123152,0.004133103806677927,0.004685266987137846,509,577,0
test4.csv,0.01,GCAD-prediction_s11,123152,0.004133103806677927,0.011246264778485124,486,1362,23
test4.csv,0.01,GCAD-dependency_s11,123152,0.004133103806677927,0.006455437183318176,496,782,13
test4.csv,0.01,GCAD-prediction_s12,123152,0.004133103806677927,0.0042711446017929065,496,513,13
test4.csv,0.01,GCAD-dependency_s12,123152,0.004133103806677927,0.004263024555021437,496,512,13
train2.csv,0.01,S_Q3,201519,0.0,0.5717872756415028,0,115226,0
train2.csv,0.01,Jr_Q3,201519,0.0,0.47498250785285756,0,95718,0
train2.csv,0.01,PairError-Q3,201519,0.0,0.4716130985167652,0,95039,0
train2.csv,0.01,PCA-SPE,201519,0.0,0.07284176678129606,0,14679,0
train2.csv,0.01,GCAD-prediction_s10,201519,0.0,0.009229898917719918,0,1860,0
train2.csv,0.01,GCAD-dependency_s10,201519,0.0,0.0061234920776700955,0,1234,0
train2.csv,0.01,GCAD-prediction_s11,201519,0.0,0.012410740426461028,0,2501,0
train2.csv,0.01,GCAD-dependency_s11,201519,0.0,0.009914697869679781,0,1998,0
train2.csv,0.01,GCAD-prediction_s12,201519,0.0,0.008267210535979237,0,1666,0
train2.csv,0.01,GCAD-dependency_s12,201519,0.0,0.0078206025238315,0,1576,0
train6.csv,0.01,S_Q3,259119,0.0,0.0,0,0,0
train6.csv,0.01,Jr_Q3,259119,0.0,0.0,0,0,0
train6.csv,0.01,PairError-Q3,259119,0.0,0.0,0,0,0
train6.csv,0.01,PCA-SPE,259119,0.0,0.02802573335031395,0,7262,0
train6.csv,0.01,GCAD-prediction_s10,259119,0.0,0.010551136736402966,0,2734,0
train6.csv,0.01,GCAD-dependency_s10,259119,0.0,0.009281449835789733,0,2405,0
train6.csv,0.01,GCAD-prediction_s11,259119,0.0,0.01132298287659338,0,2934,0
train6.csv,0.01,GCAD-dependency_s11,259119,0.0,0.009026740609526896,0,2339,0
train6.csv,0.01,GCAD-prediction_s12,259119,0.0,0.009868052902334449,0,2557,0
train6.csv,0.01,GCAD-dependency_s12,259119,0.0,0.009636499060277325,0,2497,0
test1.csv,0.02,S_Q3,84867,0.0,0.0,0,0,0
test1.csv,0.02,Jr_Q3,84867,0.0,0.0,0,0,0
test1.csv,0.02,PairError-Q3,84867,0.0,0.0,0,0,0
test1.csv,0.02,PCA-SPE,84867,0.0,0.0,0,0,0
test1.csv,0.02,GCAD-prediction_s10,84867,0.0,0.1275878727891878,0,10828,0
test1.csv,0.02,GCAD-dependency_s10,84867,0.0,0.006716391530276786,0,570,0
test1.csv,0.02,GCAD-prediction_s11,84867,0.0,0.016908810256047697,0,1435,0
test1.csv,0.02,GCAD-dependency_s11,84867,0.0,0.014045506498403384,0,1192,0
test1.csv,0.02,GCAD-prediction_s12,84867,0.0,0.010545913016838111,0,895,0
test1.csv,0.02,GCAD-dependency_s12,84867,0.0,0.006681042101170066,0,567,0
test2.csv,0.02,S_Q3,78461,0.05862785332840519,0.0,4600,0,0
test2.csv,0.02,Jr_Q3,78461,0.05862785332840519,0.0,4600,0,0
test2.csv,0.02,PairError-Q3,78461,0.05862785332840519,0.0,4600,0,0
test2.csv,0.02,PCA-SPE,78461,0.05862785332840519,0.0,4600,0,0
test2.csv,0.02,GCAD-prediction_s10,78461,0.05862785332840519,0.04477383668319292,4542,3455,58
test2.csv,0.02,GCAD-dependency_s10,78461,0.05862785332840519,0.014669708517607474,4437,988,163
test2.csv,0.02,GCAD-prediction_s11,78461,0.05862785332840519,0.03954831062566116,4554,3057,46
test2.csv,0.02,GCAD-dependency_s11,78461,0.05862785332840519,0.019678566421534264,4406,1350,194
test2.csv,0.02,GCAD-prediction_s12,78461,0.05862785332840519,0.013293228482940568,4585,1028,15
test2.csv,0.02,GCAD-dependency_s12,78461,0.05862785332840519,0.017932476007188284,4434,1241,166
test3.csv,0.02,S_Q3,57668,0.002306305056530485,0.0,133,0,0
test3.csv,0.02,Jr_Q3,57668,0.002306305056530485,0.0,133,0,0
test3.csv,0.02,PairError-Q3,57668,0.002306305056530485,0.0,133,0,0
test3.csv,0.02,PCA-SPE,57668,0.002306305056530485,0.0,133,0,0
test3.csv,0.02,GCAD-prediction_s10,57668,0.002306305056530485,0.0453977942706527,133,2618,0
test3.csv,0.02,GCAD-dependency_s10,57668,0.002306305056530485,0.008271485052368731,133,477,0
test3.csv,0.02,GCAD-prediction_s11,57668,0.002306305056530485,0.05082541444128459,133,2931,0
test3.csv,0.02,GCAD-dependency_s11,57668,0.002306305056530485,0.014080599292501907,133,812,0
test3.csv,0.02,GCAD-prediction_s12,57668,0.002306305056530485,0.011756953596448638,133,678,0
test3.csv,0.02,GCAD-dependency_s12,57668,0.002306305056530485,0.007785947145730734,133,449,0
test4.csv,0.02,S_Q3,123152,0.02083604001559049,0.0,2566,0,0
test4.csv,0.02,Jr_Q3,123152,0.02083604001559049,0.0,2566,0,0
test4.csv,0.02,PairError-Q3,123152,0.02083604001559049,0.0,2566,0,0
test4.csv,0.02,PCA-SPE,123152,0.02083604001559049,0.0,2566,0,0
test4.csv,0.02,GCAD-prediction_s10,123152,0.02083604001559049,0.04803007665324152,2430,5779,136
test4.csv,0.02,GCAD-dependency_s10,123152,0.02083604001559049,0.007811484994153566,2515,911,51
test4.csv,0.02,GCAD-prediction_s11,123152,0.02083604001559049,0.02739703780693777,2419,3227,147
test4.csv,0.02,GCAD-dependency_s11,123152,0.02083604001559049,0.013787839417955047,2462,1594,104
test4.csv,0.02,GCAD-prediction_s12,123152,0.02083604001559049,0.010182538651422633,2504,1192,62
test4.csv,0.02,GCAD-dependency_s12,123152,0.02083604001559049,0.005781473301286215,2512,658,54
train2.csv,0.02,S_Q3,201519,0.000213379383581697,0.6030399118693522,0,121481,43
train2.csv,0.02,Jr_Q3,201519,0.000213379383581697,0.510502731752341,0,102833,43
train2.csv,0.02,PairError-Q3,201519,0.000213379383581697,0.5060912370545705,0,101944,43
train2.csv,0.02,PCA-SPE,201519,0.000213379383581697,0.07284176678129606,43,14679,0
train2.csv,0.02,GCAD-prediction_s10,201519,0.000213379383581697,0.06420734521310646,43,12939,0
train2.csv,0.02,GCAD-dependency_s10,201519,0.000213379383581697,0.012862310749854852,43,2592,0
train2.csv,0.02,GCAD-prediction_s11,201519,0.000213379383581697,0.017065388375289675,43,3439,0
train2.csv,0.02,GCAD-dependency_s11,201519,0.000213379383581697,0.022285739806172124,43,4491,0
train2.csv,0.02,GCAD-prediction_s12,201519,0.000213379383581697,0.013487561966861685,43,2718,0
train2.csv,0.02,GCAD-dependency_s12,201519,0.000213379383581697,0.015487373399034334,43,3121,0
train6.csv,0.02,S_Q3,259119,0.0,0.0,0,0,0
train6.csv,0.02,Jr_Q3,259119,0.0,0.0,0,0,0
train6.csv,0.02,PairError-Q3,259119,0.0,0.0,0,0,0
train6.csv,0.02,PCA-SPE,259119,0.0,0.028029592581014902,0,7263,0
train6.csv,0.02,GCAD-prediction_s10,259119,0.0,0.01713884354292815,0,4441,0
train6.csv,0.02,GCAD-dependency_s10,259119,0.0,0.012253057475522829,0,3175,0
train6.csv,0.02,GCAD-prediction_s11,259119,0.0,0.015386752804695912,0,3987,0
train6.csv,0.02,GCAD-dependency_s11,259119,0.0,0.013773594371697945,0,3569,0
train6.csv,0.02,GCAD-prediction_s12,259119,0.0,0.014865756660067382,0,3852,0
train6.csv,0.02,GCAD-dependency_s12,259119,0.0,0.014406508206654086,0,3733,0
