group,alpha,reference,gained,lost,shared,neither
development,0.005,S_Q3,4,0,4,16
development,0.005,Jr_Q3,4,0,4,16
development,0.005,PairError-Q3,4,0,4,16
development,0.005,PCA-SPE,1,3,7,13
development,0.005,GCAD-prediction_s10,2,1,6,15
development,0.005,GCAD-dependency_s10,2,2,6,14
development,0.005,GCAD-prediction_s11,3,0,5,16
development,0.005,GCAD-dependency_s11,2,0,6,16
development,0.005,GCAD-prediction_s12,1,1,7,15
development,0.005,GCAD-dependency_s12,1,0,7,16
development,0.005,reference_union_diagnostic_NOT_OR_system,0,5,8,11
confirmation_cohort_posthoc,0.005,S_Q3,3,0,0,31
confirmation_cohort_posthoc,0.005,Jr_Q3,3,0,0,31
confirmation_cohort_posthoc,0.005,PairError-Q3,3,0,0,31
confirmation_cohort_posthoc,0.005,PCA-SPE,2,9,1,22
confirmation_cohort_posthoc,0.005,GCAD-prediction_s10,1,4,2,27
confirmation_cohort_posthoc,0.005,GCAD-dependency_s10,1,6,2,25
confirmation_cohort_posthoc,0.005,GCAD-prediction_s11,1,2,2,29
confirmation_cohort_posthoc,0.005,GCAD-dependency_s11,1,4,2,27
confirmation_cohort_posthoc,0.005,GCAD-prediction_s12,1,3,2,28
confirmation_cohort_posthoc,0.005,GCAD-dependency_s12,1,3,2,28
confirmation_cohort_posthoc,0.005,reference_union_diagnostic_NOT_OR_system,0,15,3,16
test1.csv,0.005,S_Q3,0,0,0,7
test1.csv,0.005,Jr_Q3,0,0,0,7
test1.csv,0.005,PairError-Q3,0,0,0,7
test1.csv,0.005,PCA-SPE,0,1,0,6
test1.csv,0.005,GCAD-prediction_s10,0,1,0,6
test1.csv,0.005,GCAD-dependency_s10,0,2,0,5
test1.csv,0.005,GCAD-prediction_s11,0,1,0,6
test1.csv,0.005,GCAD-dependency_s11,0,1,0,6
test1.csv,0.005,GCAD-prediction_s12,0,1,0,6
test1.csv,0.005,GCAD-dependency_s12,0,1,0,6
test1.csv,0.005,reference_union_diagnostic_NOT_OR_system,0,3,0,4
test2.csv,0.005,S_Q3,0,0,0,17
test2.csv,0.005,Jr_Q3,0,0,0,17
test2.csv,0.005,PairError-Q3,0,0,0,17
test2.csv,0.005,PCA-SPE,0,6,0,11
test2.csv,0.005,GCAD-prediction_s10,0,2,0,15
test2.csv,0.005,GCAD-dependency_s10,0,2,0,15
test2.csv,0.005,GCAD-prediction_s11,0,0,0,17
test2.csv,0.005,GCAD-dependency_s11,0,2,0,15
test2.csv,0.005,GCAD-prediction_s12,0,1,0,16
test2.csv,0.005,GCAD-dependency_s12,0,1,0,16
test2.csv,0.005,reference_union_diagnostic_NOT_OR_system,0,8,0,9
test3.csv,0.005,S_Q3,3,0,0,7
test3.csv,0.005,Jr_Q3,3,0,0,7
test3.csv,0.005,PairError-Q3,3,0,0,7
test3.csv,0.005,PCA-SPE,2,2,1,5
test3.csv,0.005,GCAD-prediction_s10,1,1,2,6
test3.csv,0.005,GCAD-dependency_s10,1,2,2,5
test3.csv,0.005,GCAD-prediction_s11,1,1,2,6
test3.csv,0.005,GCAD-dependency_s11,1,1,2,6
test3.csv,0.005,GCAD-prediction_s12,1,1,2,6
test3.csv,0.005,GCAD-dependency_s12,1,1,2,6
test3.csv,0.005,reference_union_diagnostic_NOT_OR_system,0,4,3,3
test4.csv,0.005,S_Q3,4,0,4,16
test4.csv,0.005,Jr_Q3,4,0,4,16
test4.csv,0.005,PairError-Q3,4,0,4,16
test4.csv,0.005,PCA-SPE,1,3,7,13
test4.csv,0.005,GCAD-prediction_s10,2,1,6,15
test4.csv,0.005,GCAD-dependency_s10,2,2,6,14
test4.csv,0.005,GCAD-prediction_s11,3,0,5,16
test4.csv,0.005,GCAD-dependency_s11,2,0,6,16
test4.csv,0.005,GCAD-prediction_s12,1,1,7,15
test4.csv,0.005,GCAD-dependency_s12,1,0,7,16
test4.csv,0.005,reference_union_diagnostic_NOT_OR_system,0,5,8,11
development,0.01,S_Q3,6,0,4,14
development,0.01,Jr_Q3,6,0,4,14
development,0.01,PairError-Q3,6,0,4,14
development,0.01,PCA-SPE,3,3,7,11
development,0.01,GCAD-prediction_s10,3,1,7,13
development,0.01,GCAD-dependency_s10,2,3,8,11
development,0.01,GCAD-prediction_s11,3,2,7,12
development,0.01,GCAD-dependency_s11,3,1,7,13
development,0.01,GCAD-prediction_s12,3,1,7,13
development,0.01,GCAD-dependency_s12,2,2,8,12
development,0.01,reference_union_diagnostic_NOT_OR_system,1,6,9,8
confirmation_cohort_posthoc,0.01,S_Q3,4,0,0,30
confirmation_cohort_posthoc,0.01,Jr_Q3,4,0,0,30
confirmation_cohort_posthoc,0.01,PairError-Q3,4,0,0,30
confirmation_cohort_posthoc,0.01,PCA-SPE,2,8,2,22
confirmation_cohort_posthoc,0.01,GCAD-prediction_s10,2,4,2,26
confirmation_cohort_posthoc,0.01,GCAD-dependency_s10,2,9,2,21
confirmation_cohort_posthoc,0.01,GCAD-prediction_s11,2,9,2,21
confirmation_cohort_posthoc,0.01,GCAD-dependency_s11,2,7,2,23
confirmation_cohort_posthoc,0.01,GCAD-prediction_s12,2,4,2,26
confirmation_cohort_posthoc,0.01,GCAD-dependency_s12,2,9,2,21
confirmation_cohort_posthoc,0.01,reference_union_diagnostic_NOT_OR_system,0,19,4,11
test1.csv,0.01,S_Q3,0,0,0,7
test1.csv,0.01,Jr_Q3,0,0,0,7
test1.csv,0.01,PairError-Q3,0,0,0,7
test1.csv,0.01,PCA-SPE,0,1,0,6
test1.csv,0.01,GCAD-prediction_s10,0,1,0,6
test1.csv,0.01,GCAD-dependency_s10,0,3,0,4
test1.csv,0.01,GCAD-prediction_s11,0,2,0,5
test1.csv,0.01,GCAD-dependency_s11,0,2,0,5
test1.csv,0.01,GCAD-prediction_s12,0,1,0,6
test1.csv,0.01,GCAD-dependency_s12,0,3,0,4
test1.csv,0.01,reference_union_diagnostic_NOT_OR_system,0,4,0,3
test2.csv,0.01,S_Q3,1,0,0,16
test2.csv,0.01,Jr_Q3,1,0,0,16
test2.csv,0.01,PairError-Q3,1,0,0,16
test2.csv,0.01,PCA-SPE,0,5,1,11
test2.csv,0.01,GCAD-prediction_s10,1,2,0,14
test2.csv,0.01,GCAD-dependency_s10,1,3,0,13
test2.csv,0.01,GCAD-prediction_s11,1,4,0,12
test2.csv,0.01,GCAD-dependency_s11,1,3,0,13
test2.csv,0.01,GCAD-prediction_s12,1,2,0,14
test2.csv,0.01,GCAD-dependency_s12,1,3,0,13
test2.csv,0.01,reference_union_diagnostic_NOT_OR_system,0,10,1,6
test3.csv,0.01,S_Q3,3,0,0,7
test3.csv,0.01,Jr_Q3,3,0,0,7
test3.csv,0.01,PairError-Q3,3,0,0,7
test3.csv,0.01,PCA-SPE,2,2,1,5
test3.csv,0.01,GCAD-prediction_s10,1,1,2,6
test3.csv,0.01,GCAD-dependency_s10,1,3,2,4
test3.csv,0.01,GCAD-prediction_s11,1,3,2,4
test3.csv,0.01,GCAD-dependency_s11,1,2,2,5
test3.csv,0.01,GCAD-prediction_s12,1,1,2,6
test3.csv,0.01,GCAD-dependency_s12,1,3,2,4
test3.csv,0.01,reference_union_diagnostic_NOT_OR_system,0,5,3,2
test4.csv,0.01,S_Q3,6,0,4,14
test4.csv,0.01,Jr_Q3,6,0,4,14
test4.csv,0.01,PairError-Q3,6,0,4,14
test4.csv,0.01,PCA-SPE,3,3,7,11
test4.csv,0.01,GCAD-prediction_s10,3,1,7,13
test4.csv,0.01,GCAD-dependency_s10,2,3,8,11
test4.csv,0.01,GCAD-prediction_s11,3,2,7,12
test4.csv,0.01,GCAD-dependency_s11,3,1,7,13
test4.csv,0.01,GCAD-prediction_s12,3,1,7,13
test4.csv,0.01,GCAD-dependency_s12,2,2,8,12
test4.csv,0.01,reference_union_diagnostic_NOT_OR_system,1,6,9,8
development,0.02,S_Q3,6,0,4,14
development,0.02,Jr_Q3,6,0,4,14
development,0.02,PairError-Q3,6,0,4,14
development,0.02,PCA-SPE,3,3,7,11
development,0.02,GCAD-prediction_s10,3,2,7,12
development,0.02,GCAD-dependency_s10,1,4,9,10
development,0.02,GCAD-prediction_s11,3,5,7,9
development,0.02,GCAD-dependency_s11,2,4,8,10
development,0.02,GCAD-prediction_s12,2,1,8,13
development,0.02,GCAD-dependency_s12,1,4,9,10
development,0.02,reference_union_diagnostic_NOT_OR_system,1,8,9,6
confirmation_cohort_posthoc,0.02,S_Q3,6,0,0,28
confirmation_cohort_posthoc,0.02,Jr_Q3,6,0,0,28
confirmation_cohort_posthoc,0.02,PairError-Q3,6,0,0,28
confirmation_cohort_posthoc,0.02,PCA-SPE,4,8,2,20
confirmation_cohort_posthoc,0.02,GCAD-prediction_s10,2,5,4,23
confirmation_cohort_posthoc,0.02,GCAD-dependency_s10,2,11,4,17
confirmation_cohort_posthoc,0.02,GCAD-prediction_s11,1,8,5,20
confirmation_cohort_posthoc,0.02,GCAD-dependency_s11,1,9,5,19
confirmation_cohort_posthoc,0.02,GCAD-prediction_s12,3,5,3,23
confirmation_cohort_posthoc,0.02,GCAD-dependency_s12,2,11,4,17
confirmation_cohort_posthoc,0.02,reference_union_diagnostic_NOT_OR_system,0,21,6,7
test1.csv,0.02,S_Q3,0,0,0,7
test1.csv,0.02,Jr_Q3,0,0,0,7
test1.csv,0.02,PairError-Q3,0,0,0,7
test1.csv,0.02,PCA-SPE,0,1,0,6
test1.csv,0.02,GCAD-prediction_s10,0,3,0,4
test1.csv,0.02,GCAD-dependency_s10,0,3,0,4
test1.csv,0.02,GCAD-prediction_s11,0,3,0,4
test1.csv,0.02,GCAD-dependency_s11,0,3,0,4
test1.csv,0.02,GCAD-prediction_s12,0,2,0,5
test1.csv,0.02,GCAD-dependency_s12,0,3,0,4
test1.csv,0.02,reference_union_diagnostic_NOT_OR_system,0,6,0,1
test2.csv,0.02,S_Q3,3,0,0,14
test2.csv,0.02,Jr_Q3,3,0,0,14
test2.csv,0.02,PairError-Q3,3,0,0,14
test2.csv,0.02,PCA-SPE,2,5,1,9
test2.csv,0.02,GCAD-prediction_s10,1,1,2,13
test2.csv,0.02,GCAD-dependency_s10,1,4,2,10
test2.csv,0.02,GCAD-prediction_s11,1,3,2,11
test2.csv,0.02,GCAD-dependency_s11,0,2,3,12
test2.csv,0.02,GCAD-prediction_s12,2,1,1,13
test2.csv,0.02,GCAD-dependency_s12,1,4,2,10
test2.csv,0.02,reference_union_diagnostic_NOT_OR_system,0,10,3,4
test3.csv,0.02,S_Q3,3,0,0,7
test3.csv,0.02,Jr_Q3,3,0,0,7
test3.csv,0.02,PairError-Q3,3,0,0,7
test3.csv,0.02,PCA-SPE,2,2,1,5
test3.csv,0.02,GCAD-prediction_s10,1,1,2,6
test3.csv,0.02,GCAD-dependency_s10,1,4,2,3
test3.csv,0.02,GCAD-prediction_s11,0,2,3,5
test3.csv,0.02,GCAD-dependency_s11,1,4,2,3
test3.csv,0.02,GCAD-prediction_s12,1,2,2,5
test3.csv,0.02,GCAD-dependency_s12,1,4,2,3
test3.csv,0.02,reference_union_diagnostic_NOT_OR_system,0,5,3,2
test4.csv,0.02,S_Q3,6,0,4,14
test4.csv,0.02,Jr_Q3,6,0,4,14
test4.csv,0.02,PairError-Q3,6,0,4,14
test4.csv,0.02,PCA-SPE,3,3,7,11
test4.csv,0.02,GCAD-prediction_s10,3,2,7,12
test4.csv,0.02,GCAD-dependency_s10,1,4,9,10
test4.csv,0.02,GCAD-prediction_s11,3,5,7,9
test4.csv,0.02,GCAD-dependency_s11,2,4,8,10
test4.csv,0.02,GCAD-prediction_s12,2,1,8,13
test4.csv,0.02,GCAD-dependency_s12,1,4,9,10
test4.csv,0.02,reference_union_diagnostic_NOT_OR_system,1,8,9,6
