group,method,alpha,events,detected,recall,macro_recall,missed,detected_median_delay,detected_max_delay,mean_capped_delay,mean_normalized_capped_delay,pooled_clean_fpr,macro_clean_fpr,worst_clean_fpr
development,S_Q3,0.005,24,4,0.16666666666666666,0.16666666666666666,20,38.0,44,175.91666666666666,0.904964314036479,0.0,0.0,0.0
development,Jr_Q3,0.005,24,4,0.16666666666666666,0.16666666666666666,20,38.0,44,175.91666666666666,0.904964314036479,0.0,0.0,0.0
development,Dr_Q3,0.005,24,8,0.3333333333333333,0.3333333333333333,16,43.0,90,142.625,0.7947314089593602,0.0008282447706898792,0.0008282447706898792,0.0008282447706898792
development,PairError-Q3,0.005,24,4,0.16666666666666666,0.16666666666666666,20,38.0,44,175.91666666666666,0.904964314036479,0.0,0.0,0.0
development,PCA-SPE,0.005,24,10,0.4166666666666667,0.4166666666666667,14,31.0,43,149.08333333333334,0.6980882469007881,0.0,0.0,0.0
development,GCAD-prediction_s10,0.005,24,7,0.2916666666666667,0.2916666666666667,17,38.0,114,138.375,0.7992623632217507,0.0036701856157890897,0.0036701856157890897,0.0036701856157890897
development,GCAD-dependency_s10,0.005,24,8,0.3333333333333333,0.3333333333333333,16,39.5,113,137.95833333333334,0.7948772888340647,0.0012882108452769653,0.0012882108452769653,0.0012882108452769653
development,GCAD-prediction_s11,0.005,24,5,0.20833333333333334,0.20833333333333334,19,33.0,44,174.5,0.8685348929421094,0.0034190250107350903,0.0034190250107350903,0.0034190250107350903
development,GCAD-dependency_s11,0.005,24,6,0.25,0.25,18,34.5,44,147.875,0.8280253694949006,0.004237322465911024,0.004237322465911024,0.004237322465911024
development,GCAD-prediction_s12,0.005,24,8,0.3333333333333333,0.3333333333333333,16,40.5,115,134.375,0.7739370649372687,0.0035000445607525094,0.0035000445607525094,0.0035000445607525094
development,GCAD-dependency_s12,0.005,24,7,0.2916666666666667,0.2916666666666667,17,36.0,56,143.79166666666666,0.801510217979749,0.0020984063454511574,0.0020984063454511574,0.0020984063454511574
confirmation_cohort_posthoc,S_Q3,0.005,34,0,0.0,0.0,34,,,223.73529411764707,1.0,0.0,0.0,0.0
confirmation_cohort_posthoc,Jr_Q3,0.005,34,0,0.0,0.0,34,,,223.73529411764707,1.0,0.0,0.0,0.0
confirmation_cohort_posthoc,Dr_Q3,0.005,34,3,0.08823529411764706,0.09999999999999999,31,135.0,147,152.38235294117646,0.9354600440913924,0.004619993122047458,0.00433761146726824,0.013012834401804719
confirmation_cohort_posthoc,PairError-Q3,0.005,34,0,0.0,0.0,34,,,223.73529411764707,1.0,0.0,0.0,0.0
confirmation_cohort_posthoc,PCA-SPE,0.005,34,10,0.29411764705882354,0.26526610644257703,24,24.5,81,130.2941176470588,0.7695552942115456,0.0,0.0,0.0
confirmation_cohort_posthoc,GCAD-prediction_s10,0.005,34,6,0.17647058823529413,0.18683473389355743,28,59.0,83,186.58823529411765,0.8637612556377021,0.003938519351589636,0.003968132475338159,0.005555626183907754
confirmation_cohort_posthoc,GCAD-dependency_s10,0.005,34,8,0.23529411764705882,0.26778711484593837,26,53.5,83,185.23529411764707,0.8476409137540423,0.0024480246428458512,0.00249647553999123,0.0030257186081694403
confirmation_cohort_posthoc,GCAD-prediction_s11,0.005,34,4,0.11764705882352941,0.14761904761904762,30,108.0,118,200.02941176470588,0.9190782072525614,0.002475124546641193,0.002525381577220718,0.0031666926231635776
confirmation_cohort_posthoc,GCAD-dependency_s11,0.005,34,6,0.17647058823529413,0.18683473389355743,28,57.0,83,185.61764705882354,0.8574002720428123,0.005550963627412456,0.0053185649916973506,0.006874227532222941
confirmation_cohort_posthoc,GCAD-prediction_s12,0.005,34,5,0.14705882352941177,0.1672268907563025,29,84.0,103,191.23529411764707,0.8898392322311567,0.0037036535186966753,0.0038006333785359863,0.004869118600541578
confirmation_cohort_posthoc,GCAD-dependency_s12,0.005,34,5,0.14705882352941177,0.1672268907563025,29,76.0,83,189.7941176470588,0.8848770522285708,0.002470607896008636,0.00246927919173289,0.0034452510202265473
test1.csv,S_Q3,0.005,7,0,0.0,0.0,7,,,126.42857142857143,1.0,0.0,0.0,0.0
test1.csv,Jr_Q3,0.005,7,0,0.0,0.0,7,,,126.42857142857143,1.0,0.0,0.0,0.0
test1.csv,Dr_Q3,0.005,7,0,0.0,0.0,7,,,126.42857142857143,1.0,0.0,0.0,0.0
test1.csv,PairError-Q3,0.005,7,0,0.0,0.0,7,,,126.42857142857143,1.0,0.0,0.0,0.0
test1.csv,PCA-SPE,0.005,7,1,0.14285714285714285,0.14285714285714285,6,25.0,25,122.14285714285714,0.9220779220779222,0.0,0.0,0.0
test1.csv,GCAD-prediction_s10,0.005,7,1,0.14285714285714285,0.14285714285714285,6,83.0,83,95.85714285714286,0.897065897065897,0.0025072096992525454,0.0025072096992525454,0.0025072096992525454
test1.csv,GCAD-dependency_s10,0.005,7,2,0.2857142857142857,0.2857142857142857,5,64.0,83,94.42857142857143,0.8710918710918711,0.0016950150079453829,0.0016950150079453829,0.0016950150079453829
test1.csv,GCAD-prediction_s11,0.005,7,1,0.14285714285714285,0.14285714285714285,6,105.0,105,99.0,0.9076479076479077,0.002883879701018186,0.002883879701018186,0.002883879701018186
test1.csv,GCAD-dependency_s11,0.005,7,1,0.14285714285714285,0.14285714285714285,6,83.0,83,95.85714285714286,0.897065897065897,0.006874227532222941,0.006874227532222941,0.006874227532222941
test1.csv,GCAD-prediction_s12,0.005,7,1,0.14285714285714285,0.14285714285714285,6,103.0,103,98.71428571428571,0.9066859066859067,0.002189394385262786,0.002189394385262786,0.002189394385262786
test1.csv,GCAD-dependency_s12,0.005,7,1,0.14285714285714285,0.14285714285714285,6,83.0,83,95.85714285714286,0.897065897065897,0.0017303278206109117,0.0017303278206109117,0.0017303278206109117
test2.csv,S_Q3,0.005,17,0,0.0,0.0,17,,,169.47058823529412,1.0,0.0,0.0,0.0
test2.csv,Jr_Q3,0.005,17,0,0.0,0.0,17,,,169.47058823529412,1.0,0.0,0.0,0.0
test2.csv,Dr_Q3,0.005,17,0,0.0,0.0,17,,,169.47058823529412,1.0,0.013012834401804719,0.013012834401804719,0.013012834401804719
test2.csv,PairError-Q3,0.005,17,0,0.0,0.0,17,,,169.47058823529412,1.0,0.0,0.0,0.0
test2.csv,PCA-SPE,0.005,17,6,0.35294117647058826,0.35294117647058826,11,24.0,81,112.82352941176471,0.7197778966287625,0.0,0.0,0.0
test2.csv,GCAD-prediction_s10,0.005,17,2,0.11764705882352941,0.11764705882352941,15,59.0,76,150.7058823529412,0.9142930856553148,0.005555626183907754,0.005555626183907754,0.005555626183907754
test2.csv,GCAD-dependency_s10,0.005,17,2,0.11764705882352941,0.11764705882352941,15,58.0,76,150.58823529411765,0.9135190918472652,0.0030257186081694403,0.0030257186081694403,0.0030257186081694403
test2.csv,GCAD-prediction_s11,0.005,17,0,0.0,0.0,17,,,169.47058823529412,1.0,0.0015255724074803901,0.0015255724074803901,0.0015255724074803901
test2.csv,GCAD-dependency_s11,0.005,17,2,0.11764705882352941,0.11764705882352941,15,43.0,76,148.8235294117647,0.9019091847265223,0.005759035838238473,0.005759035838238473,0.005759035838238473
test2.csv,GCAD-prediction_s12,0.005,17,1,0.058823529411764705,0.058823529411764705,16,84.0,84,157.64705882352942,0.9585139318885448,0.004869118600541578,0.004869118600541578,0.004869118600541578
test2.csv,GCAD-dependency_s12,0.005,17,1,0.058823529411764705,0.058823529411764705,16,76.0,76,157.1764705882353,0.9568627450980391,0.0034452510202265473,0.0034452510202265473,0.0034452510202265473
test3.csv,S_Q3,0.005,10,0,0.0,0.0,10,,,384.1,1.0,0.0,0.0,0.0
test3.csv,Jr_Q3,0.005,10,0,0.0,0.0,10,,,384.1,1.0,0.0,0.0,0.0
test3.csv,Dr_Q3,0.005,10,3,0.3,0.3,7,135.0,147,141.5,0.7805641499107341,0.0,0.0,0.0
test3.csv,PairError-Q3,0.005,10,0,0.0,0.0,10,,,384.1,1.0,0.0,0.0,0.0
test3.csv,PCA-SPE,0.005,10,3,0.3,0.3,7,24.0,29,165.7,0.7474110305958133,0.0,0.0,0.0
test3.csv,GCAD-prediction_s10,0.005,10,3,0.3,0.3,7,38.0,83,311.1,0.7545438956080244,0.0038415615428541764,0.0038415615428541764,0.0038415615428541764
test3.csv,GCAD-dependency_s10,0.005,10,4,0.4,0.4,6,50.0,83,307.7,0.719232340859083,0.002768693003858866,0.002768693003858866,0.002768693003858866
test3.csv,GCAD-prediction_s11,0.005,10,3,0.3,0.3,7,111.0,118,322.7,0.7895123693051731,0.0031666926231635776,0.0031666926231635776,0.0031666926231635776
test3.csv,GCAD-dependency_s11,0.005,10,3,0.3,0.3,7,38.0,83,311.0,0.7539691829643462,0.003322431604630639,0.003322431604630639,0.003322431604630639
test3.csv,GCAD-prediction_s12,0.005,10,3,0.3,0.3,7,40.0,99,313.1,0.7612995706952719,0.0043433871498035955,0.0043433871498035955,0.0043433871498035955
test3.csv,GCAD-dependency_s12,0.005,10,3,0.3,0.3,7,38.0,83,311.0,0.7539691829643462,0.0022322587343612107,0.0022322587343612107,0.0022322587343612107
test4.csv,S_Q3,0.005,24,4,0.16666666666666666,0.16666666666666666,20,38.0,44,175.91666666666666,0.904964314036479,0.0,0.0,0.0
test4.csv,Jr_Q3,0.005,24,4,0.16666666666666666,0.16666666666666666,20,38.0,44,175.91666666666666,0.904964314036479,0.0,0.0,0.0
test4.csv,Dr_Q3,0.005,24,8,0.3333333333333333,0.3333333333333333,16,43.0,90,142.625,0.7947314089593602,0.0008282447706898792,0.0008282447706898792,0.0008282447706898792
test4.csv,PairError-Q3,0.005,24,4,0.16666666666666666,0.16666666666666666,20,38.0,44,175.91666666666666,0.904964314036479,0.0,0.0,0.0
test4.csv,PCA-SPE,0.005,24,10,0.4166666666666667,0.4166666666666667,14,31.0,43,149.08333333333334,0.6980882469007881,0.0,0.0,0.0
test4.csv,GCAD-prediction_s10,0.005,24,7,0.2916666666666667,0.2916666666666667,17,38.0,114,138.375,0.7992623632217507,0.0036701856157890897,0.0036701856157890897,0.0036701856157890897
test4.csv,GCAD-dependency_s10,0.005,24,8,0.3333333333333333,0.3333333333333333,16,39.5,113,137.95833333333334,0.7948772888340647,0.0012882108452769653,0.0012882108452769653,0.0012882108452769653
test4.csv,GCAD-prediction_s11,0.005,24,5,0.20833333333333334,0.20833333333333334,19,33.0,44,174.5,0.8685348929421094,0.0034190250107350903,0.0034190250107350903,0.0034190250107350903
test4.csv,GCAD-dependency_s11,0.005,24,6,0.25,0.25,18,34.5,44,147.875,0.8280253694949006,0.004237322465911024,0.004237322465911024,0.004237322465911024
test4.csv,GCAD-prediction_s12,0.005,24,8,0.3333333333333333,0.3333333333333333,16,40.5,115,134.375,0.7739370649372687,0.0035000445607525094,0.0035000445607525094,0.0035000445607525094
test4.csv,GCAD-dependency_s12,0.005,24,7,0.2916666666666667,0.2916666666666667,17,36.0,56,143.79166666666666,0.801510217979749,0.0020984063454511574,0.0020984063454511574,0.0020984063454511574
development,S_Q3,0.01,24,4,0.16666666666666666,0.16666666666666666,20,38.0,44,175.91666666666666,0.904964314036479,0.0,0.0,0.0
development,Jr_Q3,0.01,24,4,0.16666666666666666,0.16666666666666666,20,38.0,44,175.91666666666666,0.904964314036479,0.0,0.0,0.0
development,Dr_Q3,0.01,24,10,0.4166666666666667,0.4166666666666667,14,47.0,89,137.70833333333334,0.7585694291175499,0.004133103806677927,0.004133103806677927,0.004133103806677927
development,PairError-Q3,0.01,24,4,0.16666666666666666,0.16666666666666666,20,38.0,44,175.91666666666666,0.904964314036479,0.0,0.0,0.0
development,PCA-SPE,0.01,24,10,0.4166666666666667,0.4166666666666667,14,30.5,43,149.04166666666666,0.6978567654193065,0.0,0.0,0.0
development,GCAD-prediction_s10,0.01,24,8,0.3333333333333333,0.3333333333333333,16,39.5,113,134.20833333333334,0.7727726573544332,0.008993170051933532,0.008993170051933532,0.008993170051933532
development,GCAD-dependency_s10,0.01,24,11,0.4583333333333333,0.4583333333333333,13,36.0,543,128.75,0.7037228504462548,0.004674828036005088,0.004674828036005088,0.004674828036005088
development,GCAD-prediction_s11,0.01,24,9,0.375,0.375,15,40.0,60,123.83333333333333,0.7413878232964265,0.01122120767741256,0.01122120767741256,0.01122120767741256
development,GCAD-dependency_s11,0.01,24,8,0.3333333333333333,0.3333333333333333,16,32.5,44,142.58333333333334,0.7588847444949005,0.0064410542263848266,0.0064410542263848266,0.0064410542263848266
development,GCAD-prediction_s12,0.01,24,8,0.3333333333333333,0.3333333333333333,16,40.0,115,134.29166666666666,0.7736046821864884,0.00426162833091625,0.00426162833091625,0.00426162833091625
development,GCAD-dependency_s12,0.01,24,10,0.4166666666666667,0.4166666666666667,14,34.5,113,128.5,0.6998045375113136,0.004253526375914508,0.004253526375914508,0.004253526375914508
confirmation_cohort_posthoc,S_Q3,0.01,34,0,0.0,0.0,34,,,223.73529411764707,1.0,0.0,0.0,0.0
confirmation_cohort_posthoc,Jr_Q3,0.01,34,0,0.0,0.0,34,,,223.73529411764707,1.0,0.0,0.0,0.0
confirmation_cohort_posthoc,Dr_Q3,0.01,34,4,0.11764705882352941,0.11960784313725491,30,99.0,145,136.08823529411765,0.9088525385363652,0.01048435265796666,0.009854254331974616,0.029441378519264347
confirmation_cohort_posthoc,PairError-Q3,0.01,34,0,0.0,0.0,34,,,223.73529411764707,1.0,0.0,0.0,0.0
confirmation_cohort_posthoc,PCA-SPE,0.01,34,10,0.29411764705882354,0.26526610644257703,24,24.0,72,129.94117647058823,0.7683706450867578,0.0,0.0,0.0
confirmation_cohort_posthoc,GCAD-prediction_s10,0.01,34,6,0.17647058823529413,0.18683473389355743,28,57.0,83,185.7058823529412,0.8579807673988494,0.007777672389263018,0.0076251397403472145,0.00917886065167368
confirmation_cohort_posthoc,GCAD-dependency_s10,0.01,34,11,0.3235294117647059,0.36834733893557425,23,46.0,83,168.85294117647058,0.7522615952007476,0.005257381336296256,0.005278208391328952,0.0077295668645673095
confirmation_cohort_posthoc,GCAD-prediction_s11,0.01,34,11,0.3235294117647059,0.34033613445378147,23,41.0,348,179.7941176470588,0.7889950618181238,0.011386476244675998,0.011345102233682819,0.013395326937790594
confirmation_cohort_posthoc,GCAD-dependency_s11,0.01,34,9,0.2647058823529412,0.2873949579831933,25,38.0,83,178.38235294117646,0.7874642066792643,0.008437103381616328,0.008499616911459564,0.008963643599993078
confirmation_cohort_posthoc,GCAD-prediction_s12,0.01,34,6,0.17647058823529413,0.18683473389355743,28,57.5,85,185.85294117647058,0.8583969487941794,0.004936699141384715,0.005059315498276272,0.007233755832136183
confirmation_cohort_posthoc,GCAD-dependency_s12,0.01,34,11,0.3235294117647059,0.36834733893557425,23,40.0,83,168.7058823529412,0.751545751546109,0.004457934174333681,0.004485488047909503,0.006814223420079075
test1.csv,S_Q3,0.01,7,0,0.0,0.0,7,,,126.42857142857143,1.0,0.0,0.0,0.0
test1.csv,Jr_Q3,0.01,7,0,0.0,0.0,7,,,126.42857142857143,1.0,0.0,0.0,0.0
test1.csv,Dr_Q3,0.01,7,0,0.0,0.0,7,,,126.42857142857143,1.0,0.0,0.0,0.0
test1.csv,PairError-Q3,0.01,7,0,0.0,0.0,7,,,126.42857142857143,1.0,0.0,0.0,0.0
test1.csv,PCA-SPE,0.01,7,1,0.14285714285714285,0.14285714285714285,6,24.0,24,122.0,0.9194805194805195,0.0,0.0,0.0
test1.csv,GCAD-prediction_s10,0.01,7,1,0.14285714285714285,0.14285714285714285,6,83.0,83,95.85714285714286,0.897065897065897,0.007674651285974928,0.007674651285974928,0.007674651285974928
test1.csv,GCAD-dependency_s10,0.01,7,3,0.42857142857142855,0.42857142857142855,4,76.0,83,82.14285714285714,0.7228149511614078,0.003225236890118298,0.003225236890118298,0.003225236890118298
test1.csv,GCAD-prediction_s11,0.01,7,2,0.2857142857142857,0.2857142857142857,5,51.0,89,90.71428571428571,0.7908609908609908,0.013395326937790594,0.013395326937790594,0.013395326937790594
test1.csv,GCAD-dependency_s11,0.01,7,2,0.2857142857142857,0.2857142857142857,5,47.0,83,89.57142857142857,0.7827801827801828,0.007839444411747396,0.007839444411747396,0.007839444411747396
test1.csv,GCAD-prediction_s12,0.01,7,1,0.14285714285714285,0.14285714285714285,6,85.0,85,96.14285714285714,0.8980278980278981,0.002389500323700783,0.002389500323700783,0.002389500323700783
test1.csv,GCAD-dependency_s12,0.01,7,3,0.42857142857142855,0.42857142857142855,4,76.0,83,82.28571428571429,0.7254123537588104,0.002471896886587017,0.002471896886587017,0.002471896886587017
test2.csv,S_Q3,0.01,17,0,0.0,0.0,17,,,169.47058823529412,1.0,0.0,0.0,0.0
test2.csv,Jr_Q3,0.01,17,0,0.0,0.0,17,,,169.47058823529412,1.0,0.0,0.0,0.0
test2.csv,Dr_Q3,0.01,17,1,0.058823529411764705,0.058823529411764705,16,64.0,64,137.11764705882354,0.9473079133933704,0.029441378519264347,0.029441378519264347,0.029441378519264347
test2.csv,PairError-Q3,0.01,17,0,0.0,0.0,17,,,169.47058823529412,1.0,0.0,0.0,0.0
test2.csv,PCA-SPE,0.01,17,6,0.35294117647058826,0.35294117647058826,11,24.0,72,112.29411764705883,0.7189156624842903,0.0,0.0,0.0
test2.csv,GCAD-prediction_s10,0.01,17,2,0.11764705882352941,0.11764705882352941,15,44.5,76,149.0,0.9030701754385965,0.00917886065167368,0.00917886065167368,0.00917886065167368
test2.csv,GCAD-dependency_s10,0.01,17,3,0.17647058823529413,0.17647058823529413,14,46.0,75,141.64705882352942,0.8596643889570776,0.0077295668645673095,0.0077295668645673095,0.0077295668645673095
test2.csv,GCAD-prediction_s11,0.01,17,4,0.23529411764705882,0.23529411764705882,13,52.5,205,142.76470588235293,0.8502369314378818,0.00911529513469533,0.00911529513469533,0.00911529513469533
test2.csv,GCAD-dependency_s11,0.01,17,3,0.17647058823529413,0.17647058823529413,14,50.0,76,141.8235294117647,0.8604890663833269,0.008695762722638223,0.008695762722638223,0.008695762722638223
test2.csv,GCAD-prediction_s12,0.01,17,2,0.11764705882352941,0.11764705882352941,15,44.0,77,148.94117647058823,0.9025025799793601,0.007233755832136183,0.007233755832136183,0.007233755832136183
test2.csv,GCAD-dependency_s12,0.01,17,3,0.17647058823529413,0.17647058823529413,14,40.0,76,141.35294117647058,0.8577823779776627,0.006814223420079075,0.006814223420079075,0.006814223420079075
test3.csv,S_Q3,0.01,10,0,0.0,0.0,10,,,384.1,1.0,0.0,0.0,0.0
test3.csv,Jr_Q3,0.01,10,0,0.0,0.0,10,,,384.1,1.0,0.0,0.0,0.0
test3.csv,Dr_Q3,0.01,10,3,0.3,0.3,7,134.0,145,141.1,0.7796751782549116,0.0001213844766594992,0.0001213844766594992,0.0001213844766594992
test3.csv,PairError-Q3,0.01,10,0,0.0,0.0,10,,,384.1,1.0,0.0,0.0,0.0
test3.csv,PCA-SPE,0.01,10,3,0.3,0.3,7,24.0,28,165.5,0.7466672034353193,0.0,0.0,0.0
test3.csv,GCAD-prediction_s10,0.01,10,3,0.3,0.3,7,38.0,83,311.0,0.7539691829643462,0.006021907283393033,0.006021907283393033,0.006021907283393033
test3.csv,GCAD-dependency_s10,0.01,10,5,0.5,0.5,5,38.0,83,275.8,0.5902894966425244,0.004879821419301251,0.004879821419301251,0.004879821419301251
test3.csv,GCAD-prediction_s11,0.01,10,5,0.5,0.5,5,41.0,348,305.1,0.6835777331345282,0.011524684628562529,0.011524684628562529,0.011524684628562529
test3.csv,GCAD-dependency_s11,0.01,10,4,0.4,0.4,6,36.5,83,302.7,0.6666007619117146,0.008963643599993078,0.008963643599993078,0.008963643599993078
test3.csv,GCAD-prediction_s12,0.01,10,3,0.3,0.3,7,38.0,85,311.4,0.7556757113157693,0.0055546903389918495,0.0055546903389918495,0.0055546903389918495
test3.csv,GCAD-dependency_s12,0.01,10,5,0.5,0.5,5,38.0,83,275.7,0.5892368650635771,0.004170343837062417,0.004170343837062417,0.004170343837062417
test4.csv,S_Q3,0.01,24,4,0.16666666666666666,0.16666666666666666,20,38.0,44,175.91666666666666,0.904964314036479,0.0,0.0,0.0
test4.csv,Jr_Q3,0.01,24,4,0.16666666666666666,0.16666666666666666,20,38.0,44,175.91666666666666,0.904964314036479,0.0,0.0,0.0
test4.csv,Dr_Q3,0.01,24,10,0.4166666666666667,0.4166666666666667,14,47.0,89,137.70833333333334,0.7585694291175499,0.004133103806677927,0.004133103806677927,0.004133103806677927
test4.csv,PairError-Q3,0.01,24,4,0.16666666666666666,0.16666666666666666,20,38.0,44,175.91666666666666,0.904964314036479,0.0,0.0,0.0
test4.csv,PCA-SPE,0.01,24,10,0.4166666666666667,0.4166666666666667,14,30.5,43,149.04166666666666,0.6978567654193065,0.0,0.0,0.0
test4.csv,GCAD-prediction_s10,0.01,24,8,0.3333333333333333,0.3333333333333333,16,39.5,113,134.20833333333334,0.7727726573544332,0.008993170051933532,0.008993170051933532,0.008993170051933532
test4.csv,GCAD-dependency_s10,0.01,24,11,0.4583333333333333,0.4583333333333333,13,36.0,543,128.75,0.7037228504462548,0.004674828036005088,0.004674828036005088,0.004674828036005088
test4.csv,GCAD-prediction_s11,0.01,24,9,0.375,0.375,15,40.0,60,123.83333333333333,0.7413878232964265,0.01122120767741256,0.01122120767741256,0.01122120767741256
test4.csv,GCAD-dependency_s11,0.01,24,8,0.3333333333333333,0.3333333333333333,16,32.5,44,142.58333333333334,0.7588847444949005,0.0064410542263848266,0.0064410542263848266,0.0064410542263848266
test4.csv,GCAD-prediction_s12,0.01,24,8,0.3333333333333333,0.3333333333333333,16,40.0,115,134.29166666666666,0.7736046821864884,0.00426162833091625,0.00426162833091625,0.00426162833091625
test4.csv,GCAD-dependency_s12,0.01,24,10,0.4166666666666667,0.4166666666666667,14,34.5,113,128.5,0.6998045375113136,0.004253526375914508,0.004253526375914508,0.004253526375914508
development,S_Q3,0.02,24,4,0.16666666666666666,0.16666666666666666,20,38.0,44,175.91666666666666,0.904964314036479,0.0,0.0,0.0
development,Jr_Q3,0.02,24,4,0.16666666666666666,0.16666666666666666,20,38.0,44,175.91666666666666,0.904964314036479,0.0,0.0,0.0
development,Dr_Q3,0.02,24,10,0.4166666666666667,0.4166666666666667,14,43.0,87,133.79166666666666,0.7156291376514387,0.02083604001559049,0.02083604001559049,0.02083604001559049
development,PairError-Q3,0.02,24,4,0.16666666666666666,0.16666666666666666,20,38.0,44,175.91666666666666,0.904964314036479,0.0,0.0,0.0
development,PCA-SPE,0.02,24,10,0.4166666666666667,0.4166666666666667,14,30.5,43,148.95833333333334,0.6971592641965952,0.0,0.0,0.0
development,GCAD-prediction_s10,0.02,24,9,0.375,0.375,15,36.0,178,118.91666666666667,0.7291698478674912,0.04797167556531391,0.04797167556531391,0.04797167556531391
development,GCAD-dependency_s10,0.02,24,13,0.5416666666666666,0.5416666666666666,11,42.0,77,100.16666666666667,0.6169132633972322,0.007794080711675727,0.007794080711675727,0.007794080711675727
development,GCAD-prediction_s11,0.02,24,12,0.5,0.5,12,35.5,68,113.45833333333333,0.6455198440587756,0.027335996175877238,0.027335996175877238,0.027335996175877238
development,GCAD-dependency_s11,0.02,24,12,0.5,0.5,12,39.0,86,104.75,0.6456063832292905,0.01375711959295778,0.01375711959295778,0.01375711959295778
development,GCAD-prediction_s12,0.02,24,9,0.375,0.375,15,43.0,115,133.54166666666666,0.7618859321864884,0.010159851572184369,0.010159851572184369,0.010159851572184369
development,GCAD-dependency_s12,0.02,24,13,0.5416666666666666,0.5416666666666666,11,42.0,72,99.45833333333333,0.6093770396225856,0.005768591961240247,0.005768591961240247,0.005768591961240247
confirmation_cohort_posthoc,S_Q3,0.02,34,0,0.0,0.0,34,,,223.73529411764707,1.0,0.0,0.0,0.0
confirmation_cohort_posthoc,Jr_Q3,0.02,34,0,0.0,0.0,34,,,223.73529411764707,1.0,0.0,0.0,0.0
confirmation_cohort_posthoc,Dr_Q3,0.02,34,6,0.17647058823529413,0.1588235294117647,28,91.5,186,128.14705882352942,0.8707545311863908,0.02141667722492715,0.020311386128311893,0.05862785332840519
confirmation_cohort_posthoc,PairError-Q3,0.02,34,0,0.0,0.0,34,,,223.73529411764707,1.0,0.0,0.0,0.0
confirmation_cohort_posthoc,PCA-SPE,0.02,34,10,0.29411764705882354,0.26526610644257703,24,23.5,69,129.8235294117647,0.7679072463013833,0.0,0.0,0.0
confirmation_cohort_posthoc,GCAD-prediction_s10,0.02,34,9,0.2647058823529412,0.30168067226890755,25,35.0,540,176.08823529411765,0.7949342641806498,0.07659787807753282,0.07247319445069259,0.12745571184744864
confirmation_cohort_posthoc,GCAD-dependency_s10,0.02,34,15,0.4411764705882353,0.46050420168067224,19,51.0,138,158.7058823529412,0.6898216098460388,0.009927598090360113,0.009865460810873597,0.014632782008416074
confirmation_cohort_posthoc,GCAD-prediction_s11,0.02,34,13,0.38235294117647056,0.4075630252100841,21,67.0,947,142.41176470588235,0.7497594176820739,0.03378454673152577,0.03573296477674456,0.0507189949644396
confirmation_cohort_posthoc,GCAD-dependency_s11,0.02,34,14,0.4117647058823529,0.44089635854341735,20,44.0,552,160.6764705882353,0.7027912172650778,0.016025076444311954,0.01590370206775607,0.019629031642914352
confirmation_cohort_posthoc,GCAD-prediction_s12,0.02,34,8,0.23529411764705882,0.26778711484593837,26,41.5,85,183.7941176470588,0.8330233415427032,0.011815558054768905,0.011842364185806142,0.013259766841683724
confirmation_cohort_posthoc,GCAD-dependency_s12,0.02,34,15,0.4411764705882353,0.46050420168067224,19,58.0,90,157.52941176470588,0.6873143456834745,0.01094384448268542,0.010777034271190486,0.01788733647770757
test1.csv,S_Q3,0.02,7,0,0.0,0.0,7,,,126.42857142857143,1.0,0.0,0.0,0.0
test1.csv,Jr_Q3,0.02,7,0,0.0,0.0,7,,,126.42857142857143,1.0,0.0,0.0,0.0
test1.csv,Dr_Q3,0.02,7,0,0.0,0.0,7,,,126.42857142857143,1.0,0.0,0.0,0.0
test1.csv,PairError-Q3,0.02,7,0,0.0,0.0,7,,,126.42857142857143,1.0,0.0,0.0,0.0
test1.csv,PCA-SPE,0.02,7,1,0.14285714285714285,0.14285714285714285,6,24.0,24,122.0,0.9194805194805195,0.0,0.0,0.0
test1.csv,GCAD-prediction_s10,0.02,7,3,0.42857142857142855,0.42857142857142855,4,16.0,83,70.42857142857143,0.6460899161223386,0.12745571184744864,0.12745571184744864,0.12745571184744864
test1.csv,GCAD-dependency_s10,0.02,7,3,0.42857142857142855,0.42857142857142855,4,64.0,72,78.71428571428571,0.7014282305620888,0.006709434406450474,0.006709434406450474,0.006709434406450474
test1.csv,GCAD-prediction_s11,0.02,7,3,0.42857142857142855,0.42857142857142855,4,67.0,88,86.57142857142857,0.743767906811385,0.016891295391677948,0.016891295391677948,0.016891295391677948
test1.csv,GCAD-dependency_s11,0.02,7,3,0.42857142857142855,0.42857142857142855,4,69.0,82,80.57142857142857,0.706667727140168,0.014030957565770113,0.014030957565770113,0.014030957565770113
test1.csv,GCAD-prediction_s12,0.02,7,2,0.2857142857142857,0.2857142857142857,5,60.5,84,93.42857142857143,0.8507936507936508,0.010534989111882762,0.010534989111882762,0.010534989111882762
test1.csv,GCAD-dependency_s12,0.02,7,3,0.42857142857142855,0.42857142857142855,4,63.0,82,79.85714285714286,0.7025159733821151,0.006674121593784945,0.006674121593784945,0.006674121593784945
test2.csv,S_Q3,0.02,17,0,0.0,0.0,17,,,169.47058823529412,1.0,0.0,0.0,0.0
test2.csv,Jr_Q3,0.02,17,0,0.0,0.0,17,,,169.47058823529412,1.0,0.0,0.0,0.0
test2.csv,Dr_Q3,0.02,17,3,0.17647058823529413,0.17647058823529413,14,52.0,186,121.47058823529412,0.8717742570223346,0.05862785332840519,0.05862785332840519,0.05862785332840519
test2.csv,PairError-Q3,0.02,17,0,0.0,0.0,17,,,169.47058823529412,1.0,0.0,0.0,0.0
test2.csv,PCA-SPE,0.02,17,6,0.35294117647058826,0.35294117647058826,11,24.0,69,112.11764705882354,0.7186282511027996,0.0,0.0,0.0
test2.csv,GCAD-prediction_s10,0.02,17,3,0.17647058823529413,0.17647058823529413,14,12.0,540,140.23529411764707,0.8803202199789568,0.04466113222898842,0.04466113222898842,0.04466113222898842
test2.csv,GCAD-dependency_s10,0.02,17,6,0.35294117647058826,0.35294117647058826,11,50.5,138,129.8235294117647,0.7842202557786017,0.014632782008416074,0.014632782008416074,0.014632782008416074
test2.csv,GCAD-prediction_s11,0.02,17,5,0.29411764705882354,0.29411764705882354,12,11.0,553,126.47058823529412,0.7885310580200846,0.03958860397411612,0.03958860397411612,0.03958860397411612
test2.csv,GCAD-dependency_s11,0.02,17,5,0.29411764705882354,0.29411764705882354,12,34.0,552,133.2941176470588,0.8104366615154561,0.019629031642914352,0.019629031642914352,0.019629031642914352
test2.csv,GCAD-prediction_s12,0.02,17,2,0.11764705882352941,0.11764705882352941,15,44.0,77,148.94117647058823,0.9025025799793601,0.013259766841683724,0.013259766841683724,0.013259766841683724
test2.csv,GCAD-dependency_s12,0.02,17,6,0.35294117647058826,0.35294117647058826,11,60.0,90,127.58823529411765,0.7823044055515977,0.01788733647770757,0.01788733647770757,0.01788733647770757
test3.csv,S_Q3,0.02,10,0,0.0,0.0,10,,,384.1,1.0,0.0,0.0,0.0
test3.csv,Jr_Q3,0.02,10,0,0.0,0.0,10,,,384.1,1.0,0.0,0.0,0.0
test3.csv,Dr_Q3,0.02,10,3,0.3,0.3,7,131.0,144,140.7,0.7785491690957596,0.002306305056530485,0.002306305056530485,0.002306305056530485
test3.csv,PairError-Q3,0.02,10,0,0.0,0.0,10,,,384.1,1.0,0.0,0.0,0.0
test3.csv,PCA-SPE,0.02,10,3,0.3,0.3,7,23.0,28,165.4,0.7455802469135803,0.0,0.0,0.0
test3.csv,GCAD-prediction_s10,0.02,10,3,0.3,0.3,7,38.0,83,311.0,0.7539691829643462,0.04530273927564069,0.04530273927564069,0.04530273927564069
test3.csv,GCAD-dependency_s10,0.02,10,6,0.6,0.6,4,44.5,71,263.8,0.5212192772594471,0.008254166017754245,0.008254166017754245,0.008254166017754245
test3.csv,GCAD-prediction_s11,0.02,10,5,0.5,0.5,5,88.0,947,208.6,0.6880416867169379,0.0507189949644396,0.0507189949644396,0.0507189949644396
test3.csv,GCAD-dependency_s11,0.02,10,6,0.6,0.6,4,44.0,71,263.3,0.517080405126871,0.014051116994583744,0.014051116994583744,0.014051116994583744
test3.csv,GCAD-prediction_s12,0.02,10,4,0.4,0.4,6,41.5,85,306.3,0.7024694197247228,0.011732336603851944,0.011732336603851944,0.011732336603851944
test3.csv,GCAD-dependency_s12,0.02,10,6,0.6,0.6,4,42.5,71,262.8,0.5151901045186169,0.007769644742078943,0.007769644742078943,0.007769644742078943
test4.csv,S_Q3,0.02,24,4,0.16666666666666666,0.16666666666666666,20,38.0,44,175.91666666666666,0.904964314036479,0.0,0.0,0.0
test4.csv,Jr_Q3,0.02,24,4,0.16666666666666666,0.16666666666666666,20,38.0,44,175.91666666666666,0.904964314036479,0.0,0.0,0.0
test4.csv,Dr_Q3,0.02,24,10,0.4166666666666667,0.4166666666666667,14,43.0,87,133.79166666666666,0.7156291376514387,0.02083604001559049,0.02083604001559049,0.02083604001559049
test4.csv,PairError-Q3,0.02,24,4,0.16666666666666666,0.16666666666666666,20,38.0,44,175.91666666666666,0.904964314036479,0.0,0.0,0.0
test4.csv,PCA-SPE,0.02,24,10,0.4166666666666667,0.4166666666666667,14,30.5,43,148.95833333333334,0.6971592641965952,0.0,0.0,0.0
test4.csv,GCAD-prediction_s10,0.02,24,9,0.375,0.375,15,36.0,178,118.91666666666667,0.7291698478674912,0.04797167556531391,0.04797167556531391,0.04797167556531391
test4.csv,GCAD-dependency_s10,0.02,24,13,0.5416666666666666,0.5416666666666666,11,42.0,77,100.16666666666667,0.6169132633972322,0.007794080711675727,0.007794080711675727,0.007794080711675727
test4.csv,GCAD-prediction_s11,0.02,24,12,0.5,0.5,12,35.5,68,113.45833333333333,0.6455198440587756,0.027335996175877238,0.027335996175877238,0.027335996175877238
test4.csv,GCAD-dependency_s11,0.02,24,12,0.5,0.5,12,39.0,86,104.75,0.6456063832292905,0.01375711959295778,0.01375711959295778,0.01375711959295778
test4.csv,GCAD-prediction_s12,0.02,24,9,0.375,0.375,15,43.0,115,133.54166666666666,0.7618859321864884,0.010159851572184369,0.010159851572184369,0.010159851572184369
test4.csv,GCAD-dependency_s12,0.02,24,13,0.5416666666666666,0.5416666666666666,11,42.0,72,99.45833333333333,0.6093770396225856,0.005768591961240247,0.005768591961240247,0.005768591961240247
