method,alpha,omitted,events,detected,recall
S_Q3,0.005,test1.csv,27,0,0.0
S_Q3,0.005,test2.csv,17,0,0.0
S_Q3,0.005,test3.csv,24,0,0.0
Jr_Q3,0.005,test1.csv,27,0,0.0
Jr_Q3,0.005,test2.csv,17,0,0.0
Jr_Q3,0.005,test3.csv,24,0,0.0
Dr_Q3,0.005,test1.csv,27,3,0.1111111111111111
Dr_Q3,0.005,test2.csv,17,3,0.17647058823529413
Dr_Q3,0.005,test3.csv,24,0,0.0
PairError-Q3,0.005,test1.csv,27,0,0.0
PairError-Q3,0.005,test2.csv,17,0,0.0
PairError-Q3,0.005,test3.csv,24,0,0.0
PCA-SPE,0.005,test1.csv,27,9,0.3333333333333333
PCA-SPE,0.005,test2.csv,17,4,0.23529411764705882
PCA-SPE,0.005,test3.csv,24,7,0.2916666666666667
GCAD-prediction_s10,0.005,test1.csv,27,5,0.18518518518518517
GCAD-prediction_s10,0.005,test2.csv,17,4,0.23529411764705882
GCAD-prediction_s10,0.005,test3.csv,24,3,0.125
GCAD-dependency_s10,0.005,test1.csv,27,6,0.2222222222222222
GCAD-dependency_s10,0.005,test2.csv,17,6,0.35294117647058826
GCAD-dependency_s10,0.005,test3.csv,24,4,0.16666666666666666
GCAD-prediction_s11,0.005,test1.csv,27,3,0.1111111111111111
GCAD-prediction_s11,0.005,test2.csv,17,4,0.23529411764705882
GCAD-prediction_s11,0.005,test3.csv,24,1,0.041666666666666664
GCAD-dependency_s11,0.005,test1.csv,27,5,0.18518518518518517
GCAD-dependency_s11,0.005,test2.csv,17,4,0.23529411764705882
GCAD-dependency_s11,0.005,test3.csv,24,3,0.125
GCAD-prediction_s12,0.005,test1.csv,27,4,0.14814814814814814
GCAD-prediction_s12,0.005,test2.csv,17,4,0.23529411764705882
GCAD-prediction_s12,0.005,test3.csv,24,2,0.08333333333333333
GCAD-dependency_s12,0.005,test1.csv,27,4,0.14814814814814814
GCAD-dependency_s12,0.005,test2.csv,17,4,0.23529411764705882
GCAD-dependency_s12,0.005,test3.csv,24,2,0.08333333333333333
S_Q3,0.01,test1.csv,27,0,0.0
S_Q3,0.01,test2.csv,17,0,0.0
S_Q3,0.01,test3.csv,24,0,0.0
Jr_Q3,0.01,test1.csv,27,0,0.0
Jr_Q3,0.01,test2.csv,17,0,0.0
Jr_Q3,0.01,test3.csv,24,0,0.0
Dr_Q3,0.01,test1.csv,27,4,0.14814814814814814
Dr_Q3,0.01,test2.csv,17,3,0.17647058823529413
Dr_Q3,0.01,test3.csv,24,1,0.041666666666666664
PairError-Q3,0.01,test1.csv,27,0,0.0
PairError-Q3,0.01,test2.csv,17,0,0.0
PairError-Q3,0.01,test3.csv,24,0,0.0
PCA-SPE,0.01,test1.csv,27,9,0.3333333333333333
PCA-SPE,0.01,test2.csv,17,4,0.23529411764705882
PCA-SPE,0.01,test3.csv,24,7,0.2916666666666667
GCAD-prediction_s10,0.01,test1.csv,27,5,0.18518518518518517
GCAD-prediction_s10,0.01,test2.csv,17,4,0.23529411764705882
GCAD-prediction_s10,0.01,test3.csv,24,3,0.125
GCAD-dependency_s10,0.01,test1.csv,27,8,0.2962962962962963
GCAD-dependency_s10,0.01,test2.csv,17,8,0.47058823529411764
GCAD-dependency_s10,0.01,test3.csv,24,6,0.25
GCAD-prediction_s11,0.01,test1.csv,27,9,0.3333333333333333
GCAD-prediction_s11,0.01,test2.csv,17,7,0.4117647058823529
GCAD-prediction_s11,0.01,test3.csv,24,6,0.25
GCAD-dependency_s11,0.01,test1.csv,27,7,0.25925925925925924
GCAD-dependency_s11,0.01,test2.csv,17,6,0.35294117647058826
GCAD-dependency_s11,0.01,test3.csv,24,5,0.20833333333333334
GCAD-prediction_s12,0.01,test1.csv,27,5,0.18518518518518517
GCAD-prediction_s12,0.01,test2.csv,17,4,0.23529411764705882
GCAD-prediction_s12,0.01,test3.csv,24,3,0.125
GCAD-dependency_s12,0.01,test1.csv,27,8,0.2962962962962963
GCAD-dependency_s12,0.01,test2.csv,17,8,0.47058823529411764
GCAD-dependency_s12,0.01,test3.csv,24,6,0.25
S_Q3,0.02,test1.csv,27,0,0.0
S_Q3,0.02,test2.csv,17,0,0.0
S_Q3,0.02,test3.csv,24,0,0.0
Jr_Q3,0.02,test1.csv,27,0,0.0
Jr_Q3,0.02,test2.csv,17,0,0.0
Jr_Q3,0.02,test3.csv,24,0,0.0
Dr_Q3,0.02,test1.csv,27,6,0.2222222222222222
Dr_Q3,0.02,test2.csv,17,3,0.17647058823529413
Dr_Q3,0.02,test3.csv,24,3,0.125
PairError-Q3,0.02,test1.csv,27,0,0.0
PairError-Q3,0.02,test2.csv,17,0,0.0
PairError-Q3,0.02,test3.csv,24,0,0.0
PCA-SPE,0.02,test1.csv,27,9,0.3333333333333333
PCA-SPE,0.02,test2.csv,17,4,0.23529411764705882
PCA-SPE,0.02,test3.csv,24,7,0.2916666666666667
GCAD-prediction_s10,0.02,test1.csv,27,6,0.2222222222222222
GCAD-prediction_s10,0.02,test2.csv,17,6,0.35294117647058826
GCAD-prediction_s10,0.02,test3.csv,24,6,0.25
GCAD-dependency_s10,0.02,test1.csv,27,12,0.4444444444444444
GCAD-dependency_s10,0.02,test2.csv,17,9,0.5294117647058824
GCAD-dependency_s10,0.02,test3.csv,24,9,0.375
GCAD-prediction_s11,0.02,test1.csv,27,10,0.37037037037037035
GCAD-prediction_s11,0.02,test2.csv,17,8,0.47058823529411764
GCAD-prediction_s11,0.02,test3.csv,24,8,0.3333333333333333
GCAD-dependency_s11,0.02,test1.csv,27,11,0.4074074074074074
GCAD-dependency_s11,0.02,test2.csv,17,9,0.5294117647058824
GCAD-dependency_s11,0.02,test3.csv,24,8,0.3333333333333333
GCAD-prediction_s12,0.02,test1.csv,27,6,0.2222222222222222
GCAD-prediction_s12,0.02,test2.csv,17,6,0.35294117647058826
GCAD-prediction_s12,0.02,test3.csv,24,4,0.16666666666666666
GCAD-dependency_s12,0.02,test1.csv,27,12,0.4444444444444444
GCAD-dependency_s12,0.02,test2.csv,17,9,0.5294117647058824
GCAD-dependency_s12,0.02,test3.csv,24,9,0.375
