channel,eligible,stage,file,target,es,ej,gain,relative_gain,positive_block_fraction,blocks
P2_VIBTR04,True,pooled_model,train1.csv,62,0.47297811230526643,0.04812358122468654,0.42485453108057963,0.898254105268983,1.0,26
P2_VT01,True,pooled_model,train1.csv,63,0.5927415698869947,0.12634941885172482,0.46639215103527687,0.7868389442032788,1.0,26
P3_PIT01,True,pooled_model,train1.csv,74,0.032554305936407374,0.030836118926114,0.001718187010312773,0.05277910128599069,0.9615384615384616,26
P2_VIBTR04,True,pooled_model,train3.csv,62,0.6718576780441847,0.035450049710495736,0.6364076283337169,0.9472357749729602,1.0,35
P2_VT01,True,pooled_model,train3.csv,63,1.0508022266459873,0.15182941017735518,0.8989728164686329,0.8555109550329252,1.0,35
P3_PIT01,True,pooled_model,train3.csv,74,0.03202594272349807,0.030101510011191823,0.0019244327122983692,0.060089806845447666,0.9714285714285714,35
P2_VIBTR04,True,pooled_model,train4.csv,62,4.063157215371448,1.0958294027685347,2.9673278126029063,0.7303010086287388,1.0,24
P2_VT01,True,pooled_model,train4.csv,63,1.1942230495452233,0.20005697266228475,0.994166076882946,0.8324793908989935,1.0,24
P3_PIT01,True,pooled_model,train4.csv,74,0.04241126806114979,0.03944861388018488,0.00296265418095228,0.06985535487127241,0.9583333333333334,24
P2_VIBTR04,True,pooled_model,train5.csv,62,1.5042108612665757,0.36611420185659643,1.1380966594099924,0.7566071278409013,1.0,66
P2_VT01,True,pooled_model,train5.csv,63,1.1930684968157894,0.4124743861187537,0.7805941106970675,0.6542743461757768,0.9545454545454546,66
P3_PIT01,True,pooled_model,train5.csv,74,0.034717569536390665,0.03042888357483506,0.004288685961568402,0.12353070848099079,1.0,66
P2_VIBTR04,True,pooled_model,train2.csv,62,17.274706437686135,5.203026021729741,12.0716804159564,0.6988066893930583,1.0,56
P2_VT01,True,pooled_model,train2.csv,63,6.834171578218181,1.4076601371033763,5.426511441114868,0.7940262223456904,1.0,56
P3_PIT01,True,pooled_model,train2.csv,74,0.032221981973926464,0.028210014819635386,0.0040119671543006425,0.1245102538244564,1.0,56
P2_VIBTR04,True,pooled_model,train6.csv,62,2.0622249758266453,0.530052482553497,1.5321724932731287,0.7429705833423705,1.0,72
P2_VT01,True,pooled_model,train6.csv,63,1.188533539819021,0.2080597215413578,0.9804738182776594,0.8249441731589308,1.0,72
P3_PIT01,True,pooled_model,train6.csv,74,0.03294522680446925,0.026152813638863726,0.006792413165635396,0.20617290650170778,1.0,72
