file,role,event_id,start,length,S_Q3,Jr_Q3,Dr_Q3,PairError-Q3,PCA-SPE,GCAD-prediction_s10,GCAD-dependency_s10,GCAD-prediction_s11,GCAD-dependency_s11,GCAD-prediction_s12,GCAD-dependency_s12
test1.csv,confirmation_cohort_posthoc,test1_A01,20481,191,miss,miss,miss,miss,miss,miss,miss,miss,miss,miss,miss
test1.csv,confirmation_cohort_posthoc,test1_A02,26351,55,miss,miss,miss,miss,miss,miss,detected_delay_10s,detected_delay_13s,detected_delay_11s,miss,detected_delay_11s
test1.csv,confirmation_cohort_posthoc,test1_A03,41112,127,miss,miss,miss,miss,miss,miss,detected_delay_76s,miss,miss,miss,detected_delay_76s
test1.csv,confirmation_cohort_posthoc,test1_A04,56351,55,miss,miss,miss,miss,detected_delay_24s,miss,miss,miss,miss,miss,miss
test1.csv,confirmation_cohort_posthoc,test1_A05,60136,297,miss,miss,miss,miss,miss,detected_delay_83s,detected_delay_83s,detected_delay_89s,detected_delay_83s,detected_delay_85s,detected_delay_83s
test1.csv,confirmation_cohort_posthoc,test1_A06,69675,92,miss,miss,miss,miss,miss,miss,miss,miss,miss,miss,miss
test1.csv,confirmation_cohort_posthoc,test1_A07,81319,68,miss,miss,miss,miss,miss,miss,miss,miss,miss,miss,miss
test2.csv,confirmation_cohort_posthoc,test2_A01,2283,258,miss,miss,miss,miss,miss,miss,miss,detected_delay_205s,miss,miss,miss
test2.csv,confirmation_cohort_posthoc,test2_A02,4862,66,miss,miss,miss,miss,miss,miss,miss,miss,miss,miss,miss
test2.csv,confirmation_cohort_posthoc,test2_A03,7983,46,miss,miss,miss,miss,detected_delay_12s,miss,miss,miss,miss,miss,miss
test2.csv,confirmation_cohort_posthoc,test2_A04,16085,249,miss,miss,miss,miss,miss,miss,miss,miss,miss,miss,miss
test2.csv,confirmation_cohort_posthoc,test2_A05,18606,56,miss,miss,miss,miss,detected_delay_22s,miss,miss,miss,miss,miss,miss
test2.csv,confirmation_cohort_posthoc,test2_A06,21486,177,miss,miss,miss,miss,detected_delay_28s,miss,miss,miss,miss,miss,miss
test2.csv,confirmation_cohort_posthoc,test2_A07,27613,285,miss,miss,miss,miss,miss,detected_delay_76s,detected_delay_75s,detected_delay_81s,detected_delay_76s,detected_delay_77s,detected_delay_76s
test2.csv,confirmation_cohort_posthoc,test2_A08,33307,153,miss,miss,miss,miss,detected_delay_26s,miss,miss,miss,miss,miss,miss
test2.csv,confirmation_cohort_posthoc,test2_A09,34806,163,miss,miss,miss,miss,miss,miss,miss,miss,miss,miss,miss
test2.csv,confirmation_cohort_posthoc,test2_A10,41006,98,miss,miss,miss,miss,detected_delay_12s,miss,miss,miss,miss,miss,miss
test2.csv,confirmation_cohort_posthoc,test2_A11,55274,152,miss,miss,miss,miss,miss,detected_delay_13s,detected_delay_12s,detected_delay_12s,detected_delay_10s,detected_delay_11s,detected_delay_12s
test2.csv,confirmation_cohort_posthoc,test2_A12,58271,56,miss,miss,miss,miss,miss,miss,miss,miss,miss,miss,miss
test2.csv,confirmation_cohort_posthoc,test2_A13,66914,81,miss,miss,miss,miss,miss,miss,miss,detected_delay_24s,miss,miss,miss
test2.csv,confirmation_cohort_posthoc,test2_A14,69796,614,miss,miss,detected_delay_64s,miss,detected_delay_72s,pre_alarm_only,pre_alarm_only,pre_alarm_only,pre_alarm_only,miss,miss
test2.csv,confirmation_cohort_posthoc,test2_A15,73032,169,miss,miss,miss,miss,miss,miss,detected_delay_46s,miss,detected_delay_50s,miss,detected_delay_40s
test2.csv,confirmation_cohort_posthoc,test2_A16,78734,159,miss,miss,miss,miss,miss,miss,miss,miss,miss,miss,miss
test2.csv,confirmation_cohort_posthoc,test2_A17,81062,99,miss,miss,miss,miss,miss,miss,miss,miss,miss,miss,miss
test3.csv,confirmation_cohort_posthoc,test3_A01,2468,349,miss,miss,miss,miss,miss,miss,detected_delay_79s,detected_delay_348s,miss,miss,detected_delay_79s
test3.csv,confirmation_cohort_posthoc,test3_A02,9362,359,miss,miss,detected_delay_145s,miss,miss,detected_delay_83s,detected_delay_83s,detected_delay_89s,detected_delay_83s,detected_delay_85s,detected_delay_83s
test3.csv,confirmation_cohort_posthoc,test3_A03,20520,144,miss,miss,miss,miss,detected_delay_28s,miss,miss,miss,miss,miss,miss
test3.csv,confirmation_cohort_posthoc,test3_A04,28866,92,miss,miss,miss,miss,detected_delay_24s,miss,miss,miss,miss,miss,miss
test3.csv,confirmation_cohort_posthoc,test3_A05,30549,95,miss,miss,miss,miss,miss,miss,detected_delay_13s,detected_delay_23s,detected_delay_12s,miss,detected_delay_12s
test3.csv,confirmation_cohort_posthoc,test3_A06,35829,354,miss,miss,detected_delay_134s,miss,miss,detected_delay_38s,detected_delay_38s,detected_delay_40s,detected_delay_38s,detected_delay_38s,detected_delay_38s
test3.csv,confirmation_cohort_posthoc,test3_A07,42909,152,miss,miss,miss,miss,miss,miss,miss,miss,miss,miss,miss
test3.csv,confirmation_cohort_posthoc,test3_A08,47586,174,miss,miss,miss,miss,miss,detected_delay_35s,detected_delay_35s,detected_delay_41s,detected_delay_35s,detected_delay_37s,detected_delay_35s
test3.csv,confirmation_cohort_posthoc,test3_A09,50529,97,miss,miss,miss,miss,miss,miss,miss,miss,miss,miss,miss
test3.csv,confirmation_cohort_posthoc,test3_A10,58331,2025,miss,miss,detected_delay_29s,miss,detected_delay_23s,miss,miss,miss,miss,miss,miss
test4.csv,development,test4_A01,2521,39,miss,miss,detected_delay_13s,miss,detected_delay_3s,detected_delay_3s,detected_delay_4s,detected_delay_3s,detected_delay_4s,detected_delay_4s,detected_delay_4s
test4.csv,development,test4_A02,4802,89,miss,miss,miss,miss,miss,miss,miss,miss,miss,miss,miss
test4.csv,development,test4_A03,7021,97,detected_delay_42s,detected_delay_42s,detected_delay_42s,detected_delay_42s,detected_delay_41s,detected_delay_43s,detected_delay_43s,detected_delay_43s,detected_delay_43s,detected_delay_43s,detected_delay_43s
test4.csv,development,test4_A04,11280,98,miss,miss,miss,miss,detected_delay_27s,miss,miss,miss,miss,miss,miss
test4.csv,development,test4_A05,14871,506,miss,miss,miss,miss,miss,miss,miss,miss,miss,miss,miss
test4.csv,development,test4_A06,19322,187,miss,miss,miss,miss,miss,miss,miss,miss,miss,miss,miss
test4.csv,development,test4_A07,27907,123,miss,miss,miss,miss,miss,miss,miss,miss,miss,miss,miss
test4.csv,development,test4_A08,30546,674,miss,miss,detected_delay_89s,miss,miss,detected_delay_36s,detected_delay_36s,detected_delay_40s,detected_delay_36s,detected_delay_37s,detected_delay_36s
test4.csv,development,test4_A09,38468,64,miss,miss,detected_delay_50s,miss,miss,miss,detected_delay_12s,detected_delay_12s,detected_delay_9s,miss,detected_delay_8s
test4.csv,development,test4_A10,47227,180,miss,miss,detected_delay_73s,miss,detected_delay_30s,miss,miss,miss,miss,miss,miss
test4.csv,development,test4_A11,56107,100,detected_delay_44s,detected_delay_44s,detected_delay_44s,detected_delay_44s,detected_delay_43s,detected_delay_44s,detected_delay_44s,detected_delay_44s,detected_delay_44s,detected_delay_44s,detected_delay_44s
test4.csv,development,test4_A12,57734,157,miss,miss,miss,miss,miss,miss,miss,miss,miss,miss,miss
test4.csv,development,test4_A13,61152,154,miss,miss,detected_delay_59s,miss,detected_delay_29s,detected_delay_57s,detected_delay_57s,miss,miss,detected_delay_55s,detected_delay_55s
test4.csv,development,test4_A14,69611,78,detected_delay_32s,detected_delay_32s,detected_delay_32s,detected_delay_32s,detected_delay_31s,detected_delay_32s,detected_delay_32s,detected_delay_32s,detected_delay_32s,detected_delay_32s,detected_delay_32s
test4.csv,development,test4_A15,76631,78,detected_delay_34s,detected_delay_34s,detected_delay_34s,detected_delay_34s,detected_delay_32s,detected_delay_33s,detected_delay_33s,detected_delay_33s,detected_delay_33s,detected_delay_33s,detected_delay_33s
test4.csv,development,test4_A16,81589,135,miss,miss,miss,miss,miss,miss,miss,miss,miss,miss,miss
test4.csv,development,test4_A17,84152,545,miss,miss,miss,miss,miss,miss,detected_delay_543s,detected_delay_47s,miss,miss,miss
test4.csv,development,test4_A18,91389,343,miss,miss,miss,miss,miss,detected_delay_113s,detected_delay_113s,miss,miss,detected_delay_115s,detected_delay_113s
test4.csv,development,test4_A19,97146,164,miss,miss,detected_delay_74s,miss,miss,miss,miss,miss,miss,miss,miss
test4.csv,development,test4_A20,100622,90,miss,miss,miss,miss,miss,miss,detected_delay_12s,detected_delay_60s,detected_delay_18s,miss,detected_delay_10s
test4.csv,development,test4_A21,106447,153,miss,miss,miss,miss,detected_delay_26s,miss,miss,miss,miss,miss,miss
test4.csv,development,test4_A22,115686,166,miss,miss,miss,miss,detected_delay_35s,miss,miss,miss,miss,miss,miss
test4.csv,development,test4_A23,123436,116,miss,miss,miss,miss,miss,miss,miss,miss,miss,miss,miss
test4.csv,development,test4_A24,126315,87,miss,miss,miss,miss,miss,miss,miss,miss,miss,miss,miss
