target,channel,q5,q3,cross_min_relative_gain,cross_min_positive_block_fraction,pooled_fit_min_relative_gain,pooled_fit_min_positive_block_fraction
0,P1_B2004,False,False,-31.22768601126344,0.02857142857142857,-0.062094162331862726,0.37142857142857144
1,P1_B2016,False,False,-0.13555411398625167,0.19230769230769232,0.02340185148191514,0.5769230769230769
2,P1_B3004,False,False,-0.17613402048695356,0.05714285714285714,-0.0005873397224919124,0.4857142857142857
3,P1_B3005,False,False,-4.058058221052442,0.02857142857142857,-0.0343987054092786,0.46153846153846156
4,P1_B4002,False,False,-0.01969028775525013,0.0,-0.05750204845628925,0.08571428571428572
5,P1_B4005,False,False,-0.1763861592889491,0.34615384615384615,0.05362267681417199,0.5769230769230769
6,P1_B400B,False,False,-0.34001194851192534,0.08571428571428572,-0.06992593454138674,0.02857142857142857
7,P1_B4022,False,False,-1.5011040619048024,0.0,-0.3374248255150472,0.0
8,P1_FCV01D,False,False,0.011876305515549112,0.5142857142857142,0.0007079378430225435,0.4857142857142857
9,P1_FCV01Z,False,False,-1.6368867879237234,0.0,0.061803376978244805,0.8076923076923077
10,P1_FCV02D,False,False,-2.352538050149319,0.4857142857142857,-0.11222189209435286,0.11428571428571428
11,P1_FCV02Z,False,False,0.0020226357769456394,0.4857142857142857,-0.013849037875744196,0.08571428571428572
12,P1_FCV03D,False,False,-0.15383835153678577,0.23076923076923078,-0.0015667770370603536,0.4230769230769231
13,P1_FCV03Z,False,False,-0.6330276136897873,0.34615384615384615,0.048602705794642216,0.5384615384615384
14,P1_FT01,False,False,-0.5608091958354215,0.4857142857142857,0.05536886121468774,0.5769230769230769
15,P1_FT01Z,False,False,-0.8641861858355991,0.14285714285714285,0.17577338823689082,0.9230769230769231
16,P1_FT02,False,False,-3.7211770827394464,0.0,0.05098185520891883,0.5384615384615384
17,P1_FT02Z,False,False,-0.32793679977116824,0.6,0.1829719241663533,0.8076923076923077
18,P1_FT03,False,False,0.004770795954935733,0.5384615384615384,0.00977315904741257,0.7142857142857143
19,P1_FT03Z,False,False,-3.275156926536492,0.11428571428571428,0.10346937494947732,0.7307692307692307
20,P1_LCV01D,False,False,-0.8101193333258111,0.4857142857142857,0.028775745123133738,0.5428571428571428
21,P1_LCV01Z,True,False,0.13906303788977395,0.7714285714285715,0.003537977151142843,0.7428571428571429
22,P1_LIT01,False,False,-1.765749112605477,0.42857142857142855,0.024954585829963776,0.5428571428571428
23,P1_PCV01D,False,False,-0.3392095016320712,0.4857142857142857,-0.026071594876610083,0.2857142857142857
24,P1_PCV01Z,False,False,-0.24909613263291958,0.2857142857142857,0.021627931386781436,0.8846153846153846
25,P1_PCV02D,False,False,-7.772041639158283e-14,0.0,-9.983870549418105e-13,0.0
26,P1_PCV02Z,False,False,-2.102514163875009,0.0,-0.27702902231574655,0.0
27,P1_PIT01,False,False,-0.5783713891975641,0.4857142857142857,0.00966953012283705,0.6538461538461539
28,P1_PIT01_HH,False,False,9.686902199564513e-13,0.0,-5.509347798718079e-14,0.0
29,P1_PIT02,False,False,-1.196977842358662,0.2,0.002664665561406885,0.45714285714285713
30,P1_PP01AD,False,False,2.2053938659745733e-13,0.0,-1.1824931368672313e-13,0.0
31,P1_PP01AR,False,False,5.477361605386864e-13,0.0,-2.2438538017609629e-13,0.0
32,P1_PP01BD,False,False,-2.1651381810751326e-12,0.0,-5.6627043259796146e-14,0.0
33,P1_PP01BR,False,False,-7.46118355973706e-14,0.0,-2.751652494131717e-14,0.0
34,P1_PP02D,False,False,1.628042912913625e-12,0.0,-2.204732164451688e-13,0.0
35,P1_PP02R,False,False,9.451439193716567e-13,0.0,-4.676833395086269e-14,0.0
36,P1_PP04,False,False,-1.2213697402427672,0.08571428571428572,-0.06659118429060348,0.11428571428571428
37,P1_PP04SP,False,False,-3.559354211588606e-10,0.0,-0.0032655155261605145,0.6153846153846154
38,P1_SOL01D,False,False,2.0533093684140214e-12,0.0,-4.518968331149706e-14,0.0
39,P1_SOL03D,False,False,3.6107672582011796e-13,0.0,-2.3435441093527294e-13,0.0
40,P1_STSP,False,False,3.847974996410026e-13,0.0,-2.3543025336337825e-13,0.0
41,P1_TIT01,False,False,-1.115136877898327,0.3076923076923077,0.06660685100311421,0.2
42,P1_TIT02,False,False,0.02276871849714576,0.4857142857142857,-0.037414958635461064,0.17142857142857143
43,P1_TIT03,False,False,-0.6013311325274817,0.0,-0.022973075153780068,0.34615384615384615
44,P2_24Vdc,False,False,-21.614964364128745,0.0,-0.006754224920806576,0.4857142857142857
45,P2_ATSW_Lamp,False,False,-2.452756047184297e-12,0.0,-1.0360136803488477e-13,0.0
46,P2_AutoGO,False,False,-1.2634535076041371e-11,0.0,-2.27048260551965e-13,0.0
47,P2_AutoSD,False,False,-0.22111188493890518,0.07692307692307693,0.0015958493684163722,0.5769230769230769
48,P2_Emerg,False,False,2.1000954039264633e-12,0.0,-1.5515826142244223e-13,0.0
49,P2_MASW,False,False,-7.917654926493062e-12,0.0,-2.4015683370567876e-13,0.0
50,P2_MASW_Lamp,False,False,3.085494691116506e-11,0.0,-4.125573410812885e-13,0.0
51,P2_ManualGO,False,False,7.943496666365183e-12,0.0,-5.4403843837954486e-14,0.0
52,P2_ManualSD,False,False,-2.308519536240001e-11,0.0,0.2992711686528317,0.6857142857142857
53,P2_OnOff,False,False,-7.880470527309836e-14,0.0,-8.657187489052452e-14,0.0
54,P2_RTR,False,False,6.4176923058411e-13,0.0,-1.698878110931805e-13,0.0
55,P2_SCO,False,False,-82.709336720751,0.42857142857142855,-0.03263043284738895,0.2571428571428571
56,P2_SCST,False,False,-2.004063662742055,0.0,-0.0412932028781869,0.0
57,P2_SIT01,False,False,-20.10561118672242,0.0,-0.09806899525211203,0.3076923076923077
58,P2_TripEx,False,False,-1.4708488862066903e-12,0.0,-2.771725684800206e-14,0.0
59,P2_VIBTR01,False,False,0.23642067418632773,0.5714285714285714,0.9831860928177693,1.0
60,P2_VIBTR02,False,False,-4.402146213462916,0.0,0.6917972121113177,1.0
61,P2_VIBTR03,False,False,-1.827580019037836,0.17142857142857143,0.8954648251968933,1.0
62,P2_VIBTR04,True,True,0.32294219821795506,0.6857142857142857,0.898254105268983,1.0
63,P2_VT01,True,True,0.20052796842120618,0.7428571428571429,0.7868389442032788,1.0
64,P2_VTR01,False,False,-2.7275559397727143e-13,0.0,-1.6599314896981017e-13,0.0
65,P2_VTR02,False,False,-8.440287272358726e-13,0.0,-3.463877626465359e-14,0.0
66,P2_VTR03,False,False,3.3849503914415585e-13,0.0,-5.165248589987287e-14,0.0
67,P2_VTR04,False,False,-6.49826569000747e-13,0.0,-2.506948114389411e-13,0.0
68,P3_FIT01,False,False,-0.6743445581546996,0.05714285714285714,0.1330072914728351,1.0
69,P3_LCP01D,False,False,-0.12583913137486905,0.22857142857142856,0.003025329332585712,0.6153846153846154
70,P3_LCV01D,False,False,0.0028144464070987076,0.5142857142857142,0.007624467821363152,0.9615384615384616
71,P3_LH01,False,False,-1.689983961577118e-13,0.0,-1.9391030772719408e-14,0.0
72,P3_LIT01,False,False,0.0441619362648799,0.8285714285714286,-0.012637684671502232,0.15384615384615385
73,P3_LL01,False,False,-3.2183131300924813e-12,0.0,-9.291883404839442e-15,0.0
74,P3_PIT01,True,True,0.06470301777019767,0.8461538461538461,0.05277910128599069,0.9615384615384616
75,P4_HT_FD,False,False,-0.9839604327618784,0.0,0.15186330161662992,1.0
76,P4_HT_PO,False,False,0.0487621312149559,0.5142857142857142,0.043560039947232496,1.0
77,P4_HT_PS,False,False,-0.041584629956648404,0.0,-0.0059975188114898895,0.45714285714285713
78,P4_LD,False,False,-0.29078089709119537,0.4857142857142857,0.054568389751469555,1.0
79,P4_ST_FD,False,False,-4.326837889257257,0.0,0.10783689359168812,1.0
80,P4_ST_GOV,False,False,-0.09412204015900784,0.5428571428571428,0.16812182187935268,1.0
81,P4_ST_LD,False,False,-0.14012808664559984,0.5428571428571428,0.1212986547739918,0.8857142857142857
82,P4_ST_PO,True,False,0.056762802933915855,0.6857142857142857,0.02575692653427118,0.9142857142857143
83,P4_ST_PS,False,False,-0.3866870368272819,0.4857142857142857,-0.050088028393454796,0.4857142857142857
84,P4_ST_PT01,False,False,-1.015688255509375,0.0,0.12533839087500548,0.9428571428571428
85,P4_ST_TT01,False,False,-0.9124184858887064,0.0,-0.018462103566328086,0.2857142857142857
